description,effective_domain_size,goshv,intersection_size,intersections,name,native,p_value,parents,precision,query,query_size,recall,significant,source,term_size,source_order,group_id,neg_log10_p,gene_ratio
Endometrial cancer,8716,39218,10,"[['KEGG'], [], [], [], [], [], ['KEGG'], ['KEGG'], ['KEGG'], [], ['KEGG'], ['KEGG'], ['KEGG'], ['KEGG'], ['KEGG'], [], ['KEGG'], []]",Endometrial cancer,KEGG:05213,2.5291385972023393e-16,['KEGG:00000'],0.5555555555555556,query_1,18,0.1694915254237288,True,KEGG,59,480,31,15.597027370595933,0.5555555555555556
Central carbon metabolism in cancer,8716,39232,10,"[[], [], [], [], [], [], ['KEGG'], ['KEGG'], [], [], ['KEGG'], ['KEGG'], ['KEGG'], ['KEGG'], ['KEGG'], ['KEGG'], ['KEGG'], ['KEGG']]",Central carbon metabolism in cancer,KEGG:05230,1.840067527154153e-15,['KEGG:00000'],0.5555555555555556,query_1,18,0.14084507042253522,True,KEGG,71,494,32,14.735166238875081,0.5555555555555556
Pathways in cancer,8716,39207,14,"[['KEGG'], ['KEGG'], [], ['KEGG'], [], [], ['KEGG'], ['KEGG'], ['KEGG'], [], ['KEGG'], ['KEGG'], ['KEGG'], ['KEGG'], ['KEGG'], ['KEGG'], ['KEGG'], ['KEGG']]",Pathways in cancer,KEGG:05200,1.3011928388594764e-12,['KEGG:00000'],0.7777777777777778,query_1,18,0.026415094339622643,True,KEGG,530,469,33,11.885658335531877,0.7777777777777778
Colorectal cancer,8716,39215,9,"[['KEGG'], ['KEGG'], [], ['KEGG'], [], [], ['KEGG'], ['KEGG'], [], [], ['KEGG'], [], ['KEGG'], ['KEGG'], [], [], ['KEGG'], []]",Colorectal cancer,KEGG:05210,1.934962376652292e-12,['KEGG:00000'],0.5,query_1,18,0.10344827586206896,True,KEGG,87,477,34,11.713327474971248,0.5
Gastric cancer,8716,39231,10,"[['KEGG'], [], [], [], [], [], ['KEGG'], ['KEGG'], ['KEGG'], [], ['KEGG'], [], ['KEGG'], ['KEGG'], ['KEGG'], ['KEGG'], ['KEGG'], []]",Gastric cancer,KEGG:05226,4.36014477089201e-12,['KEGG:00000'],0.5555555555555556,query_1,18,0.06666666666666667,True,KEGG,150,493,35,11.36049909051221,0.5555555555555556
Melanoma,8716,39223,8,"[[], [], [], [], [], [], ['KEGG'], ['KEGG'], ['KEGG'], [], ['KEGG'], ['KEGG'], ['KEGG'], [], [], ['KEGG'], ['KEGG'], []]",Melanoma,KEGG:05218,4.4436700526226054e-11,['KEGG:00000'],0.4444444444444444,query_1,18,0.1095890410958904,True,KEGG,73,485,36,10.352258195375875,0.4444444444444444
"""A process which begins when a cell receives an internal or external signal and activates a series of biochemical events (signaling pathway). The process ends with the death of the cell."" [GOC:lr, GOC:mtg_apoptosis]",20972,14479,15,"[['IEA'], ['ISS', 'IEA'], [], ['ISS', 'IEA'], ['IDA'], ['IMP'], ['IDA', 'IMP', 'IGI', 'ISS', 'TAS', 'IEA'], ['IEA'], [], [], ['IMP', 'NAS', 'IEA'], ['IEA'], ['IDA', 'IMP', 'ISS', 'TAS', 'NAS', 'IEA'], ['IDA', 'ISS', 'TAS'], ['IBA'], ['IMP'], ['IMP', 'IBA'], ['IEA']]",programmed cell death,GO:0012501,5.668685380525243e-11,['GO:0008219'],0.8823529411764706,query_1,17,0.007660878447395302,True,GO:BP,1958,4356,19,10.246517646253604,0.8823529411764706
"""Any biological process that results in permanent cessation of all vital functions of a cell. A cell should be considered dead when any one of the following molecular or morphological criteria is met: (1) the cell has lost the integrity of its plasma membrane; (2) the cell, including its nucleus, has undergone complete fragmentation into discrete bodies (frequently referred to as apoptotic bodies). The cell corpse (or its fragments) may be engulfed by an adjacent cell in vivo, but engulfment of whole cells should not be considered a strict criteria to define cell death as, under some circumstances, live engulfed cells can be released from phagosomes (see PMID:18045538)."" [GOC:mah, GOC:mtg_apoptosis, PMID:25236395]",20972,13129,15,"[['IEA'], ['ISS', 'IEA'], [], ['ISS', 'IEA'], ['IDA'], ['IMP'], ['IDA', 'IMP', 'IGI', 'ISS', 'TAS', 'IEA'], ['IEA'], [], [], ['IMP', 'NAS', 'IEA'], ['IEA'], ['IDA', 'IMP', 'ISS', 'TAS', 'NAS', 'IEA'], ['IDA', 'ISS', 'TAS'], ['IBA'], ['IMP'], ['IMP', 'IBA'], ['IEA']]",cell death,GO:0008219,5.843252241096458e-11,['GO:0009987'],0.8823529411764706,query_1,17,0.00764525993883792,True,GO:BP,1962,3006,19,10.233345365691818,0.8823529411764706
Breast cancer,8716,39229,9,"[[], [], [], [], [], [], ['KEGG'], ['KEGG'], [], [], ['KEGG'], ['KEGG'], ['KEGG'], ['KEGG'], ['KEGG'], [], ['KEGG'], ['KEGG']]",Breast cancer,KEGG:05224,2.6096638402584284e-10,['KEGG:00000'],0.5,query_1,18,0.060810810810810814,True,KEGG,148,491,37,9.583415432019299,0.5
"""Any process that activates, maintains or increases the rate of a response to a stimulus. Response to stimulus is a change in state or activity of a cell or an organism (in terms of movement, secretion, enzyme production, gene expression, etc.) as a result of a stimulus."" [GOC:jid]",20972,22129,15,"[['IEA'], [], ['IEA'], ['IEA'], ['IDA'], ['IMP', 'IBA'], ['IMP', 'ISS'], ['IEA'], [], [], ['IGI', 'TAS', 'NAS'], ['IMP', 'ISS'], ['IDA', 'IEA'], ['IDA'], ['IDA', 'ISS', 'IBA', 'IEA'], ['IMP'], ['IDA', 'IMP', 'IBA'], ['IMP', 'IBA', 'TAS', 'IEA']]",positive regulation of response to stimulus,GO:0048584,7.026290134717977e-10,"['GO:0048518', 'GO:0048583', 'GO:0050896']",0.8823529411764706,query_1,17,0.00646551724137931,True,GO:BP,2320,12006,19,9.153273920967923,0.8823529411764706
"""Any complex formed of proteins that act in mismatch repair."" [GOC:mah]",22155,35928,4,"[['IBA', 'IEA'], ['IDA', 'IPI', 'IBA', 'IEA'], ['IBA', 'IEA'], ['IDA', 'IPI', 'IBA', 'IEA'], [], [], [], [], [], [], [], [], [], [], [], [], [], []]",mismatch repair complex,GO:0032300,3.246974486557024e-09,"['GO:0005622', 'GO:0032991']",0.2222222222222222,query_1,18,0.5,True,GO:CC,8,1259,15,8.488521123875087,0.2222222222222222
"""A change in morphology and behavior of a lymphocyte resulting from exposure to a specific antigen, mitogen, cytokine, chemokine, cellular ligand, or soluble factor."" [GOC:mgi_curators, ISBN:0781735149]",20972,21571,11,"[['IEA'], ['ISS', 'IEA'], ['IEA'], ['ISS', 'IEA'], ['IDA', 'IMP', 'IBA', 'TAS', 'IEA'], ['IDA', 'IMP', 'IBA', 'IEA'], ['IEA'], [], [], [], ['TAS'], [], ['TAS'], [], ['IEA'], [], [], ['ISS', 'IBA', 'IEA']]",lymphocyte activation,GO:0046649,3.981745801655217e-09,['GO:0045321'],0.6470588235294118,query_1,17,0.013563501849568433,True,GO:BP,811,11448,19,8.399926469186132,0.6470588235294118
Non-small cell lung cancer,8716,39228,7,"[[], [], [], [], [], [], ['KEGG'], ['KEGG'], [], [], ['KEGG'], [], ['KEGG'], [], ['KEGG'], ['KEGG'], ['KEGG'], []]",Non-small cell lung cancer,KEGG:05223,4.236376613808127e-09,['KEGG:00000'],0.3888888888888889,query_1,18,0.0958904109589041,True,KEGG,73,490,38,8.373005438076317,0.3888888888888889
Platinum drug resistance,8716,38941,7,"[['KEGG'], ['KEGG'], [], ['KEGG'], [], [], ['KEGG'], [], [], [], ['KEGG'], [], ['KEGG'], [], ['KEGG'], [], [], []]",Platinum drug resistance,KEGG:01524,4.673783085994494e-09,['KEGG:00000'],0.3888888888888889,query_1,18,0.0945945945945946,True,KEGG,74,203,39,8.330331447429812,0.3888888888888889
Diseases of Mismatch Repair (MMR),11056,40122,4,"[['REAC'], ['REAC'], ['REAC'], ['REAC'], [], [], [], [], [], [], [], [], [], [], [], [], [], []]",Diseases of Mismatch Repair (MMR),REAC:R-HSA-5423599,7.873200981050366e-09,['REAC:R-HSA-9675135'],0.2222222222222222,query_1,18,0.8,True,REAC,5,798,98,8.103848662079248,0.2222222222222222
EGFR tyrosine kinase inhibitor resistance,8716,38938,7,"[[], [], [], [], [], [], [], ['KEGG'], [], [], ['KEGG'], ['KEGG'], ['KEGG'], [], ['KEGG'], ['KEGG'], ['KEGG'], []]",EGFR tyrosine kinase inhibitor resistance,KEGG:01521,8.19554141464227e-09,['KEGG:00000'],0.3888888888888889,query_1,18,0.0875,True,KEGG,80,200,40,8.086422350742087,0.3888888888888889
Bladder cancer,8716,39224,6,"[[], [], [], [], [], [], ['KEGG'], ['KEGG'], ['KEGG'], [], [], [], [], ['KEGG'], ['KEGG'], [], ['KEGG'], []]",Bladder cancer,KEGG:05219,8.759519541950787e-09,['KEGG:00000'],0.3333333333333333,query_1,18,0.14634146341463414,True,KEGG,41,486,41,8.057519714151775,0.3333333333333333
Disease,11056,40109,16,"[['REAC'], ['REAC'], ['REAC'], ['REAC'], [], [], ['REAC'], ['REAC'], ['REAC'], ['REAC'], ['REAC'], ['REAC'], ['REAC'], ['REAC'], ['REAC'], ['REAC'], ['REAC'], ['REAC']]",Disease,REAC:R-HSA-1643685,1.2279463952300052e-08,['REAC:0000000'],0.8888888888888888,query_1,18,0.008658008658008658,True,REAC,1848,785,98,7.910820591471678,0.8888888888888888
"""Any process that modulates the frequency, rate or extent of a multicellular organismal process, the processes pertinent to the function of a multicellular organism above the cellular level; includes the integrated processes of tissues and organs."" [GOC:ai, GOC:dph, GOC:tb]",20972,22814,15,"[['IEA'], [], ['IEA'], ['IEA'], ['IDA', 'IMP', 'IBA', 'TAS', 'IEA'], ['IDA', 'IMP', 'IBA', 'IEA'], ['IEA'], ['IEA'], ['IEA'], [], ['TAS', 'IEA'], ['IMP', 'ISS'], ['TAS', 'IEA'], ['IMP', 'ISS'], ['NAS', 'IEA'], [], ['IMP'], ['IDA', 'ISS', 'IEA']]",regulation of multicellular organismal process,GO:0051239,2.1350046162621664e-08,"['GO:0032501', 'GO:0050789']",0.8823529411764706,query_1,17,0.005131713992473486,True,GO:BP,2923,12691,19,7.670601181615529,0.8823529411764706
PI3K-Akt signaling pathway,8716,39032,10,"[[], [], [], [], [], [], ['KEGG'], ['KEGG'], [], [], ['KEGG'], ['KEGG'], ['KEGG'], ['KEGG'], ['KEGG'], ['KEGG'], ['KEGG'], ['KEGG']]",PI3K-Akt signaling pathway,KEGG:04151,2.618934969461521e-08,['KEGG:00000'],0.5555555555555556,query_1,18,0.027932960893854747,True,KEGG,358,294,42,7.581875285368069,0.5555555555555556
PI3K/AKT Signaling in Cancer,11056,41067,7,"[[], [], [], [], [], [], [], [], [], [], ['REAC'], ['REAC'], ['REAC'], [], ['REAC'], ['REAC'], ['REAC'], ['REAC']]",PI3K/AKT Signaling in Cancer,REAC:R-HSA-2219528,2.812755943141299e-08,['REAC:R-HSA-5663202'],0.3888888888888889,query_1,18,0.07291666666666667,True,REAC,96,1743,98,7.550867949009788,0.3888888888888889
"""A change in morphology and behavior of a leukocyte resulting from exposure to a specific antigen, mitogen, cytokine, cellular ligand, or soluble factor."" [GOC:add]",20972,20710,11,"[['IEA'], ['ISS', 'IEA'], ['IEA'], ['ISS', 'IEA'], ['IDA', 'IMP', 'IBA', 'TAS', 'IEA'], ['IDA', 'IMP', 'IBA', 'IEA'], ['IEA'], [], [], [], ['TAS'], [], ['TAS'], [], ['IEA'], [], [], ['IMP', 'ISS', 'IBA', 'IEA']]",leukocyte activation,GO:0045321,2.920629348164149e-08,"['GO:0001775', 'GO:0002376']",0.6470588235294118,query_1,17,0.011282051282051283,True,GO:BP,975,10587,19,7.53452355506374,0.6470588235294118
Hepatocellular carcinoma,8716,39230,8,"[[], [], [], [], [], [], ['KEGG'], ['KEGG'], [], [], ['KEGG'], ['KEGG'], ['KEGG'], ['KEGG'], [], ['KEGG'], ['KEGG'], []]",Hepatocellular carcinoma,KEGG:05225,4.176251033801437e-08,['KEGG:00000'],0.4444444444444444,query_1,18,0.047337278106508875,True,KEGG,169,492,43,7.3792134038472685,0.4444444444444444
"""Binding to a mismatch repair complex."" [GOC:vk]",20208,4138,4,"[['IDA'], ['IDA'], ['IDA'], ['IDA'], [], [], [], [], [], [], [], [], [], [], [], [], [], []]",mismatch repair complex binding,GO:0032404,4.2095724024583384e-08,['GO:0044877'],0.2222222222222222,query_1,18,0.36363636363636365,True,GO:MF,11,4138,5,7.375762016440847,0.2222222222222222
Negative regulation of the PI3K/AKT network,11056,40968,7,"[[], [], [], [], [], [], [], [], [], [], ['REAC'], ['REAC'], ['REAC'], [], ['REAC'], ['REAC'], ['REAC'], ['REAC']]",Negative regulation of the PI3K/AKT network,REAC:R-HSA-199418,4.9780749989429506e-08,['REAC:R-HSA-1257604'],0.3888888888888889,query_1,18,0.0673076923076923,True,REAC,104,1644,97,7.302938564661594,0.3888888888888889
"""Any process that modulates the frequency, rate or extent of development, the biological process whose specific outcome is the progression of a multicellular organism over time from an initial condition (e.g. a zygote, or a young adult) to a later condition (e.g. a multicellular animal or an aged adult)."" [GOC:go_curators]",20972,22523,14,"[['IEA'], [], ['IEA'], ['IEA'], [], ['IDA', 'IBA'], ['IEA'], ['IEA'], ['IEA'], [], ['IEA'], ['IDA', 'IMP', 'ISS', 'IEA'], ['IMP', 'TAS', 'IEA'], ['IMP', 'ISS'], ['NAS', 'IEA'], [], ['IMP'], ['IDA', 'ISS', 'IEA']]",regulation of developmental process,GO:0050793,5.4366474801520574e-08,"['GO:0032502', 'GO:0050789']",0.8235294117647058,query_1,17,0.005758946935417524,True,GO:BP,2431,12400,19,7.264668826348692,0.8235294117647058
Prostate cancer,8716,39220,7,"[[], [], [], [], [], [], ['KEGG'], ['KEGG'], [], [], ['KEGG'], ['KEGG'], ['KEGG'], [], ['KEGG'], [], ['KEGG'], []]",Prostate cancer,KEGG:05215,6.107720030144446e-08,['KEGG:00000'],0.3888888888888889,query_1,18,0.0660377358490566,True,KEGG,106,482,44,7.21412087864739,0.3888888888888889
"""A programmed cell death process which begins when a cell receives an internal (e.g. DNA damage) or external signal (e.g. an extracellular death ligand), and proceeds through a series of biochemical events (signaling pathway phase) which trigger an execution phase. The execution phase is the last step of an apoptotic process, and is typically characterized by rounding-up of the cell, retraction of pseudopodes, reduction of cellular volume (pyknosis), chromatin condensation, nuclear fragmentation (karyorrhexis), plasma membrane blebbing and fragmentation of the cell into apoptotic bodies. When the execution phase is completed, the cell has died."" [GOC:cjm, GOC:dhl, GOC:ecd, GOC:go_curators, GOC:mtg_apoptosis, GOC:tb, ISBN:0198506732, PMID:18846107, PMID:21494263]",20972,12556,13,"[['IEA'], ['ISS', 'IEA'], [], ['ISS', 'IEA'], ['IDA'], ['IMP'], ['IDA', 'IMP', 'IGI', 'ISS', 'TAS', 'IEA'], ['IEA'], [], [], ['IMP', 'NAS', 'IEA'], ['IEA'], ['IDA', 'IMP', 'ISS', 'TAS', 'NAS', 'IEA'], ['IDA', 'ISS', 'TAS'], ['IBA'], [], ['IMP', 'IBA'], []]",apoptotic process,GO:0006915,6.500323870225206e-08,['GO:0012501'],0.7647058823529411,query_1,17,0.00684931506849315,True,GO:BP,1898,2433,19,7.18706500465751,0.7647058823529411
"""Any process that results in a change in state or activity of a cell or an organism (in terms of movement, secretion, enzyme production, gene expression, etc.) as a result of a light stimulus, electromagnetic radiation of wavelengths classified as infrared, visible or ultraviolet light."" [GOC:go_curators, ISBN:0582227089]",20972,13447,8,"[[], ['ISS', 'IEA'], [], ['ISS', 'IEA'], [], [], ['IDA', 'ISS', 'IEA'], ['IEA'], [], [], [], [], ['IDA'], ['IEP'], [], [], ['IDA'], ['IEA']]",response to light stimulus,GO:0009416,8.332624429303776e-08,['GO:0009314'],0.47058823529411764,query_1,17,0.025078369905956112,True,GO:BP,319,3324,19,7.07921819239212,0.47058823529411764
"""Any process that modulates the frequency, rate or extent of programmed cell death, cell death resulting from activation of endogenous cellular processes."" [GOC:jl]",20972,19973,12,"[[], [], [], ['ISS', 'IEA'], ['IDA'], ['IMP'], ['IDA', 'IMP', 'IGI', 'ISS', 'IEA'], ['IEA'], [], [], ['IMP', 'NAS', 'IEA'], [], ['IDA', 'IMP', 'ISS', 'TAS', 'NAS', 'IEA'], ['IDA', 'ISS'], ['IBA'], ['IMP'], ['IMP', 'IBA'], ['IEA']]",regulation of programmed cell death,GO:0043067,8.602182858087614e-08,"['GO:0012501', 'GO:0050794']",0.7058823529411765,query_1,17,0.0081799591002045,True,GO:BP,1467,9850,19,7.065391329810948,0.7058823529411765
"""Any process that increases the rate, frequency or extent of the chemical reactions and pathways resulting in the formation of a macromolecule, any molecule of high relative molecular mass, the structure of which essentially comprises the multiple repetition of units derived, actually or conceptually, from molecules of low relative molecular mass."" [GOC:dph, GOC:tb]",20972,14147,14,"[['IEA'], [], ['IEA'], ['IEA'], ['IDA', 'IEA'], [], ['IDA', 'IMP', 'IGI', 'ISS', 'IEA'], ['IMP', 'IEA'], ['IDA'], [], [], ['IMP'], ['IDA', 'IMP', 'ISS', 'NAS', 'IEA'], ['IDA', 'IMP', 'IGI', 'ISS', 'NAS'], ['IMP', 'IEA'], ['IDA'], ['IDA', 'IMP'], ['IDA', 'ISS', 'IEA']]",positive regulation of macromolecule biosynthetic process,GO:0010557,9.793654765571311e-08,"['GO:0009059', 'GO:0009891', 'GO:0010556', 'GO:0010604']",0.8235294117647058,query_1,17,0.005516154452324665,True,GO:BP,2538,4024,19,7.009055209287573,0.8235294117647058
Diseases of signal transduction by growth factor receptors and second messengers,11056,40135,10,"[[], [], [], [], [], [], ['REAC'], ['REAC'], [], [], ['REAC'], ['REAC'], ['REAC'], ['REAC'], ['REAC'], ['REAC'], ['REAC'], ['REAC']]",Diseases of signal transduction by growth factor receptors and second messengers,REAC:R-HSA-5663202,1.1576361217406565e-07,['REAC:R-HSA-1643685'],0.5555555555555556,query_1,18,0.022271714922048998,True,REAC,449,811,98,6.93642793037909,0.5555555555555556
"""A multicellular organismal process by which exposure to an activating factor such as a cellular or soluble ligand results in a change in the morphology or behavior of a cell."" [GOC:mgi_curators]",20972,10550,11,"[['IEA'], ['ISS', 'IEA'], ['IEA'], ['ISS', 'IEA'], ['IDA', 'IMP', 'IBA', 'TAS', 'IEA'], ['IDA', 'IMP', 'IBA', 'IEA'], ['IEA'], [], [], [], ['TAS'], [], ['TAS'], [], ['IEA'], [], [], ['IMP', 'ISS', 'IBA', 'IEA']]",cell activation,GO:0001775,1.337257901303805e-07,"['GO:0009987', 'GO:0032501']",0.6470588235294118,query_1,17,0.009795191451469279,True,GO:BP,1123,427,19,6.873784827358909,0.6470588235294118
"""Any process that activates or increases the frequency, rate or extent of the chemical reactions and pathways resulting in the formation of substances."" [GOC:go_curators]",20972,13713,14,"[['IEA'], [], ['IEA'], ['IEA'], ['IDA', 'IEA'], [], ['IDA', 'IMP', 'IGI', 'ISS', 'IEA'], ['IMP', 'IEA'], ['IDA'], [], [], ['IMP'], ['IDA', 'IMP', 'ISS', 'NAS', 'IEA'], ['IDA', 'IMP', 'IGI', 'ISS', 'NAS'], ['IMP', 'IEA'], ['IDA'], ['IDA', 'IMP'], ['IDA', 'ISS', 'IEA']]",positive regulation of biosynthetic process,GO:0009891,1.720478411048298e-07,"['GO:0009058', 'GO:0009889', 'GO:0009893']",0.8235294117647058,query_1,17,0.005293005671077505,True,GO:BP,2645,3590,19,6.764350772634112,0.8235294117647058
"""Binding to a double-stranded DNA region containing a G/T mispair."" [GOC:vk]",20208,4111,3,"[['IEA'], ['IDA', 'IEA'], [], ['IDA', 'IMP', 'IEA'], [], [], [], [], [], [], [], [], [], [], [], [], [], []]",guanine/thymine mispair binding,GO:0032137,1.7249537027814315e-07,['GO:0030983'],0.16666666666666666,query_1,18,1.0,True,GO:MF,3,4111,4,6.7632225567625195,0.16666666666666666
"""Binding to a double-stranded DNA region containing one or more mismatches."" [GOC:mah]",20208,3794,4,"[['IEA'], ['IDA', 'IBA', 'IEA'], ['IDA', 'IEA'], ['IDA', 'IMP', 'IEA'], [], [], [], [], [], [], [], [], [], [], [], [], [], []]",mismatched DNA binding,GO:0030983,1.737373858564726e-07,['GO:0003690'],0.2222222222222222,query_1,18,0.26666666666666666,True,GO:MF,15,3794,4,6.7601067173956695,0.2222222222222222
Proteoglycans in cancer,8716,39211,8,"[[], [], [], [], [], [], ['KEGG'], ['KEGG'], [], [], ['KEGG'], [], ['KEGG'], ['KEGG'], ['KEGG'], ['KEGG'], ['KEGG'], []]",Proteoglycans in cancer,KEGG:05205,1.8691593713690486e-07,['KEGG:00000'],0.4444444444444444,query_1,18,0.0392156862745098,True,KEGG,204,473,45,6.728353667505415,0.4444444444444444
"""The series of molecular signals initiated by a ligand binding to an insulin-like growth factor receptor on the surface of a target cell, and ending with the regulation of a downstream cellular process, e.g. transcription."" [GOC:ceb]",20972,21744,6,"[[], [], [], [], [], [], [], [], [], [], ['IEA'], [], ['IMP', 'IEA'], [], ['IEA'], ['IEA'], ['IEA'], ['IEA']]",insulin-like growth factor receptor signaling pathway,GO:0048009,1.8714667040632946e-07,['GO:0007169'],0.35294117647058826,query_1,17,0.0594059405940594,True,GO:BP,101,11621,19,6.727817895170031,0.35294117647058826
"""Mutations occurring somatically that result in amino acid changes in the rearranged V regions of immunoglobulins."" [GOC:add, ISBN:0781735149, PMID:11205330, PMID:11205333, PMID:14975236, PMID:7813007]",20972,15096,4,"[['IBA', 'IEA'], ['ISS', 'IEA'], ['IBA', 'IEA'], ['IEA'], [], [], [], [], [], [], [], [], [], [], [], [], [], []]",somatic hypermutation of immunoglobulin genes,GO:0016446,3.0917964409545437e-07,"['GO:0002566', 'GO:0016445']",0.23529411764705882,query_1,17,0.3076923076923077,True,GO:BP,13,4973,19,6.509789107082409,0.23529411764705882
"""Any process that results in a change in state or activity of a cell (in terms of movement, secretion, enzyme production, gene expression, etc.) as a result of a vascular endothelial growth factor stimulus."" [GOC:BHF, GOC:rl, PMID:18440775]",20972,18857,6,"[[], [], [], [], [], [], [], [], [], [], ['IGI'], [], ['IEA'], [], ['IEA'], ['IEA'], ['IEA'], ['IEA']]",cellular response to vascular endothelial growth factor stimulus,GO:0035924,3.7107957441762663e-07,['GO:0071363'],0.35294117647058826,query_1,17,0.05309734513274336,True,GO:BP,113,8734,19,6.430532950156333,0.35294117647058826
"""Any process that stops, prevents, or reduces the frequency, rate or extent of programmed cell death, cell death resulting from activation of endogenous cellular processes."" [GOC:jl]",20972,19975,10,"[[], [], [], ['ISS', 'IEA'], [], [], ['IDA', 'IMP', 'IGI', 'IEA'], ['IEA'], [], [], ['IMP', 'NAS', 'IEA'], [], ['IDA', 'IMP', 'ISS', 'TAS', 'NAS', 'IEA'], ['ISS'], ['IBA'], ['IMP'], ['IMP', 'IBA'], ['IEA']]",negative regulation of programmed cell death,GO:0043069,3.804042665064926e-07,"['GO:0012501', 'GO:0043067', 'GO:0048523']",0.5882352941176471,query_1,17,0.011273957158962795,True,GO:BP,887,9852,19,6.419754620783426,0.5882352941176471
"""A molecule that recognises toxic DNA structures, and initiates a signaling response, driven by ATP hydrolysis."" [PMID:33302090, PMID:33510387]",20208,9393,4,"[['IEA'], ['IEA'], ['IEA'], ['IEA'], [], [], [], [], [], [], [], [], [], [], [], [], [], []]",ATP-dependent DNA damage sensor activity,GO:0140664,3.8882972001061376e-07,"['GO:0008094', 'GO:0140612']",0.2222222222222222,query_1,18,0.2222222222222222,True,GO:MF,18,9393,3,6.4102405473894875,0.2222222222222222
Glioma,8716,39219,6,"[[], [], [], [], [], [], ['KEGG'], ['KEGG'], [], [], ['KEGG'], ['KEGG'], ['KEGG'], [], [], [], ['KEGG'], []]",Glioma,KEGG:05214,4.085757727268956e-07,['KEGG:00000'],0.3333333333333333,query_1,18,0.07894736842105263,True,KEGG,76,481,46,6.388727389252687,0.3333333333333333
"""The process in which immune receptor genes are diversified through somatic mutation."" [ISBN:0781735149, PMID:16102575]",20972,11164,4,"[['IBA', 'IEA'], ['ISS', 'IEA'], ['IBA', 'IEA'], ['IEA'], [], [], [], [], [], [], [], [], [], [], [], [], [], []]",somatic diversification of immune receptors via somatic mutation,GO:0002566,4.3263677322093905e-07,['GO:0002200'],0.23529411764705882,query_1,17,0.2857142857142857,True,GO:BP,14,1041,19,6.363876569205317,0.23529411764705882
Pancreatic cancer,8716,39217,6,"[[], [], [], [], [], [], ['KEGG'], ['KEGG'], [], [], ['KEGG'], [], ['KEGG'], [], ['KEGG'], [], ['KEGG'], []]",Pancreatic cancer,KEGG:05212,4.4257725894262177e-07,['KEGG:00000'],0.3333333333333333,query_1,18,0.07792207792207792,True,KEGG,77,479,47,6.354010905296845,0.3333333333333333
Generic Transcription Pathway,11056,40417,13,"[['REAC'], [], ['REAC'], ['REAC'], [], ['REAC'], ['REAC'], ['REAC'], [], [], [], ['REAC'], ['REAC'], ['REAC'], ['REAC'], ['REAC'], ['REAC'], ['REAC']]",Generic Transcription Pathway,REAC:R-HSA-212436,6.114794648161278e-07,['REAC:R-HSA-73857'],0.7222222222222222,query_1,18,0.010560519902518278,True,REAC,1231,1093,99,6.213618123201351,0.7222222222222222
"""A molecular function regulator regulates the activity of its target via non-covalent binding that does not result in covalent modification to the target. Examples of molecular function regulators include regulatory subunits of multimeric enzymes and channels. Mechanisms of regulation include allosteric changes in the target and competitive inhibition."" [GOC:dos, GOC:pt]",20208,8415,13,"[['IEA'], ['IEA'], ['IEA'], ['IEA'], ['IDA'], [], ['EXP', 'IPI', 'IEA'], ['IEA'], [], [], ['IEA'], ['ISS'], ['IDA', 'IMP', 'ISS', 'TAS'], ['IEP'], [], ['EXP'], ['IDA'], []]",molecular function regulator activity,GO:0098772,6.200114118616897e-07,['GO:0003674'],0.7222222222222222,query_1,18,0.005736981465136805,True,GO:MF,2266,8415,3,6.207600316851829,0.7222222222222222
"""Binding to a double-stranded DNA region containing a single base insertion or deletion."" [GOC:vk]",20208,4112,3,"[[], ['IDA'], ['IDA'], ['IDA'], [], [], [], [], [], [], [], [], [], [], [], [], [], []]",single base insertion or deletion binding,GO:0032138,6.895973043413518e-07,['GO:0032135'],0.16666666666666666,query_1,18,0.75,True,GO:MF,4,4112,4,6.161404444851505,0.16666666666666666
"""The biological process whose specific outcome is the progression of a multicellular organism over time from an initial condition (e.g. a zygote or a young adult) to a later condition (e.g. a multicellular animal or an aged adult)."" [GOC:dph, GOC:ems, GOC:isa_complete, GOC:tb]",20972,12789,16,"[['IBA', 'IEA'], ['ISS', 'IEA'], ['IBA', 'IEA'], ['ISS', 'IBA', 'IEA'], [], ['IDA', 'IBA'], ['IMP', 'IEA'], ['IEA'], ['IBA', 'IEA'], [], ['TAS', 'IEA'], ['ISS', 'IEA'], ['IMP', 'ISS', 'TAS', 'IEA'], ['IMP', 'ISS'], ['IBA', 'NAS', 'IEA'], ['IMP', 'IBA'], ['IMP', 'IBA', 'IEA'], ['IDA', 'IEP', 'ISS', 'IEA']]",multicellular organism development,GO:0007275,7.577064043622479e-07,"['GO:0032501', 'GO:0048856']",0.9411764705882353,query_1,17,0.003411513859275053,True,GO:BP,4690,2666,19,6.120499041947576,0.9411764705882353
ErbB signaling pathway,8716,38990,6,"[[], [], [], [], [], [], [], ['KEGG'], [], [], ['KEGG'], [], ['KEGG'], ['KEGG'], ['KEGG'], [], ['KEGG'], []]",ErbB signaling pathway,KEGG:04012,8.086732107278656e-07,['KEGG:00000'],0.3333333333333333,query_1,18,0.07058823529411765,True,KEGG,85,252,48,6.092226943714868,0.3333333333333333
PIP3 activates AKT signaling,11056,41072,8,"[[], [], [], [], [], [], ['REAC'], [], [], [], ['REAC'], ['REAC'], ['REAC'], [], ['REAC'], ['REAC'], ['REAC'], ['REAC']]",PIP3 activates AKT signaling,REAC:R-HSA-1257604,8.771667556168538e-07,['REAC:R-HSA-9006925'],0.4444444444444444,query_1,18,0.0311284046692607,True,REAC,257,1748,97,6.056917836326191,0.4444444444444444
"""Any process that results in a change in state or activity of a cell or an organism (in terms of movement, secretion, enzyme production, gene expression, etc.) as a result of an electromagnetic radiation stimulus. Electromagnetic radiation is a propagating wave in space with electric and magnetic components. These components oscillate at right angles to each other and to the direction of propagation."" [GOC:jl, Wikipedia:Electromagnetic_radiation]",20972,13427,8,"[[], ['ISS', 'IEA'], [], ['ISS', 'IEA'], [], [], ['IDA', 'IMP', 'ISS', 'IEA'], ['IEA'], [], [], [], [], ['IDA'], ['IEP'], [], [], ['IDA'], ['IEA']]",response to radiation,GO:0009314,9.235047385675161e-07,['GO:0009628'],0.47058823529411764,query_1,17,0.018518518518518517,True,GO:BP,432,3304,19,6.034560871822609,0.47058823529411764
"""A molecule that recognises toxic DNA structures, for example, double-strand breaks or collapsed replication forks, and initiates a signaling response."" [PMID:31995034]",20208,9372,4,"[['IEA'], ['IEA'], ['IEA'], ['IEA'], [], [], [], [], [], [], [], [], [], [], [], [], [], []]",DNA damage sensor activity,GO:0140612,9.27446405075662e-07,['GO:0140299'],0.2222222222222222,query_1,18,0.18181818181818182,True,GO:MF,22,9372,3,6.032711177834121,0.2222222222222222
PD-L1 expression and PD-1 checkpoint pathway in cancer,8716,39234,6,"[[], [], [], [], ['KEGG'], [], [], ['KEGG'], [], [], ['KEGG'], ['KEGG'], ['KEGG'], [], [], [], ['KEGG'], []]",PD-L1 expression and PD-1 checkpoint pathway in cancer,KEGG:05235,1.14440067298927e-06,['KEGG:00000'],0.3333333333333333,query_1,18,0.06666666666666667,True,KEGG,90,496,49,5.941421895470549,0.3333333333333333
"""Any process that results in a change in state or activity of a cell (in terms of movement, secretion, enzyme production, gene expression, etc.) as a result of a stimulus indicating the organism is under stress. The stress is usually, but not necessarily, exogenous (e.g. temperature, humidity, ionizing radiation)."" [GOC:mah]",20972,17852,12,"[['IGI', 'IBA', 'TAS', 'IEA'], ['IDA', 'IMP', 'IGI', 'ISS', 'IBA', 'IEA'], ['IDA', 'IMP', 'IBA', 'TAS', 'IEA'], ['IDA', 'IGI', 'IBA', 'IEA'], [], ['IMP'], ['IDA', 'IMP', 'IEP', 'ISS', 'IEA'], [], [], [], ['ISS', 'IEA'], ['ISS'], ['IMP', 'ISS', 'TAS', 'IEA'], ['IDA', 'ISS'], [], ['IMP'], ['IDA'], []]",cellular response to stress,GO:0033554,1.3318633599042643e-06,"['GO:0006950', 'GO:0051716']",0.7058823529411765,query_1,17,0.00646551724137931,True,GO:BP,1856,7729,19,5.875540328531727,0.7058823529411765
Mismatch repair (MMR) directed by MSH2:MSH6 (MutSalpha),11056,40846,4,"[['REAC'], ['REAC'], ['REAC'], ['REAC'], [], [], [], [], [], [], [], [], [], [], [], [], [], []]",Mismatch repair (MMR) directed by MSH2:MSH6 (MutSalpha),REAC:R-HSA-5358565,1.5618947128151372e-06,['REAC:R-HSA-5358508'],0.2222222222222222,query_1,18,0.2857142857142857,True,REAC,14,1522,100,5.806348245224754,0.2222222222222222
Endocrine resistance,8716,38939,6,"[[], [], [], [], [], [], ['KEGG'], ['KEGG'], [], [], ['KEGG'], [], ['KEGG'], [], ['KEGG'], [], ['KEGG'], []]",Endocrine resistance,KEGG:01522,1.6918502944100115e-06,['KEGG:00000'],0.3333333333333333,query_1,18,0.0625,True,KEGG,96,201,50,5.771638068713121,0.3333333333333333
"""Any process that increases the frequency, rate or extent of the chemical reactions and pathways involving macromolecules, any molecule of high relative molecular mass, the structure of which essentially comprises the multiple repetition of units derived, actually or conceptually, from molecules of low relative molecular mass."" [GOC:dph, GOC:tb]",20972,14188,14,"[['IEA'], [], ['IEA'], ['IEA'], ['IDA', 'IEA'], [], ['IDA', 'IMP', 'IGI', 'ISS', 'IEA'], ['IMP', 'IEA'], ['IDA'], [], [], ['IDA', 'IMP'], ['IDA', 'IMP', 'ISS', 'NAS', 'IEA'], ['IDA', 'IMP', 'IGI', 'ISS', 'NAS'], ['IDA', 'IMP', 'IEA'], ['IDA'], ['IDA', 'IMP'], ['IDA', 'IMP', 'ISS', 'IEA']]",positive regulation of macromolecule metabolic process,GO:0010604,1.8646723214527457e-06,"['GO:0009893', 'GO:0043170', 'GO:0060255']",0.8235294117647058,query_1,17,0.004441624365482234,True,GO:BP,3152,4065,19,5.729397475645183,0.8235294117647058
RNA Polymerase II Transcription,11056,41287,13,"[['REAC'], [], ['REAC'], ['REAC'], [], ['REAC'], ['REAC'], ['REAC'], [], [], [], ['REAC'], ['REAC'], ['REAC'], ['REAC'], ['REAC'], ['REAC'], ['REAC']]",RNA Polymerase II Transcription,REAC:R-HSA-73857,1.9656817424695164e-06,['REAC:R-HSA-74160'],0.7222222222222222,query_1,18,0.009615384615384616,True,REAC,1352,1963,99,5.706486796106068,0.7222222222222222
"""Any process that results in a change in state or activity of a cell or an organism (in terms of movement, secretion, enzyme production, gene expression, etc.) as a result of a disturbance in organismal or cellular homeostasis, usually, but not necessarily, exogenous (e.g. temperature, humidity, ionizing radiation)."" [GOC:mah]",20972,12574,15,"[['IGI', 'IBA', 'TAS', 'IEA'], ['IDA', 'IMP', 'IGI', 'ISS', 'IBA', 'IEA'], ['IDA', 'IMP', 'IBA', 'TAS', 'IEA'], ['IDA', 'IGI', 'IBA', 'IEA'], ['IDA'], ['IMP'], ['IDA', 'IMP', 'IEP', 'ISS', 'IEA'], [], [], [], ['ISS', 'TAS', 'IEA'], ['IMP', 'ISS'], ['IDA', 'IMP', 'ISS', 'TAS', 'IEA'], ['IDA', 'ISS'], ['IDA'], ['IMP'], ['IDA'], ['ISS', 'IEA']]",response to stress,GO:0006950,2.0055350828492345e-06,['GO:0050896'],0.8823529411764706,query_1,17,0.0037650602409638554,True,GO:BP,3984,2451,19,5.6977697364973094,0.8823529411764706
"""Any process that modulates the frequency, rate or extent of a response to a stimulus. Response to stimulus is a change in state or activity of a cell or an organism (in terms of movement, secretion, enzyme production, gene expression, etc.) as a result of a stimulus."" [GOC:jid]",20972,22128,15,"[['IEA'], [], ['IEA'], ['IEA'], ['IDA', 'IMP'], ['IMP', 'IBA'], ['IMP', 'ISS', 'IEA'], ['IEA'], [], [], ['IGI', 'TAS', 'NAS'], ['IDA', 'IMP', 'ISS', 'IBA', 'TAS', 'NAS'], ['IDA', 'IMP', 'ISS', 'TAS', 'NAS', 'IEA'], ['IDA', 'ISS'], ['IDA', 'IMP', 'ISS', 'IBA', 'IEA'], ['IDA', 'IMP'], ['IDA', 'IMP', 'IBA', 'TAS', 'IEA'], ['IDA', 'IMP', 'IBA', 'TAS', 'IEA']]",regulation of response to stimulus,GO:0048583,2.0726738002362226e-06,"['GO:0050789', 'GO:0050896']",0.8823529411764706,query_1,17,0.003756574004507889,True,GO:BP,3993,12005,19,5.683469042288513,0.8823529411764706
"""The change in morphology and behavior of a mature or immature B cell resulting from exposure to a mitogen, cytokine, chemokine, cellular ligand, or an antigen for which it is specific."" [GOC:mgi_curators, ISBN:0781735149]",20972,19455,7,"[['IEA'], ['ISS', 'IEA'], ['IEA'], ['ISS', 'IEA'], [], ['IMP'], ['IEA'], [], [], [], [], [], [], [], [], [], [], ['ISS', 'IBA', 'IEA']]",B cell activation,GO:0042113,2.074516758046214e-06,['GO:0046649'],0.4117647058823529,query_1,17,0.024475524475524476,True,GO:BP,286,9332,19,5.683083052569112,0.4117647058823529
Mismatch Repair,11056,40844,4,"[['REAC'], ['REAC'], ['REAC'], ['REAC'], [], [], [], [], [], [], [], [], [], [], [], [], [], []]",Mismatch Repair,REAC:R-HSA-5358508,2.1276973351862394e-06,['REAC:R-HSA-73894'],0.2222222222222222,query_1,18,0.26666666666666666,True,REAC,15,1520,100,5.672090150346495,0.2222222222222222
"PI5P, PP2A and IER3 Regulate PI3K/AKT Signaling",11056,41070,6,"[[], [], [], [], [], [], [], [], [], [], ['REAC'], [], ['REAC'], [], ['REAC'], ['REAC'], ['REAC'], ['REAC']]","PI5P, PP2A and IER3 Regulate PI3K/AKT Signaling",REAC:R-HSA-6811558,2.1319635945474827e-06,['REAC:R-HSA-199418'],0.3333333333333333,query_1,18,0.061855670103092786,True,REAC,97,1746,97,5.671220215603313,0.3333333333333333
"""Any process that results in a change in state or activity of a cell or an organism (in terms of movement, secretion, enzyme production, gene expression, etc.) as a result of an ultraviolet radiation (UV light) stimulus. Ultraviolet radiation is electromagnetic radiation with a wavelength in the range of 10 to 380 nanometers."" [GOC:hb]",20972,13443,6,"[[], ['ISS', 'IEA'], [], ['ISS', 'IEA'], [], [], ['IDA', 'IEA'], [], [], [], [], [], ['IDA'], ['IEP'], [], [], ['IDA'], []]",response to UV,GO:0009411,2.1495006156109942e-06,['GO:0009416'],0.35294117647058826,query_1,17,0.039735099337748346,True,GO:BP,151,3320,19,5.667662426166226,0.35294117647058826
"""Any process that modulates the frequency, rate or extent of the chemical reactions and pathways involving DNA."" [GOC:ai]",20972,22714,8,"[['IEA'], ['IDA', 'IEA'], ['IEA'], ['IDA', 'ISS', 'IEA'], [], [], ['IDA', 'IEA'], [], [], [], [], [], ['IDA'], ['IMP', 'ISS'], [], [], ['IDA'], []]",regulation of DNA metabolic process,GO:0051052,2.2997195754146948e-06,"['GO:0006259', 'GO:0019219', 'GO:0060255']",0.47058823529411764,query_1,17,0.016494845360824743,True,GO:BP,485,12591,19,5.638325118014992,0.47058823529411764
"""The process whose specific outcome is the progression of an organismal system over time, from its formation to the mature structure. A system is a regularly interacting or interdependent group of organs or tissues that work together to carry out a given biological process."" [GOC:dph, GOC:jid]",20972,22261,15,"[['IBA', 'IEA'], ['ISS', 'IEA'], ['IBA', 'IEA'], ['ISS', 'IBA', 'IEA'], [], [], ['IMP', 'IEA'], ['IEA'], ['IBA', 'IEA'], [], ['TAS', 'IEA'], ['ISS', 'IEA'], ['IMP', 'ISS', 'TAS', 'IEA'], ['ISS'], ['IBA', 'NAS', 'IEA'], ['IBA'], ['IMP', 'IBA', 'IEA'], ['IDA', 'IEP', 'ISS', 'IEA']]",system development,GO:0048731,2.3118487694688597e-06,"['GO:0007275', 'GO:0048856']",0.8823529411764706,query_1,17,0.0037285607755406414,True,GO:BP,4023,12138,19,5.636040578873186,0.8823529411764706
Intracellular signaling by second messengers,11056,40641,8,"[[], [], [], [], [], [], ['REAC'], [], [], [], ['REAC'], ['REAC'], ['REAC'], [], ['REAC'], ['REAC'], ['REAC'], ['REAC']]",Intracellular signaling by second messengers,REAC:R-HSA-9006925,2.7409739820267793e-06,['REAC:R-HSA-162582'],0.4444444444444444,query_1,18,0.026936026936026935,True,REAC,297,1317,97,5.56209508686686,0.4444444444444444
"""The series of molecular signals initiated by binding of a ligand to the tyrosine kinase receptor EGFR (ERBB1) on the surface of a cell. The pathway ends with regulation of a downstream cellular process, e.g. transcription."" [GOC:ceb]",20972,12725,6,"[[], [], [], [], [], [], [], [], [], [], ['TAS'], [], ['IDA', 'IMP'], [], ['IDA', 'IBA', 'IEA'], ['IEA'], ['IDA', 'IMP', 'IBA', 'TAS', 'IEA'], ['IEA']]",epidermal growth factor receptor signaling pathway,GO:0007173,3.1638257178761752e-06,['GO:0038127'],0.35294117647058826,query_1,17,0.037267080745341616,True,GO:BP,161,2602,19,5.499787448009175,0.35294117647058826
"""Any process that modulates the frequency, rate or extent of lymphocyte activation."" [GOC:ai]",20972,22821,8,"[['IEA'], [], ['IEA'], ['IEA'], ['IDA', 'IMP', 'IBA', 'TAS', 'IEA'], ['IDA', 'IMP', 'IBA', 'IEA'], [], [], [], [], ['TAS'], [], ['TAS'], [], ['IEA'], [], [], []]",regulation of lymphocyte activation,GO:0051249,3.2095906915203433e-06,"['GO:0002694', 'GO:0046649']",0.47058823529411764,query_1,17,0.015810276679841896,True,GO:BP,506,12698,19,5.493550348202053,0.47058823529411764
"""Any process that results in a change in state or activity of a cell or an organism (in terms of movement, secretion, enzyme production, gene expression, etc.) as a result of an abiotic (not derived from living organisms) stimulus."" [GOC:hb]",20972,13515,10,"[[], ['ISS', 'IEA'], [], ['ISS', 'IEA'], [], [], ['IDA', 'IMP', 'IEP', 'ISS', 'IEA'], ['IEA'], [], [], ['ISS', 'IEA'], ['IMP'], ['IDA', 'TAS', 'IEA'], ['IDA', 'IEP'], [], [], ['IDA'], ['ISS', 'IEA']]",response to abiotic stimulus,GO:0009628,3.3147964901072117e-06,['GO:0050896'],0.5882352941176471,query_1,17,0.009025270758122744,True,GO:BP,1108,3392,19,5.4795431296834956,0.5882352941176471
"""Binding to a double-stranded DNA region containing an insertion or a deletion."" [GOC:vk]",20208,4109,3,"[[], ['IDA'], ['IDA'], ['IDA'], [], [], [], [], [], [], [], [], [], [], [], [], [], []]",DNA insertion or deletion binding,GO:0032135,3.444147947924543e-06,['GO:0030983'],0.16666666666666666,query_1,18,0.5,True,GO:MF,6,4109,4,5.462918201124544,0.16666666666666666
MAPK signaling pathway,8716,38988,8,"[[], [], [], [], [], [], ['KEGG'], ['KEGG'], [], [], [], [], ['KEGG'], ['KEGG'], ['KEGG'], ['KEGG'], ['KEGG'], ['KEGG']]",MAPK signaling pathway,KEGG:04010,3.868268996805775e-06,['KEGG:00000'],0.4444444444444444,query_1,18,0.02666666666666667,True,KEGG,300,250,51,5.4124833329948325,0.4444444444444444
"""The series of molecular signals generated as a consequence of the insulin receptor binding to insulin."" [GOC:ceb]",20972,13136,6,"[[], [], [], [], [], [], [], [], [], [], ['TAS', 'IEA'], [], ['IMP', 'ISS', 'IEA'], [], ['IEA'], ['IEA'], ['IEA'], ['IEA']]",insulin receptor signaling pathway,GO:0008286,5.047670150174137e-06,"['GO:0007169', 'GO:0032869']",0.35294117647058826,query_1,17,0.034482758620689655,True,GO:BP,174,3013,19,5.296909032654506,0.35294117647058826
"""Any process that modulates the rate, frequency or extent of the progression of the cell over time, from its formation to the mature structure. Cell development does not include the steps involved in committing a cell to a specific fate."" [GOC:dph, GOC:tb]",20972,23635,9,"[[], [], [], [], [], ['IDA', 'IBA'], ['IEA'], ['IEA'], ['IEA'], [], [], ['ISS'], ['TAS'], ['IMP'], ['IEA'], [], [], ['IEA']]",regulation of cell development,GO:0060284,5.2829768276692975e-06,"['GO:0045595', 'GO:0048468']",0.5294117647058824,query_1,17,0.011029411764705883,True,GO:BP,816,13512,19,5.277121294222662,0.5294117647058824
"""Any process that activates or increases the frequency, rate or extent of the chemical reactions and pathways within a cell or an organism."" [GOC:go_curators]",20972,13715,14,"[['IEA'], [], ['IEA'], ['IEA'], ['IDA', 'IEA'], [], ['IDA', 'IMP', 'IGI', 'ISS', 'IEA'], ['IMP', 'IEA'], ['IDA'], [], [], ['IDA', 'IMP'], ['IDA', 'IMP', 'ISS', 'NAS', 'IEA'], ['IDA', 'IMP', 'IGI', 'ISS', 'NAS'], ['IDA', 'IMP', 'IEA'], ['IDA'], ['IDA', 'IMP'], ['IDA', 'IMP', 'ISS', 'IEA']]",positive regulation of metabolic process,GO:0009893,5.4003265647310165e-06,"['GO:0008152', 'GO:0019222', 'GO:0048522']",0.8235294117647058,query_1,17,0.004105571847507331,True,GO:BP,3410,3592,19,5.267579977033995,0.8235294117647058
"""The series of molecular signals initiated by binding of a ligand to a member of the ERBB family of receptor tyrosine kinases on the surface of a cell, and ending with the regulation of a downstream cellular process, e.g. transcription."" [GOC:jc, PMID:16460914, Wikipedia:ErbB]",20972,19212,6,"[[], [], [], [], [], [], [], [], [], [], ['TAS'], [], ['IDA', 'IMP'], [], ['IDA', 'IBA', 'IEA'], ['IEA'], ['IDA', 'IMP', 'IBA', 'TAS', 'IEA'], ['IEA']]",ERBB signaling pathway,GO:0038127,5.98410997051868e-06,['GO:0007169'],0.35294117647058826,query_1,17,0.0335195530726257,True,GO:BP,179,9089,19,5.223000434002119,0.35294117647058826
"""Any process that increases the frequency, rate or extent of gene expression. Gene expression is the process in which a gene's coding sequence is converted into a mature gene product (protein or RNA)."" [GOC:txnOH-2018]",20972,14210,10,"[['IEA'], [], ['IEA'], ['IEA'], ['IDA'], [], ['IDA', 'IMP', 'ISS', 'IEA'], ['IMP', 'IEA'], [], [], [], [], ['IMP', 'ISS', 'IEA'], ['IDA', 'IGI', 'NAS'], ['IMP', 'IEA'], [], [], ['IDA', 'ISS', 'IEA']]",positive regulation of gene expression,GO:0010628,6.2980090770450675e-06,"['GO:0010467', 'GO:0010468', 'GO:0010557']",0.5882352941176471,query_1,17,0.008445945945945946,True,GO:BP,1184,4087,19,5.200796717769379,0.5882352941176471
"""Binding to a macromolecular complex."" [GOC:jl]",20208,5458,10,"[['IDA'], ['IDA'], ['IDA'], ['IDA'], [], [], ['IPI'], ['IDA'], [], [], [], ['IPI'], ['IDA'], ['IDA', 'IPI'], [], [], ['IDA'], []]",protein-containing complex binding,GO:0044877,6.472851252176362e-06,['GO:0005488'],0.5555555555555556,query_1,18,0.007987220447284345,True,GO:MF,1252,5458,5,5.188904373068778,0.5555555555555556
MicroRNAs in cancer,8716,39212,8,"[[], [], [], [], [], [], ['KEGG'], ['KEGG'], [], [], ['KEGG'], ['KEGG'], [], ['KEGG'], ['KEGG'], ['KEGG'], ['KEGG'], []]",MicroRNAs in cancer,KEGG:05206,6.864565184453228e-06,['KEGG:00000'],0.4444444444444444,query_1,18,0.02476780185758514,True,KEGG,323,474,52,5.163386966653471,0.4444444444444444
Mismatch repair,8716,38984,4,"[['KEGG'], ['KEGG'], ['KEGG'], ['KEGG'], [], [], [], [], [], [], [], [], [], [], [], [], [], []]",Mismatch repair,KEGG:03430,7.316183271861135e-06,['KEGG:00000'],0.2222222222222222,query_1,18,0.17391304347826086,True,KEGG,23,246,53,5.135715423895314,0.2222222222222222
"""Any process that modulates the frequency, rate or extent of cell proliferation."" [GOC:jl]",20972,19463,11,"[[], [], [], [], ['IDA', 'IMP', 'IBA', 'TAS', 'IEA'], ['IMP', 'IEA'], ['IDA', 'IMP', 'ISS', 'IEA'], ['IEA'], [], [], ['IEA'], ['IDA', 'IMP', 'ISS', 'IEA'], ['IDA', 'IMP'], ['IDA', 'IMP', 'ISS', 'IBA'], ['IDA', 'IBA', 'IEA'], [], ['IDA', 'IMP', 'IBA', 'IEA'], ['IBA', 'TAS', 'IEA']]",regulation of cell population proliferation,GO:0042127,7.528883050165923e-06,"['GO:0008283', 'GO:0050794']",0.6470588235294118,query_1,17,0.006711409395973154,True,GO:BP,1639,9340,19,5.123269448916193,0.6470588235294118
Rap1 signaling pathway,8716,38993,7,"[[], [], [], [], [], [], [], ['KEGG'], ['KEGG'], [], ['KEGG'], [], ['KEGG'], [], [], ['KEGG'], ['KEGG'], ['KEGG']]",Rap1 signaling pathway,KEGG:04015,7.689791382561523e-06,['KEGG:00000'],0.3888888888888889,query_1,18,0.0330188679245283,True,KEGG,212,255,54,5.114085442075203,0.3888888888888889
"""Any process that modulates the frequency, rate, or extent of leukocyte activation."" [GOC:add]",20972,11289,8,"[['IEA'], [], ['IEA'], ['IEA'], ['IDA', 'IMP', 'IBA', 'TAS', 'IEA'], ['IDA', 'IMP', 'IBA', 'IEA'], [], [], [], [], ['TAS'], [], ['TAS'], [], ['IEA'], [], [], []]",regulation of leukocyte activation,GO:0002694,8.395516880180497e-06,"['GO:0002682', 'GO:0045321', 'GO:0050865']",0.47058823529411764,query_1,17,0.013986013986013986,True,GO:BP,572,1166,19,5.075952560836246,0.47058823529411764
"""Any process that stops, prevents, or reduces the frequency, rate or extent of a cellular process, any of those that are carried out at the cellular level, but are not necessarily restricted to a single cell. For example, cell communication occurs among more than one cell, but occurs at the cellular level."" [GOC:jid]",20972,22080,16,"[['IEA'], ['IDA', 'IEA'], [], ['IDA', 'ISS', 'IEA'], ['IDA', 'IMP', 'IBA', 'IEA'], ['IDA', 'IMP', 'IBA', 'IEA'], ['IDA', 'IMP', 'IGI', 'ISS', 'NAS', 'IEA'], ['IEA'], ['IMP', 'IEA'], [], ['IMP', 'ISS', 'NAS', 'IEA'], ['IDA', 'IMP', 'ISS', 'TAS', 'NAS', 'IEA'], ['IDA', 'IMP', 'ISS', 'TAS', 'NAS', 'IEA'], ['IDA', 'IMP', 'ISS'], ['IBA', 'IEA'], ['IDA', 'IMP', 'NAS'], ['IDA', 'IMP', 'IBA', 'TAS', 'IEA'], ['IEA']]",negative regulation of cellular process,GO:0048523,9.551849374834102e-06,"['GO:0009987', 'GO:0048519', 'GO:0050794']",0.9411764705882353,query_1,17,0.0029038112522686023,True,GO:BP,5510,11957,19,5.019912534643743,0.9411764705882353
Gene expression (Transcription),11056,40415,13,"[['REAC'], [], ['REAC'], ['REAC'], [], ['REAC'], ['REAC'], ['REAC'], [], [], [], ['REAC'], ['REAC'], ['REAC'], ['REAC'], ['REAC'], ['REAC'], ['REAC']]",Gene expression (Transcription),REAC:R-HSA-74160,9.756144734007276e-06,['REAC:0000000'],0.7222222222222222,query_1,18,0.008447043534762833,True,REAC,1539,1091,99,5.010721765480647,0.7222222222222222
"""The cellular developmental process in which a specific cell progresses from an immature to a mature state. Cell development start once cell commitment has taken place."" [GOC:go_curators]",20972,22043,13,"[['IEA'], [], [], ['ISS', 'IEA'], [], ['IDA', 'IBA'], ['IMP', 'IEA'], ['IEA'], ['IEA'], [], ['IEA'], ['ISS'], ['ISS', 'TAS', 'IEA'], ['IMP'], ['IEA'], ['IDA'], [], ['ISS', 'IBA', 'TAS', 'IEA']]",cell development,GO:0048468,1.0403189432879783e-05,"['GO:0030154', 'GO:0048856', 'GO:0048869']",0.7647058823529411,query_1,17,0.004574243490499648,True,GO:BP,2842,11920,19,4.982833493321726,0.7647058823529411
"""The series of molecular signals initiated by vascular endothelial growth factor (VEGF) binding its receptor on the surface of the target cell, and ending with the regulation of a downstream cellular process, e.g. transcription."" [GOC:signaling, PMID:17470632]",20972,19184,5,"[[], [], [], [], [], [], [], [], [], [], ['IGI'], [], [], [], ['IEA'], ['IEA'], ['IEA'], ['IEA']]",vascular endothelial growth factor signaling pathway,GO:0038084,1.2019511699961521e-05,"['GO:0007169', 'GO:0035924']",0.29411764705882354,query_1,17,0.054945054945054944,True,GO:BP,91,9061,19,4.920113175454729,0.29411764705882354
"""Any process that modulates the frequency, rate or extent of isotype switching to IgA isotypes."" [GOC:jid]",20972,21915,3,"[['IEA'], [], ['IEA'], ['IEA'], [], [], [], [], [], [], [], [], [], [], [], [], [], []]",regulation of isotype switching to IgA isotypes,GO:0048296,1.2991857697392743e-05,"['GO:0045191', 'GO:0048290']",0.17647058823529413,query_1,17,0.5,True,GO:BP,6,11792,19,4.88632874499757,0.17647058823529413
"""Any process that activates or increases the frequency, rate or extent of isotype switching to IgA isotypes."" [GOC:jid]",20972,21917,3,"[['IEA'], [], ['IEA'], ['IEA'], [], [], [], [], [], [], [], [], [], [], [], [], [], []]",positive regulation of isotype switching to IgA isotypes,GO:0048298,1.2991857697392743e-05,"['GO:0045830', 'GO:0048290', 'GO:0048296']",0.17647058823529413,query_1,17,0.5,True,GO:BP,6,11794,19,4.88632874499757,0.17647058823529413
Acute myeloid leukemia,8716,39226,5,"[[], [], [], [], [], [], [], ['KEGG'], [], [], ['KEGG'], [], ['KEGG'], ['KEGG'], [], [], [], ['KEGG']]",Acute myeloid leukemia,KEGG:05221,1.3111454676522646e-05,['KEGG:00000'],0.2777777777777778,query_1,18,0.07352941176470588,True,KEGG,68,488,55,4.882349121968221,0.2777777777777778
"""Any process that stops, prevents or reduces the rate or extent of development, the biological process whose specific outcome is the progression of an organism over time from an initial condition (e.g. a zygote, or a young adult) to a later condition (e.g. a multicellular animal or an aged adult)."" [GOC:ai]",20972,22734,9,"[[], [], [], [], [], ['IDA', 'IBA'], ['IEA'], ['IEA'], ['IEA'], [], [], ['IDA', 'IMP', 'ISS'], [], ['IMP'], ['IEA'], [], ['IMP'], ['IEA']]",negative regulation of developmental process,GO:0051093,1.4500656417378088e-05,"['GO:0032502', 'GO:0048519', 'GO:0050793']",0.5294117647058824,query_1,17,0.009825327510917031,True,GO:BP,916,12611,19,4.838612337627608,0.5294117647058824
"""A system for the correction of errors in which an incorrect base, which cannot form hydrogen bonds with the corresponding base in the parent strand, is incorporated into the daughter strand. The mismatch repair system promotes genomic fidelity by repairing base-base mismatches, insertion-deletion loops and heterologies generated during DNA replication and recombination."" [ISBN:0198506732, PMID:11687886]",20972,12122,4,"[['IGI', 'IBA', 'TAS', 'IEA'], ['IDA', 'IMP', 'IGI', 'ISS', 'IBA', 'IEA'], ['IDA', 'IMP', 'IBA', 'TAS', 'IEA'], ['IDA', 'IGI', 'IBA', 'IEA'], [], [], [], [], [], [], [], [], [], [], [], [], [], []]",mismatch repair,GO:0006298,1.540385334288333e-05,['GO:0006281'],0.23529411764705882,query_1,17,0.125,True,GO:BP,32,1999,19,4.812370624863621,0.23529411764705882
"""Any process that activates or increases the rate or extent of cell proliferation."" [GOC:go_curators]",20972,13134,9,"[[], [], [], [], ['IBA', 'TAS'], [], [], ['IEA'], [], [], ['IEA'], ['ISS'], ['IDA', 'IMP'], ['IDA', 'IMP', 'ISS', 'IBA'], ['IDA', 'IBA'], [], ['IDA', 'IMP', 'IBA', 'IEA'], ['IBA', 'IEA']]",positive regulation of cell population proliferation,GO:0008284,1.5494960654397415e-05,"['GO:0008283', 'GO:0042127', 'GO:0048522']",0.5294117647058824,query_1,17,0.009750812567713976,True,GO:BP,923,3011,19,4.809809522206227,0.5294117647058824
"""Catalytic activity that acts to modify DNA, driven by ATP hydrolysis."" [GOC:pdt]",20208,1509,5,"[['IEA'], ['IDA', 'IEA'], ['IEA'], ['IDA', 'IEA'], [], [], ['IDA'], [], [], [], [], [], [], [], [], [], [], []]","ATP-dependent activity, acting on DNA",GO:0008094,1.5898046359228972e-05,"['GO:0140097', 'GO:0140657']",0.2777777777777778,query_1,18,0.041666666666666664,True,GO:MF,120,1509,3,4.798656240933373,0.2777777777777778
"""Any process that modulates the frequency, rate or extent of cell activation, the change in the morphology or behavior of a cell resulting from exposure to an activating factor such as a cellular or soluble ligand."" [GOC:ai]",20972,22573,8,"[['IEA'], [], ['IEA'], ['IEA'], ['IDA', 'IMP', 'IBA', 'TAS', 'IEA'], ['IDA', 'IMP', 'IBA', 'IEA'], [], [], [], [], ['TAS'], [], ['TAS'], [], ['IEA'], [], [], []]",regulation of cell activation,GO:0050865,1.7201799831223866e-05,"['GO:0001775', 'GO:0050794', 'GO:0051239']",0.47058823529411764,query_1,17,0.012759170653907496,True,GO:BP,627,12450,19,4.764426110309025,0.47058823529411764
"""The process in which a signal is passed on to downstream components within the cell, which become activated themselves to further propagate the signal and finally trigger a change in the function or state of the cell."" [GOC:bf, GOC:jl, GOC:signaling, ISBN:3527303782]",20972,18628,13,"[['IEA'], ['ISS', 'IEA'], [], ['IEA'], [], [], ['IDA', 'IMP', 'IEP', 'ISS', 'TAS', 'IEA'], ['IBA', 'TAS', 'IEA'], [], [], ['IGI', 'ISS', 'IBA', 'NAS', 'IEA'], ['IDA', 'IMP', 'ISS', 'IBA', 'TAS', 'NAS'], ['IDA', 'IMP', 'ISS', 'IBA', 'TAS', 'NAS', 'IEA'], ['IDA', 'IMP', 'ISS'], ['IDA', 'IMP', 'ISS', 'IBA', 'IEA'], ['IDA'], ['IDA', 'IMP', 'IBA', 'IEA'], ['IMP', 'TAS', 'IEA']]",intracellular signal transduction,GO:0035556,1.7474332251614343e-05,['GO:0007165'],0.7647058823529411,query_1,17,0.004387445156935539,True,GO:BP,2963,8505,19,4.757599411003168,0.7647058823529411
"""Any process that activates or increases the frequency, rate or extent of a cellular process, any of those that are carried out at the cellular level, but are not necessarily restricted to a single cell. For example, cell communication occurs among more than one cell, but occurs at the cellular level."" [GOC:jid]",20972,22079,16,"[['IEA'], [], ['IEA'], ['IEA'], ['IDA', 'IBA', 'TAS', 'IEA'], ['IMP'], ['IDA', 'IMP', 'IGI', 'ISS', 'IEA'], ['IMP', 'IEA'], ['IDA'], [], ['IDA', 'IGI', 'ISS', 'TAS', 'NAS', 'IEA'], ['IDA', 'IMP', 'ISS'], ['IDA', 'IMP', 'ISS', 'TAS', 'NAS', 'IEA'], ['IDA', 'IMP', 'IGI', 'ISS', 'IBA', 'NAS'], ['IDA', 'IMP', 'ISS', 'IBA', 'IEA'], ['IDA', 'IMP'], ['IDA', 'IMP', 'IBA', 'IEA'], ['IDA', 'IMP', 'ISS', 'IBA', 'TAS', 'IEA']]",positive regulation of cellular process,GO:0048522,1.8090430878295572e-05,"['GO:0009987', 'GO:0048518', 'GO:0050794']",0.9411764705882353,query_1,17,0.0027879421502003832,True,GO:BP,5739,11956,19,4.742551088981115,0.9411764705882353
"""Any process that stops, prevents, or reduces the frequency, rate or extent of a biological process. Biological processes are regulated by many means; examples include the control of gene expression, protein modification or interaction with a protein or substrate molecule."" [GOC:jid]",20972,22076,16,"[['IEA'], ['IDA', 'IEA'], [], ['IDA', 'ISS', 'IEA'], ['IDA', 'IMP', 'IBA', 'IEA'], ['IDA', 'IMP', 'IBA', 'IEA'], ['IDA', 'IMP', 'IGI', 'ISS', 'NAS', 'IEA'], ['IEA'], ['IMP', 'IEA'], [], ['IMP', 'ISS', 'NAS', 'IEA'], ['IDA', 'IMP', 'ISS', 'TAS', 'NAS', 'IEA'], ['IDA', 'IMP', 'ISS', 'TAS', 'NAS', 'IEA'], ['IDA', 'IMP', 'ISS'], ['IBA', 'IEA'], ['IDA', 'IMP', 'NAS'], ['IDA', 'IMP', 'IBA', 'TAS', 'IEA'], ['IEA']]",negative regulation of biological process,GO:0048519,1.8794628345309608e-05,"['GO:0008150', 'GO:0050789']",0.9411764705882353,query_1,17,0.0027811576568746743,True,GO:BP,5753,11953,19,4.725966257828705,0.9411764705882353
"""Binding to a purine ribonucleoside triphosphate, a compound consisting of a purine base linked to a ribose sugar esterified with triphosphate on the sugar."" [GOC:BHF, GOC:ebc, ISBN:0198506732]",20208,4804,11,"[['IEA'], ['IDA', 'IEA'], ['IEA'], ['IDA', 'IEA'], [], [], [], ['IBA', 'IEA'], [], [], ['IEA'], [], ['IDA', 'IC', 'IEA'], [], ['IEA'], ['IEA'], ['IEA'], ['IEA']]",purine ribonucleoside triphosphate binding,GO:0035639,1.8961175772184453e-05,"['GO:0043168', 'GO:1901265', 'GO:1901363']",0.6111111111111112,query_1,18,0.005933117583603021,True,GO:MF,1854,4804,2,4.722134735798619,0.6111111111111112
Constitutive Signaling by Aberrant PI3K in Cancer,11056,39741,5,"[[], [], [], [], [], [], [], [], [], [], ['REAC'], [], [], [], ['REAC'], ['REAC'], ['REAC'], ['REAC']]",Constitutive Signaling by Aberrant PI3K in Cancer,REAC:R-HSA-2219530,2.2671061748458757e-05,['REAC:R-HSA-2219528'],0.2777777777777778,query_1,18,0.07142857142857142,True,REAC,70,417,98,4.644528140186712,0.2777777777777778
"""The switching of activated B cells from IgM biosynthesis to biosynthesis of an IgA isotype, accomplished through a recombination process involving an intrachromosomal deletion between switch regions that reside 5' of the IgM and one of the IgA constant region gene segments in the immunoglobulin heavy chain locus."" [ISBN:0781735149, PMID:12370374, PMID:2113175, PMID:9186655]",20972,21909,3,"[['IEA'], [], ['IEA'], ['IEA'], [], [], [], [], [], [], [], [], [], [], [], [], [], []]",isotype switching to IgA isotypes,GO:0048290,2.2724366127082687e-05,['GO:0045190'],0.17647058823529413,query_1,17,0.42857142857142855,True,GO:BP,7,11786,19,4.643508222136781,0.17647058823529413
Chronic myeloid leukemia,8716,39225,5,"[[], [], [], [], [], [], ['KEGG'], ['KEGG'], [], [], ['KEGG'], [], ['KEGG'], ['KEGG'], [], [], [], []]",Chronic myeloid leukemia,KEGG:05220,2.457342476096641e-05,['KEGG:00000'],0.2777777777777778,query_1,18,0.06493506493506493,True,KEGG,77,487,56,4.609534312338009,0.2777777777777778
"""Binding to a purine ribonucleotide, any compound consisting of a purine ribonucleoside that is esterified with (ortho)phosphate or an oligophosphate at any hydroxyl group on the ribose moiety."" [GOC:mah]",20208,4166,11,"[['IEA'], ['IDA', 'IEA'], ['IEA'], ['IDA', 'IEA'], [], [], [], ['IBA', 'IEA'], [], [], ['IEA'], [], ['IDA', 'IC', 'IEA'], [], ['IEA'], ['IEA'], ['IEA'], ['IEA']]",purine ribonucleotide binding,GO:0032555,2.472263475768852e-05,"['GO:0017076', 'GO:0032553']",0.6111111111111112,query_1,18,0.0057833859095688745,True,GO:MF,1902,4166,2,4.6069052471855825,0.6111111111111112
"""Any biological process, occurring at the level of a multicellular organism, pertinent to its function."" [GOC:curators, GOC:dph, GOC:isa_complete, GOC:tb]",20972,17239,17,"[['IBA', 'IEA'], ['ISS', 'IEA'], ['IBA', 'IEA'], ['ISS', 'IBA', 'IEA'], ['IDA', 'IMP', 'IBA', 'TAS', 'IEA'], ['IDA', 'IMP', 'IBA', 'IEA'], ['IMP', 'ISS', 'IEA'], ['IEA'], ['IBA', 'IEA'], [], ['ISS', 'TAS', 'IEA'], ['IDA', 'IMP', 'ISS', 'IEA'], ['IDA', 'IMP', 'ISS', 'TAS', 'NAS', 'IEA'], ['IMP', 'ISS'], ['IBA', 'NAS', 'IEA'], ['IMP', 'ISS', 'IBA'], ['IMP', 'ISS', 'IBA', 'NAS', 'IEA'], ['IDA', 'IMP', 'IEP', 'ISS', 'IBA', 'TAS', 'IEA']]",multicellular organismal process,GO:0032501,2.5597016049387634e-05,['GO:0008150'],1.0,query_1,17,0.002317023306528554,True,GO:BP,7337,7116,19,4.591810659251326,1.0
"""Binding to a ribonucleotide, any compound consisting of a ribonucleoside that is esterified with (ortho)phosphate or an oligophosphate at any hydroxyl group on the ribose moiety."" [GOC:mah]",20208,4164,11,"[['IEA'], ['IDA', 'IEA'], ['IEA'], ['IDA', 'IEA'], [], [], [], ['IBA', 'IEA'], [], [], ['IEA'], [], ['IDA', 'IC', 'IEA'], [], ['IEA'], ['IEA'], ['IEA'], ['IEA']]",ribonucleotide binding,GO:0032553,2.7111882769436057e-05,"['GO:0000166', 'GO:0097367']",0.6111111111111112,query_1,18,0.005732152162584679,True,GO:MF,1919,4164,2,4.566840322036461,0.6111111111111112
"""Any process that stops, prevents, or reduces the frequency, rate or extent of cell differentiation."" [GOC:go_curators]",20972,20801,8,"[[], [], [], [], [], ['IDA', 'IBA'], ['IEA'], ['IEA'], ['IEA'], [], [], ['IDA', 'IMP', 'ISS'], [], ['IMP'], ['IEA'], [], ['IMP'], []]",negative regulation of cell differentiation,GO:0045596,2.720623629307425e-05,"['GO:0030154', 'GO:0045595', 'GO:0048523', 'GO:0051093']",0.47058823529411764,query_1,17,0.012030075187969926,True,GO:BP,665,10678,19,4.565331534302798,0.47058823529411764
Integrin signaling,8716,39065,6,"[[], [], [], [], [], [], [], [], ['KEGG'], [], ['KEGG'], [], ['KEGG'], [], ['KEGG'], ['KEGG'], ['KEGG'], []]",Integrin signaling,KEGG:04518,2.8589449481779627e-05,['KEGG:00000'],0.3333333333333333,query_1,18,0.03896103896103896,True,KEGG,154,327,57,4.543794207332715,0.3333333333333333
"""Combining with collagen and transmitting the signal from one side of the membrane to the other to initiate a change in cell activity by catalysis of the reaction: ATP + a protein-L-tyrosine = ADP + a protein-L-tyrosine phosphate."" [GOC:bf, GOC:uh, PMID:16626936, PMID:21568710]",20208,4956,4,"[[], [], [], [], [], [], [], [], [], [], [], [], [], [], ['IEA'], ['IEA'], ['IEA'], ['IEA']]",protein tyrosine kinase collagen receptor activity,GO:0038062,2.8748933829417585e-05,"['GO:0004714', 'GO:0038064']",0.2222222222222222,query_1,18,0.08,True,GO:MF,50,4956,1,4.541378256733881,0.2222222222222222
"""Combining with hepatocyte growth factor receptor ligand and transmitting the signal across the plasma membrane to initiate a change in cell activity."" [GOC:mah]",20208,1204,4,"[[], [], [], [], [], [], [], [], [], [], [], [], [], [], ['IEA'], ['IBA', 'TAS', 'IEA'], ['IEA'], ['IEA']]",hepatocyte growth factor receptor activity,GO:0005008,2.8748933829417585e-05,['GO:0004714'],0.2222222222222222,query_1,18,0.08,True,GO:MF,50,1204,1,4.541378256733881,0.2222222222222222
"""Combining with insulin receptor ligand and transmitting the signal across the plasma membrane to initiate a change in cell activity."" [ISBN:0198506732]",20208,1205,4,"[[], [], [], [], [], [], [], [], [], [], [], [], [], [], ['IEA'], ['IEA'], ['IEA'], ['IEA']]",insulin receptor activity,GO:0005009,2.8748933829417585e-05,"['GO:0004714', 'GO:0016500']",0.2222222222222222,query_1,18,0.08,True,GO:MF,50,1205,1,4.541378256733881,0.2222222222222222
"""Combining with placental growth factor (PlGF) receptor ligand and transmitting the signal across the plasma membrane to initiate a change in cell activity."" [GOC:uh, PMID:12871269, PMID:7929268, Wikipedia:Placental_growth_factor]",20208,4898,4,"[[], [], [], [], [], [], [], [], [], [], [], [], [], [], ['IEA'], ['IEA'], ['IEA'], ['IEA']]",placental growth factor receptor activity,GO:0036332,2.8748933829417585e-05,['GO:0004714'],0.2222222222222222,query_1,18,0.08,True,GO:MF,50,4898,1,4.541378256733881,0.2222222222222222
"""Combining with a protein bride of sevenless (boss) and transmitting the signal from one side of the membrane to the other to initiate a change in cell activity by catalysis of the reaction: ATP + a protein-L-tyrosine = ADP + a protein-L-tyrosine phosphate."" [GOC:jl, GOC:signaling]",20208,1605,4,"[[], [], [], [], [], [], [], [], [], [], [], [], [], [], ['IEA'], ['IEA'], ['IEA'], ['IEA']]",boss receptor activity,GO:0008288,2.8748933829417585e-05,['GO:0004714'],0.2222222222222222,query_1,18,0.08,True,GO:MF,50,1605,1,4.541378256733881,0.2222222222222222
"""Combining with platelet-derived growth factor isoform PDGF-AA, PDGF-BB or PDGF-AB to initiate a change in cell activity."" [PMID:1657917]",20208,1209,4,"[[], [], [], [], [], [], [], [], [], [], [], [], [], [], ['IEA'], ['IEA'], ['IEA'], ['IEA']]",platelet-derived growth factor alpha-receptor activity,GO:0005018,2.8748933829417585e-05,['GO:0005017'],0.2222222222222222,query_1,18,0.08,True,GO:MF,50,1209,1,4.541378256733881,0.2222222222222222
"""Combining with a GPI-anchored ephrin to initiate a change in cell activity."" [GOC:mah, PMID:9530499]",20208,1200,4,"[[], [], [], [], [], [], [], [], [], [], [], [], [], [], ['IEA'], ['IEA'], ['IEA'], ['IEA']]",GPI-linked ephrin receptor activity,GO:0005004,2.8748933829417585e-05,['GO:0005003'],0.2222222222222222,query_1,18,0.08,True,GO:MF,50,1200,1,4.541378256733881,0.2222222222222222
"""Combining with stem cell factor (SCF) receptor ligand and transmitting the signal from one side of the membrane to the other to initiate a change in cell activity by catalysis of the reaction: ATP + a protein-L-tyrosine = ADP + a protein-L-tyrosine phosphate. Stem cell factor is a cytokine that stimulates mast cell growth and differentiation."" [GOC:jl, GOC:signaling, PMID:10698217]",20208,1211,4,"[[], [], [], [], [], [], [], [], [], [], [], [], [], [], ['IEA'], ['IEA'], ['IEA'], ['IEA']]",stem cell factor receptor activity,GO:0005020,2.8748933829417585e-05,['GO:0004714'],0.2222222222222222,query_1,18,0.08,True,GO:MF,50,1211,1,4.541378256733881,0.2222222222222222
"""Combining with macrophage colony-stimulating factor (M-CSF) receptor ligand and transmitting the signal from one side of the membrane to the other to initiate a change in cell activity by catalysis of the reaction: ATP + a protein-L-tyrosine = ADP + a protein-L-tyrosine phosphate."" [GOC:mah, GOC:signaling]",20208,1207,4,"[[], [], [], [], [], [], [], [], [], [], [], [], [], [], ['IEA'], ['IEA'], ['IEA'], ['IEA']]",macrophage colony-stimulating factor receptor activity,GO:0005011,2.8748933829417585e-05,['GO:0004714'],0.2222222222222222,query_1,18,0.08,True,GO:MF,50,1207,1,4.541378256733881,0.2222222222222222
"""Combining with a brain-derived neurotrophic factor and transmitting the signal across the plasma membrane to initiate a change in cell activity."" [GOC:bf, GOC:dph]",20208,7659,4,"[[], [], [], [], [], [], [], [], [], [], [], [], [], [], ['IEA'], ['IEA'], ['IEA'], ['IEA']]",brain-derived neurotrophic factor receptor activity,GO:0060175,2.8748933829417585e-05,"['GO:0004714', 'GO:0005030']",0.2222222222222222,query_1,18,0.08,True,GO:MF,50,7659,1,4.541378256733881,0.2222222222222222
Cellular senescence,8716,39042,6,"[[], [], [], [], [], [], ['KEGG'], ['KEGG'], [], [], ['KEGG'], ['KEGG'], ['KEGG'], ['KEGG'], [], [], [], []]",Cellular senescence,KEGG:04218,3.085649916634697e-05,['KEGG:00000'],0.3333333333333333,query_1,18,0.038461538461538464,True,KEGG,156,304,58,4.510653348492657,0.3333333333333333
Hepatitis C,8716,39195,6,"[[], [], [], [], [], [], ['KEGG'], ['KEGG'], [], [], ['KEGG'], [], ['KEGG'], ['KEGG'], [], [], ['KEGG'], []]",Hepatitis C,KEGG:05160,3.085649916634697e-05,['KEGG:00000'],0.3333333333333333,query_1,18,0.038461538461538464,True,KEGG,156,457,59,4.510653348492657,0.3333333333333333
"""Any process that results in a change in state or activity of a cell (in terms of movement, secretion, enzyme production, gene expression, etc.) as a result of a nitrogen compound stimulus."" [GOC:pr, GOC:TermGenie]",20972,30359,8,"[[], [], [], [], [], [], ['IDA'], [], ['IDA'], [], ['IDA', 'TAS', 'IEA'], [], ['IDA', 'IMP', 'ISS', 'IEA'], [], ['IEA'], ['IEA'], ['IEA'], ['IEA']]",cellular response to nitrogen compound,GO:1901699,3.090994906469117e-05,"['GO:0070887', 'GO:1901698']",0.47058823529411764,query_1,17,0.011834319526627219,True,GO:BP,676,20236,19,4.509901710593175,0.47058823529411764
"""Combining with a fibroblast growth factor receptor ligand and transmitting the signal across the plasma membrane to initiate a change in cell activity."" [GOC:mah]",20208,1203,4,"[[], [], [], [], [], [], [], [], [], [], [], [], [], [], ['IEA'], ['IEA'], ['IEA'], ['IEA']]",fibroblast growth factor receptor activity,GO:0005007,3.117834407885473e-05,['GO:0004714'],0.2222222222222222,query_1,18,0.0784313725490196,True,GO:MF,51,1203,1,4.506146954461904,0.2222222222222222
"""Combining with platelet-derived growth factor receptor ligand and transmitting the signal across the plasma membrane to initiate a change in cell activity."" [GOC:mah]",20208,1208,4,"[[], [], [], [], [], [], [], [], [], [], [], [], [], [], ['IEA'], ['IEA'], ['IEA'], ['IEA']]",platelet-derived growth factor receptor activity,GO:0005017,3.117834407885473e-05,['GO:0004714'],0.2222222222222222,query_1,18,0.0784313725490196,True,GO:MF,51,1208,1,4.506146954461904,0.2222222222222222
"""Combining with an epidermal growth factor receptor ligand and transmitting the signal across the plasma membrane to initiate a change in cell activity."" [GOC:bf]",20208,1202,4,"[[], [], [], [], [], [], [], [], [], [], [], [], [], [], ['IEA'], ['IEA'], ['IDA', 'IMP', 'NAS', 'IEA'], ['IEA']]",epidermal growth factor receptor activity,GO:0005006,3.117834407885473e-05,['GO:0004714'],0.2222222222222222,query_1,18,0.0784313725490196,True,GO:MF,51,1202,1,4.506146954461904,0.2222222222222222
"""Combining with platelet-derived growth factor isoform PDGF-BB or PDGF-AB to initiate a change in cell activity."" [PMID:1657917]",20208,1210,4,"[[], [], [], [], [], [], [], [], [], [], [], [], [], [], ['IEA'], ['IEA'], ['IEA'], ['IEA']]",platelet-derived growth factor beta-receptor activity,GO:0005019,3.117834407885473e-05,['GO:0005017'],0.2222222222222222,query_1,18,0.0784313725490196,True,GO:MF,51,1210,1,4.506146954461904,0.2222222222222222
"""Any process that results in a change in state or activity of a cell (in terms of movement, secretion, enzyme production, gene expression, etc.) as a result of a stimulus. The process begins with detection of the stimulus by a cell and ends with a change in state or activity or the cell."" [GOC:bf, GOC:jl]",20972,23106,17,"[['IGI', 'IBA', 'TAS', 'IEA'], ['IDA', 'IMP', 'IGI', 'ISS', 'IBA', 'IEA'], ['IDA', 'IMP', 'IBA', 'TAS', 'IEA'], ['IDA', 'IGI', 'IBA', 'IEA'], ['IDA', 'IBA'], ['IMP', 'IBA'], ['IDA', 'IMP', 'IGI', 'IEP', 'ISS', 'TAS', 'IEA'], ['IBA', 'TAS', 'IEA'], ['IDA'], [], ['IDA', 'IGI', 'ISS', 'IBA', 'TAS', 'NAS', 'IEA'], ['IDA', 'IMP', 'ISS', 'IBA', 'TAS', 'NAS'], ['IDA', 'IMP', 'ISS', 'IBA', 'TAS', 'NAS', 'IEA'], ['IDA', 'IMP', 'IEP', 'ISS'], ['IDA', 'IMP', 'ISS', 'IBA', 'TAS', 'IEA'], ['IDA', 'IMP', 'ISS', 'IBA', 'TAS', 'NAS', 'IEA'], ['IDA', 'IMP', 'IBA', 'TAS', 'IEA'], ['IDA', 'IMP', 'ISS', 'IBA', 'TAS', 'IEA']]",cellular response to stimulus,GO:0051716,3.135522012837219e-05,"['GO:0009987', 'GO:0050896']",1.0,query_1,17,0.0022895622895622897,True,GO:BP,7425,12983,19,4.5036901459266865,1.0
"""The biological process whose specific outcome is the progression of an anatomical structure from an initial condition to its mature state. This process begins with the formation of the structure and ends with the mature structure, whatever form that may be including its natural destruction. An anatomical structure is any biological entity that occupies space and is distinguished from its surroundings. Anatomical structures can be macroscopic such as a carpel, or microscopic such as an acrosome."" [GO_REF:0000021]",20972,22370,16,"[['IBA', 'IEA'], ['ISS', 'IEA'], ['IBA', 'IEA'], ['ISS', 'IBA', 'IEA'], [], ['IDA', 'IBA'], ['IMP', 'IEA'], ['IEA'], ['IBA', 'IEA'], [], ['TAS', 'IEA'], ['IMP', 'ISS', 'IEA'], ['IMP', 'ISS', 'TAS', 'IEA'], ['IMP', 'ISS'], ['IBA', 'NAS', 'IEA'], ['IDA', 'IMP', 'IBA'], ['IMP', 'IBA', 'IEA'], ['IDA', 'IEP', 'ISS', 'IBA', 'TAS', 'IEA']]",anatomical structure development,GO:0048856,3.168126538576961e-05,['GO:0032502'],0.9411764705882353,query_1,17,0.0026899798251513113,True,GO:BP,5948,12247,19,4.499197480520604,0.9411764705882353
"""Combining with insulin-like growth factor receptor ligand and transmitting the signal across the plasma membrane to initiate a change in cell activity."" [GOC:mah]",20208,1206,4,"[[], [], [], [], [], [], [], [], [], [], [], [], [], [], ['IEA'], ['IEA'], ['IEA'], ['IEA']]",insulin-like growth factor receptor activity,GO:0005010,3.375779966849174e-05,['GO:0004714'],0.2222222222222222,query_1,18,0.07692307692307693,True,GO:MF,52,1206,1,4.471625868414108,0.2222222222222222
"""Combining with a neurotrophin, any of a family of growth factors that prevent apoptosis in neurons and promote nerve growth, and transmitting the signal to initiate a change in cell activity."" [GOC:jl, GOC:signaling]",20208,1216,4,"[[], [], [], [], [], [], [], [], [], [], [], [], [], [], ['IEA'], ['IEA'], ['IEA'], ['IEA']]",neurotrophin receptor activity,GO:0005030,3.375779966849174e-05,['GO:0038023'],0.2222222222222222,query_1,18,0.07692307692307693,True,GO:MF,52,1216,1,4.471625868414108,0.2222222222222222
"""Combining with a vascular endothelial growth factor (VEGF) receptor ligand and transmitting the signal across the plasma membrane to initiate a change in cell activity."" [GOC:mah, GOC:signaling, PMID:19909239]",20208,1212,4,"[[], [], [], [], [], [], [], [], [], [], [], [], [], [], ['IEA'], ['IEA'], ['IEA'], ['IEA']]",vascular endothelial growth factor receptor activity,GO:0005021,3.375779966849174e-05,['GO:0004714'],0.2222222222222222,query_1,18,0.07692307692307693,True,GO:MF,52,1212,1,4.471625868414108,0.2222222222222222
"""Combining with a transmembrane ephrin to initiate a change in cell activity."" [GOC:mah, PMID:9530499]",20208,1201,4,"[[], [], [], [], [], [], [], [], [], [], [], [], [], [], ['IEA'], ['IEA'], ['IEA'], ['IEA']]",transmembrane-ephrin receptor activity,GO:0005005,3.649327977397149e-05,['GO:0005003'],0.2222222222222222,query_1,18,0.07547169811320754,True,GO:MF,53,1201,1,4.437787103373402,0.2222222222222222
"""Binding to ATP, adenosine 5'-triphosphate, a universally important coenzyme and enzyme regulator."" [ISBN:0198506732]",20208,1463,10,"[['IEA'], ['IDA', 'IEA'], ['IEA'], ['IDA', 'IEA'], [], [], [], [], [], [], ['IEA'], [], ['IDA', 'IC', 'IEA'], [], ['IEA'], ['IEA'], ['IEA'], ['IEA']]",ATP binding,GO:0005524,3.7011300546116425e-05,"['GO:0032559', 'GO:0035639']",0.5555555555555556,query_1,18,0.006648936170212766,True,GO:MF,1504,1463,2,4.431665653892241,0.5555555555555556
"""Any process that modulates the occurrence or rate of cell death by apoptotic process."" [GOC:jl, GOC:mtg_apoptosis]",20972,19927,10,"[[], [], [], ['ISS', 'IEA'], ['IDA'], ['IMP'], ['IDA', 'IMP', 'IGI', 'ISS', 'IEA'], ['IEA'], [], [], ['IMP', 'NAS', 'IEA'], [], ['IDA', 'IMP', 'ISS', 'TAS', 'NAS', 'IEA'], ['IDA', 'ISS'], ['IBA'], [], ['IMP', 'IBA'], []]",regulation of apoptotic process,GO:0042981,3.7670017536514765e-05,"['GO:0006915', 'GO:0043067']",0.5882352941176471,query_1,17,0.0070126227208976155,True,GO:BP,1426,9804,19,4.424004177619673,0.5882352941176471
"""Combining with a collagen and transmitting the signal from one side of the membrane to the other to initiate a change in cell activity."" [GOC:bf, GOC:uh, PMID:21568710]",20208,4957,4,"[[], [], [], [], [], [], [], [], [], [], [], [], [], [], ['IEA'], ['IEA'], ['IEA'], ['IEA']]",collagen receptor activity,GO:0038064,3.939087456894715e-05,['GO:0004888'],0.2222222222222222,query_1,18,0.07407407407407407,True,GO:MF,54,4957,1,4.404604376737156,0.2222222222222222
"""Combining with an ephrin receptor ligand to initiate a change in cell activity."" [GOC:mah, PMID:9530499]",20208,1199,4,"[[], [], [], [], [], [], [], [], [], [], [], [], [], [], ['IEA'], ['IEA'], ['IEA'], ['IEA']]",ephrin receptor activity,GO:0005003,3.939087456894715e-05,['GO:0004714'],0.2222222222222222,query_1,18,0.07407407407407407,True,GO:MF,54,1199,1,4.404604376737156,0.2222222222222222
"""Binding to a purine nucleotide, a compound consisting of a purine nucleoside esterified with (ortho)phosphate."" [GOC:ai]",20208,3041,11,"[['IEA'], ['IDA', 'IEA'], ['IEA'], ['IDA', 'IEA'], [], [], [], ['IBA', 'IEA'], [], [], ['IEA'], [], ['IDA', 'IC', 'IEA'], [], ['IEA'], ['IEA'], ['IEA'], ['IEA']]",purine nucleotide binding,GO:0017076,4.094762835666269e-05,['GO:0000166'],0.6111111111111112,query_1,18,0.005508262393590386,True,GO:MF,1997,3041,2,4.387771247052326,0.6111111111111112
"""Any process that results in a change in state or activity of a cell (in terms of movement, secretion, enzyme production, gene expression, etc.) as a result of an insulin stimulus. Insulin is a polypeptide hormone produced by the islets of Langerhans of the pancreas in mammals, and by the homologous organs of other organisms."" [GOC:mah, ISBN:0198506732]",20972,17477,6,"[[], [], [], [], [], [], [], [], [], [], ['IDA', 'TAS', 'IEA'], [], ['IDA', 'IMP', 'ISS', 'IEA'], [], ['IEA'], ['IEA'], ['IEA'], ['IEA']]",cellular response to insulin stimulus,GO:0032869,4.6201744078280985e-05,"['GO:0032868', 'GO:0071375']",0.35294117647058826,query_1,17,0.023809523809523808,True,GO:BP,252,7354,19,4.335341629870783,0.35294117647058826
"""Binding to an adenyl ribonucleotide, any compound consisting of adenosine esterified with (ortho)phosphate or an oligophosphate at any hydroxyl group on the ribose moiety."" [GOC:mah]",20208,4170,10,"[['IEA'], ['IDA', 'IEA'], ['IEA'], ['IDA', 'IEA'], [], [], [], [], [], [], ['IEA'], [], ['IDA', 'IC', 'IEA'], [], ['IEA'], ['IEA'], ['IEA'], ['IEA']]",adenyl ribonucleotide binding,GO:0032559,4.80052796602822e-05,"['GO:0030554', 'GO:0032555']",0.5555555555555556,query_1,18,0.00646830530401035,True,GO:MF,1546,4170,2,4.3187109959320535,0.5555555555555556
"""The multiplication or reproduction of cells, resulting in the expansion of a cell population."" [GOC:mah, GOC:mb]",20972,13133,11,"[[], [], [], [], ['IDA', 'IMP', 'IBA', 'TAS', 'IEA'], ['IMP', 'IEA'], ['IDA', 'IMP', 'ISS', 'IEA'], ['IEA'], [], [], ['IEA'], ['IDA', 'IMP', 'ISS', 'IEA'], ['IDA', 'IMP', 'TAS'], ['IDA', 'IMP', 'ISS', 'IBA'], ['IDA', 'IBA', 'IEA'], [], ['IDA', 'IMP', 'IBA', 'IEA'], ['IBA', 'TAS', 'IEA']]",cell population proliferation,GO:0008283,4.969762314078633e-05,['GO:0009987'],0.6470588235294118,query_1,17,0.0056093829678735335,True,GO:BP,1961,3010,19,4.303664381518678,0.6470588235294118
"""Any process that activates or increases the frequency, rate or extent of a biological process. Biological processes are regulated by many means; examples include the control of gene expression, protein modification or interaction with a protein or substrate molecule."" [GOC:jid]",20972,22075,16,"[['IEA'], [], ['IEA'], ['IEA'], ['IDA', 'IBA', 'TAS', 'IEA'], ['IMP', 'IBA'], ['IDA', 'IMP', 'IGI', 'ISS', 'IEA'], ['IMP', 'IEA'], ['IDA', 'IMP'], [], ['IDA', 'IGI', 'ISS', 'TAS', 'NAS', 'IEA'], ['IDA', 'IMP', 'ISS'], ['IDA', 'IMP', 'ISS', 'TAS', 'NAS', 'IEA'], ['IDA', 'IMP', 'IGI', 'ISS', 'IBA', 'NAS'], ['IDA', 'IMP', 'ISS', 'IBA', 'IEA'], ['IDA', 'IMP'], ['IDA', 'IMP', 'IBA', 'IEA'], ['IDA', 'IMP', 'ISS', 'IBA', 'TAS', 'IEA']]",positive regulation of biological process,GO:0048518,5.342602618010932e-05,"['GO:0008150', 'GO:0050789']",0.9411764705882353,query_1,17,0.0026016260162601626,True,GO:BP,6150,11952,19,4.272247127374865,0.9411764705882353
Thyroid cancer,8716,39221,4,"[[], [], [], [], [], [], ['KEGG'], ['KEGG'], ['KEGG'], [], [], [], [], ['KEGG'], [], [], [], []]",Thyroid cancer,KEGG:05216,5.3592756836311746e-05,['KEGG:00000'],0.2222222222222222,query_1,18,0.10810810810810811,True,KEGG,37,483,60,4.270893902071841,0.2222222222222222
"""Any process that decreases the rate, frequency or extent of the progression of the cell over time, from its formation to the mature structure. Cell development does not include the steps involved in committing a cell to a specific fate."" [GOC:BHF, GOC:dph, GOC:tb]",20972,14276,6,"[[], [], [], [], [], ['IDA', 'IBA'], ['IEA'], [], ['IEA'], [], [], ['ISS'], [], ['IMP'], ['IEA'], [], [], []]",negative regulation of cell development,GO:0010721,5.5632266995101055e-05,"['GO:0045596', 'GO:0048468', 'GO:0060284']",0.35294117647058826,query_1,17,0.023076923076923078,True,GO:BP,260,4153,19,4.254673242352849,0.35294117647058826
"""Any process that results in a change in state or activity of a cell or an organism (in terms of movement, secretion, enzyme production, gene expression, etc.) as a result of a growth factor stimulus."" [GOC:BHF, GOC:mah]",20972,25337,8,"[[], [], [], [], [], [], ['IEA'], [], [], [], ['IGI'], [], ['IDA', 'IMP', 'IEA'], ['TAS'], ['IDA', 'IMP', 'IEA'], ['IEA'], ['ISS', 'IEA'], ['IEA']]",response to growth factor,GO:0070848,5.856655212372268e-05,['GO:0009719'],0.47058823529411764,query_1,17,0.010899182561307902,True,GO:BP,734,15214,19,4.232350342605423,0.47058823529411764
Small cell lung cancer,8716,39227,5,"[[], [], [], [], [], [], ['KEGG'], [], [], [], ['KEGG'], ['KEGG'], ['KEGG'], ['KEGG'], [], [], [], []]",Small cell lung cancer,KEGG:05222,6.33578101264622e-05,['KEGG:00000'],0.2777777777777778,query_1,18,0.053763440860215055,True,KEGG,93,489,61,4.198199841936701,0.2777777777777778
"""Combining with a signal and transmitting the signal from one side of the membrane to the other to initiate a change in cell activity by catalysis of the reaction: ATP + a protein-L-tyrosine = ADP + a protein-L-tyrosine phosphate."" [EC:2.7.10.1, GOC:mah]",20208,970,4,"[[], [], [], [], [], [], [], [], [], [], [], [], [], [], ['IDA', 'IBA', 'IEA'], ['IBA', 'TAS', 'IEA'], ['IDA', 'IMP', 'IBA', 'TAS', 'NAS', 'IEA'], ['IDA', 'IBA', 'IEA']]",transmembrane receptor protein tyrosine kinase activity,GO:0004714,7.382379121712138e-05,"['GO:0004713', 'GO:0019199']",0.2222222222222222,query_1,18,0.06349206349206349,True,GO:MF,63,970,1,4.131803655396164,0.2222222222222222
"""Any process that activates or increases the frequency, rate or extent of intracellular signal transduction."" [GOC:BHF, GOC:dph, GOC:signaling, GOC:tb, GOC:TermGenie]",20972,30939,9,"[[], [], [], [], [], [], ['IMP', 'ISS'], ['IEA'], [], [], ['IGI', 'NAS'], ['IMP'], ['IDA', 'IEA'], ['IDA'], ['IDA', 'ISS', 'IBA', 'IEA'], [], ['IDA', 'IMP', 'IBA'], ['IMP', 'TAS']]",positive regulation of intracellular signal transduction,GO:1902533,7.556649336094045e-05,"['GO:0009967', 'GO:0035556', 'GO:1902531']",0.5294117647058824,query_1,17,0.008122743682310469,True,GO:BP,1108,20816,19,4.121670730611763,0.5294117647058824
"""Any process that modulates the frequency, rate or extent of cell differentiation, the process in which relatively unspecialized cells acquire specialized structural and functional features."" [GOC:go_curators]",20972,20800,10,"[[], [], [], [], [], ['IDA', 'IBA'], ['IEA'], ['IEA'], ['IEA'], [], [], ['IDA', 'IMP', 'ISS'], ['IMP', 'TAS'], ['IMP'], ['IEA'], [], ['IMP'], ['IDA', 'IEA']]",regulation of cell differentiation,GO:0045595,8.301244178295035e-05,"['GO:0030154', 'GO:0050793', 'GO:0050794']",0.5882352941176471,query_1,17,0.006455777921239509,True,GO:BP,1549,10677,19,4.0808568113259325,0.5882352941176471
"""Binding to an adenyl nucleotide, an adenosine esterified with (ortho)phosphate."" [ISBN:0198506732]",20208,3665,10,"[['IEA'], ['IDA', 'IEA'], ['IEA'], ['IDA', 'IEA'], [], [], [], [], [], [], ['IEA'], [], ['IDA', 'IC', 'IEA'], [], ['IEA'], ['IEA'], ['IEA'], ['IEA']]",adenyl nucleotide binding,GO:0030554,8.367755257273469e-05,['GO:0017076'],0.5555555555555556,query_1,18,0.006097560975609756,True,GO:MF,1640,3665,2,4.07739103067207,0.5555555555555556
"""Any process that activates or increases the frequency, rate or extent of the chemical reactions and pathways involving DNA."" [GOC:ai]",20972,22716,6,"[['IEA'], [], ['IEA'], ['IEA'], [], [], [], [], [], [], [], [], ['IDA'], ['ISS'], [], [], ['IDA'], []]",positive regulation of DNA metabolic process,GO:0051054,8.635924727444131e-05,"['GO:0006259', 'GO:0010604', 'GO:0051052']",0.35294117647058826,query_1,17,0.02142857142857143,True,GO:BP,280,12593,19,4.063691151724342,0.35294117647058826
"""Binding to a nucleotide, any compound consisting of a nucleoside that is esterified with (ortho)phosphate or an oligophosphate at any hydroxyl group on the ribose or deoxyribose."" [GOC:mah, ISBN:0198547684]",20208,31,11,"[['IEA'], ['IDA', 'IEA'], ['IEA'], ['IDA', 'IEA'], [], [], [], ['IBA', 'IEA'], [], [], ['IEA'], [], ['IDA', 'IC', 'IEA'], [], ['IEA'], ['IEA'], ['IEA'], ['IEA']]",nucleotide binding,GO:0000166,9.232752915151737e-05,"['GO:1901265', 'GO:1901363']",0.6111111111111112,query_1,18,0.005090236001850995,True,GO:MF,2161,31,2,4.034668786774699,0.6111111111111112
"""Any process that modulates the frequency, rate or extent of the chemical reactions and pathways involving macromolecules, any molecule of high relative molecular mass, the structure of which essentially comprises the multiple repetition of units derived, actually or conceptually, from molecules of low relative molecular mass."" [GOC:dph, GOC:tb]",20972,23610,16,"[['IEA'], ['IDA', 'IEA'], ['IEA'], ['IDA', 'ISS', 'IEA'], ['IDA', 'IMP', 'IEA'], [], ['IDA', 'IMP', 'IGI', 'ISS', 'IBA', 'NAS', 'IEA'], ['IMP', 'IEA'], ['IDA', 'IMP', 'IEA'], [], ['IEA'], ['IDA', 'IMP', 'IEA'], ['IDA', 'IMP', 'ISS', 'TAS', 'NAS', 'IEA'], ['IDA', 'IMP', 'IGI', 'ISS', 'IBA', 'NAS', 'IEA'], ['IDA', 'IMP', 'IEA'], ['IDA'], ['IDA', 'IMP'], ['IDA', 'IMP', 'ISS', 'IEA']]",regulation of macromolecule metabolic process,GO:0060255,9.765538981194695e-05,"['GO:0019222', 'GO:0043170']",0.9411764705882353,query_1,17,0.0025031289111389237,True,GO:BP,6392,13487,19,4.0103037820638905,0.9411764705882353
"""The series of molecular signals initiated by a ligand binding to a vascular endothelial growth factor receptor-1 (VEGFR-1) on the surface of a target cell, and ending with the regulation of a downstream cellular process, e.g. transcription."" [GOC:bf, GOC:uh, Wikipedia:FLT1, Wikipedia:VEGF_receptors]",20972,19064,4,"[[], [], [], [], [], [], [], [], [], [], [], [], [], [], ['IEA'], ['IEA'], ['IEA'], ['IEA']]",vascular endothelial growth factor receptor-1 signaling pathway,GO:0036323,9.77738335966213e-05,['GO:0048010'],0.23529411764705882,query_1,17,0.08,True,GO:BP,50,8941,19,4.009777356307282,0.23529411764705882
MAPK family signaling cascades,11056,40727,7,"[[], [], [], [], [], [], [], ['REAC'], [], [], ['REAC'], [], [], ['REAC'], ['REAC'], ['REAC'], ['REAC'], ['REAC']]",MAPK family signaling cascades,REAC:R-HSA-5683057,9.960909887570496e-05,['REAC:R-HSA-162582'],0.3888888888888889,query_1,18,0.02258064516129032,True,REAC,310,1403,97,4.001700988774855,0.3888888888888889
"""Any process that stops, prevents, or reduces the frequency, rate or extent of cell adhesion."" [GOC:go_curators]",20972,12715,6,"[[], [], [], [], ['IDA', 'IMP', 'IBA', 'IEA'], ['IDA', 'IBA', 'IEA'], [], [], ['IMP'], [], [], ['IMP'], ['IMP'], [], ['IEA'], [], [], []]",negative regulation of cell adhesion,GO:0007162,9.996482424141658e-05,"['GO:0007155', 'GO:0030155', 'GO:0048523']",0.35294117647058826,query_1,17,0.020905923344947737,True,GO:BP,287,2592,19,4.000152793253164,0.35294117647058826
"""Binding to an identical protein or proteins."" [GOC:jl]",20208,5080,11,"[[], [], [], ['IDA'], [], [], ['IPI'], ['IPI'], ['IPI'], [], [], ['IPI'], ['IDA', 'IPI'], ['IPI'], ['IPI'], ['IPI'], ['IPI'], ['IPI']]",identical protein binding,GO:0042802,0.00010053343537763913,['GO:0005515'],0.6111111111111112,query_1,18,0.005048187241854061,True,GO:MF,2179,5080,7,3.9976894767004096,0.6111111111111112
"""Combining with a protein hormone to initiate a change in cell activity."" [GOC:mah]",20208,2738,4,"[[], [], [], [], [], [], [], [], [], [], [], [], [], [], ['IEA'], ['IEA'], ['IEA'], ['IEA']]",protein-hormone receptor activity,GO:0016500,0.00010065112300548448,['GO:0038023'],0.2222222222222222,query_1,18,0.058823529411764705,True,GO:MF,68,2738,1,3.9971813751482603,0.2222222222222222
"""Binding to nucleoside phosphate."" [GOC:TermGenie]",20208,9833,11,"[['IEA'], ['IDA', 'IEA'], ['IEA'], ['IDA', 'IEA'], [], [], [], ['IBA', 'IEA'], [], [], ['IEA'], [], ['IDA', 'IC', 'IEA'], [], ['IEA'], ['IEA'], ['IEA'], ['IEA']]",nucleoside phosphate binding,GO:1901265,0.00010100786887245382,['GO:0005488'],0.6111111111111112,query_1,18,0.005045871559633028,True,GO:MF,2180,9833,2,3.9956447918137146,0.6111111111111112
"""Any process that activates or increases the frequency, rate or extent of isotype switching to IgG isotypes."" [GOC:jid]",20972,21923,3,"[['IEA'], [], ['IEA'], ['IEA'], [], [], [], [], [], [], [], [], [], [], [], [], [], []]",positive regulation of isotype switching to IgG isotypes,GO:0048304,0.00010691473507671988,"['GO:0045830', 'GO:0048291', 'GO:0048302']",0.17647058823529413,query_1,17,0.2727272727272727,True,GO:BP,11,11800,19,3.9709624358435427,0.17647058823529413
"""Any process that modulates the frequency, rate, or extent of an immune system process."" [GOC:add]",20972,11277,10,"[['IEA'], [], ['IEA'], ['IEA'], ['IDA', 'IMP', 'IBA', 'TAS', 'IEA'], ['IDA', 'IMP', 'IBA', 'IEA'], [], [], [], [], ['TAS'], [], ['IDA', 'IMP', 'TAS'], ['IMP'], ['IEA'], [], [], ['IDA', 'ISS', 'IEA']]",regulation of immune system process,GO:0002682,0.0001090260927484415,"['GO:0002376', 'GO:0050789']",0.5882352941176471,query_1,17,0.006273525721455458,True,GO:BP,1594,1154,19,3.9624695517791406,0.5882352941176471
Transcriptional regulation by the AP-2 (TFAP2) family of transcription factors,11056,41978,4,"[[], [], [], [], [], [], [], [], [], [], [], [], [], ['REAC'], ['REAC'], [], ['REAC'], ['REAC']]",Transcriptional regulation by the AP-2 (TFAP2) family of transcription factors,REAC:R-HSA-8864260,0.00011240530466475056,['REAC:R-HSA-212436'],0.2222222222222222,query_1,18,0.10526315789473684,True,REAC,38,2654,99,3.9492131929282728,0.2222222222222222
"""Binding to a molecule and eliciting a change in the protein's activity in response to the intracellular level of that molecule."" [PMID:26328879]",20208,9259,4,"[['IEA'], ['IEA'], ['IEA'], ['IEA'], [], [], [], [], [], [], [], [], [], [], [], [], [], []]",molecular sensor activity,GO:0140299,0.00011988606785102003,['GO:0098772'],0.2222222222222222,query_1,18,0.056338028169014086,True,GO:MF,71,9259,3,3.921231284015309,0.2222222222222222
"""Any process that results in a change in state or activity of a cell (in terms of movement, secretion, enzyme production, gene expression, etc.) as a result of a stem cell factor (SCF) stimulus."" [GOC:uh, PMID:18787413, PMID:7520444]",20972,19004,4,"[[], [], [], [], [], [], [], [], [], [], [], [], [], [], ['IEA'], ['IEA'], ['IEA'], ['IDA', 'IBA', 'IEA']]",cellular response to stem cell factor stimulus,GO:0036216,0.000124133756499896,"['GO:0036215', 'GO:0071345']",0.23529411764705882,query_1,17,0.07547169811320754,True,GO:BP,53,8881,19,3.906110101916884,0.23529411764705882
"""The series of molecular signals initiated by the binding of stem cell factor to the tyrosine kinase receptor KIT on the surface of a target cell, and ending with regulation of a downstream cellular process, e.g. transcription. Stem cell factor (KIT ligand) binding to the receptor Kit mediates receptor dimerization, activation of its intrinsic tyrosine kinase activity and autophosphorylation. The activated receptor then phosphorylates various substrates, thereby activating distinct signaling cascades within the cell that trigger a change in state or activity of the cell."" [GOC:nhn, GOC:signaling, PMID:16129412]",20972,19199,4,"[[], [], [], [], [], [], [], [], [], [], [], [], [], [], ['IEA'], ['IEA'], ['IEA'], ['IDA', 'IBA', 'IEA']]",Kit signaling pathway,GO:0038109,0.000124133756499896,"['GO:0007169', 'GO:0019221', 'GO:0036216']",0.23529411764705882,query_1,17,0.07547169811320754,True,GO:BP,53,9076,19,3.906110101916884,0.23529411764705882
"""Any process that results in a change in state or activity of a cell or an organism (in terms of movement, secretion, enzyme production, gene expression, etc.) as a result of a stem cell factor (SCF) stimulus."" [GOC:uh]",20972,19003,4,"[[], [], [], [], [], [], [], [], [], [], [], [], [], [], ['IEA'], ['IEA'], ['IEA'], ['IDA', 'IBA', 'IEA']]",response to stem cell factor,GO:0036215,0.000124133756499896,['GO:0034097'],0.23529411764705882,query_1,17,0.07547169811320754,True,GO:BP,53,8880,19,3.906110101916884,0.23529411764705882
"""A biological process whose specific outcome is the progression of an integrated living unit: an anatomical structure (which may be a subcellular structure, cell, tissue, or organ), or organism over time from an initial condition to a later condition."" [GOC:isa_complete]",20972,17240,16,"[['IBA', 'IEA'], ['ISS', 'IEA'], ['IBA', 'IEA'], ['ISS', 'IBA', 'IEA'], [], ['IDA', 'IBA'], ['IMP', 'IEA'], ['IEA'], ['IBA', 'IEA'], [], ['TAS', 'IEA'], ['IDA', 'IMP', 'ISS', 'IEA'], ['IDA', 'IMP', 'ISS', 'TAS', 'IEA'], ['IMP', 'ISS'], ['IBA', 'NAS', 'IEA'], ['IDA', 'IMP', 'IBA'], ['IMP', 'IBA', 'IEA'], ['IDA', 'IEP', 'ISS', 'IBA', 'TAS', 'IEA']]",developmental process,GO:0032502,0.00013793992697229591,['GO:0008150'],0.9411764705882353,query_1,17,0.002448355011476664,True,GO:BP,6535,7117,19,3.860310008269778,0.9411764705882353
"""A change in morphology and behavior of a leukocyte resulting from exposure to a specific antigen, mitogen, cytokine, cellular ligand, or soluble factor, leading to the initiation or perpetuation of an immune response."" [GOC:add, ISBN:0781735149]",20972,10982,6,"[['IEA'], ['ISS', 'IEA'], ['IEA'], ['ISS', 'IEA'], [], [], ['IEA'], [], [], [], [], [], [], [], [], [], [], ['IMP']]",leukocyte activation involved in immune response,GO:0002366,0.0001405175384188397,"['GO:0002263', 'GO:0045321']",0.35294117647058826,query_1,17,0.019736842105263157,True,GO:BP,304,859,19,3.852269466768415,0.35294117647058826
Focal adhesion,8716,39061,6,"[[], [], [], [], [], [], [], [], [], [], ['KEGG'], ['KEGG'], ['KEGG'], [], ['KEGG'], ['KEGG'], ['KEGG'], []]",Focal adhesion,KEGG:04510,0.00014076819728945899,['KEGG:00000'],0.3333333333333333,query_1,18,0.0297029702970297,True,KEGG,202,323,62,3.8514954510303556,0.3333333333333333
"""Any process that results in a change in state or activity of a cell (in terms of movement, secretion, enzyme production, gene expression, etc.) as a result of an oxygen-containing compound stimulus."" [GOC:pr, GOC:TermGenie]",20972,30361,9,"[[], [], [], [], ['IBA'], [], ['IDA'], [], ['IDA'], [], ['IDA', 'ISS', 'TAS', 'IEA'], [], ['IDA', 'IMP', 'ISS', 'IEA'], [], ['IEA'], ['IMP', 'IEA'], ['IDA', 'IEA'], ['IEA']]",cellular response to oxygen-containing compound,GO:1901701,0.0001439106942641472,"['GO:0070887', 'GO:1901700']",0.5294117647058824,query_1,17,0.007537688442211055,True,GO:BP,1194,20238,19,3.841906931655238,0.5294117647058824
"""The process in which immunoglobulin genes are formed through recombination of the germline genetic elements, also known as immunoglobulin gene segments, within a single locus following the induction of and contributing to an immune response."" [GOC:add, ISBN:0781735149]",20972,10845,4,"[['IEA'], ['ISS', 'IEA'], ['IEA'], ['ISS', 'IBA', 'IEA'], [], [], [], [], [], [], [], [], [], [], [], [], [], []]",somatic recombination of immunoglobulin genes involved in immune response,GO:0002204,0.00014443579632552768,"['GO:0002208', 'GO:0016447']",0.23529411764705882,query_1,17,0.07272727272727272,True,GO:BP,55,722,19,3.8403251598131525,0.23529411764705882
"""The somatic process that results in the generation of sequence diversity of immunoglobulins after induction, and contributes to an immune response."" [GOC:add, ISBN:0781735149, PMID:14991701]",20972,10847,4,"[['IEA'], ['ISS', 'IEA'], ['IEA'], ['ISS', 'IBA', 'IEA'], [], [], [], [], [], [], [], [], [], [], [], [], [], []]",somatic diversification of immunoglobulins involved in immune response,GO:0002208,0.00014443579632552768,"['GO:0002381', 'GO:0016445']",0.23529411764705882,query_1,17,0.07272727272727272,True,GO:BP,55,724,19,3.8403251598131525,0.23529411764705882
"""The series of molecular signals initiated by the binding of the cytokine macrophage colony-stimulating factor (M-CSF) to its receptor on the surface of a target cell, and ending with the regulation of a downstream cellular process, e.g. transcription."" [GOC:signaling, GOC:uh, PMID:12138890, Wikipedia:Macrophage_colony-stimulating_factor]",20972,19222,4,"[[], [], [], [], [], [], [], [], [], [], [], [], [], [], ['IEA'], ['IEA'], ['IEA'], ['IEA']]",macrophage colony-stimulating factor signaling pathway,GO:0038145,0.00014443579632552768,"['GO:0019221', 'GO:0036006']",0.23529411764705882,query_1,17,0.07272727272727272,True,GO:BP,55,9099,19,3.8403251598131525,0.23529411764705882
"""The switching of activated B cells from IgM biosynthesis to biosynthesis of other isotypes of immunoglobulin, accomplished through a recombination process involving an intrachromosomal deletion involving switch regions that reside 5' of each constant region gene segment in the immunoglobulin heavy chain locus."" [ISBN:0781735149]",20972,20680,4,"[['IEA'], ['ISS', 'IEA'], ['IEA'], ['ISS', 'IEA'], [], [], [], [], [], [], [], [], [], [], [], [], [], []]",isotype switching,GO:0045190,0.00014443579632552768,"['GO:0002204', 'GO:0002312']",0.23529411764705882,query_1,17,0.07272727272727272,True,GO:BP,55,10557,19,3.8403251598131525,0.23529411764705882
"""The entirety of a process in which information is transmitted within a biological system. This process begins with an active signal and ends when a cellular response has been triggered."" [GOC:mtg_signal, GOC:mtg_signaling_feb11, GOC:signaling]",20972,16328,16,"[['IEA'], ['ISS', 'IEA'], [], ['IEA'], ['IDA', 'IBA'], ['IMP', 'IBA'], ['IDA', 'IMP', 'IGI', 'IEP', 'ISS', 'TAS', 'IEA'], ['IBA', 'TAS', 'IEA'], ['IEA'], [], ['IGI', 'ISS', 'IBA', 'TAS', 'NAS', 'IEA'], ['IDA', 'IMP', 'ISS', 'IBA', 'TAS', 'NAS'], ['IDA', 'IMP', 'ISS', 'IBA', 'TAS', 'NAS', 'IEA'], ['IDA', 'IMP', 'ISS'], ['IDA', 'IMP', 'ISS', 'IBA', 'TAS', 'IEA'], ['IDA', 'ISS', 'IBA', 'TAS', 'NAS', 'IEA'], ['IDA', 'IMP', 'IBA', 'TAS', 'IEA'], ['IDA', 'IMP', 'ISS', 'IBA', 'TAS', 'IEA']]",signaling,GO:0023052,0.00014571233884719,['GO:0050789'],0.9411764705882353,query_1,17,0.002439768222018908,True,GO:BP,6558,6205,19,3.8365036708356683,0.9411764705882353
"""An intracellular signaling cassette that starts with phosphatidylinositol 3-kinase (PI3K) activation, production of phosphatidylinositol 3-phosphate (PI3P), activation of PDK1, which recruits and ending with the activation of protein kinase B (PKB, also known as Akt). PI3K is activated by cell surface receptors. Note that PTEN is an inhibitor of the pathway."" [PMID:20517722, PMID:22952397]",20972,20180,6,"[[], [], [], [], [], [], [], [], [], [], ['IGI', 'ISS', 'IBA', 'IEA'], ['IDA', 'IMP', 'ISS', 'IBA', 'TAS', 'NAS'], ['IDA', 'IMP', 'TAS', 'IEA'], [], ['IDA'], [], ['IMP'], ['TAS']]",phosphatidylinositol 3-kinase/protein kinase B signal transduction,GO:0043491,0.00014607129222366826,['GO:0141124'],0.35294117647058826,query_1,17,0.0196078431372549,True,GO:BP,306,10057,19,3.835435128719477,0.35294117647058826
"""A change in the morphology or behavior of a cell resulting from exposure to an activating factor such as a cellular or soluble ligand, leading to the initiation or perpetuation of an immune response."" [GO_REF:0000022, GOC:add, ISBN:0781735149]",20972,10894,6,"[['IEA'], ['ISS', 'IEA'], ['IEA'], ['ISS', 'IEA'], [], [], ['IEA'], [], [], [], [], [], [], [], [], [], [], ['IMP']]",cell activation involved in immune response,GO:0002263,0.00015180497846416187,"['GO:0001775', 'GO:0002252', 'GO:0006955']",0.35294117647058826,query_1,17,0.01948051948051948,True,GO:BP,308,771,19,3.818713985462541,0.35294117647058826
"""Any process that results in a change in state or activity of a cell or an organism (in terms of movement, secretion, enzyme production, gene expression, etc.) as a result of an insulin stimulus. Insulin is a polypeptide hormone produced by the islets of Langerhans of the pancreas in mammals, and by the homologous organs of other organisms."" [GOC:mah, ISBN:0198506732]",20972,17476,6,"[[], [], [], [], [], [], [], [], [], [], ['IDA', 'TAS', 'IEA'], [], ['IDA', 'IMP', 'ISS', 'IEA'], [], ['IEA'], ['IEA'], ['IEA'], ['IEA']]",response to insulin,GO:0032868,0.00015180497846416187,['GO:0043434'],0.35294117647058826,query_1,17,0.01948051948051948,True,GO:BP,308,7353,19,3.818713985462541,0.35294117647058826
"""The series of molecular signals initiated a ligand binding to an alpha-type platelet-derived growth factor receptor (PDGFalpha) on the surface of a target cell, and ending with the regulation of a downstream cellular process, e.g. transcription."" [GOC:bf, GOC:yaf, PMID:10372961]",20972,18776,4,"[[], [], [], [], [], [], [], [], [], [], [], [], [], [], ['IEA'], ['IEA'], ['IEA'], ['IEA']]",platelet-derived growth factor receptor-alpha signaling pathway,GO:0035790,0.00015546901751710987,['GO:0048008'],0.23529411764705882,query_1,17,0.07142857142857142,True,GO:BP,56,8653,19,3.808356145942614,0.23529411764705882
"""Any process that mediates interactions between a cell and its surroundings. Encompasses interactions such as signaling or attachment between one cell and another cell, between a cell and an extracellular matrix, or between a cell and any other aspect of its environment."" [GOC:mah]",20972,12707,16,"[['IEA'], ['ISS', 'IEA'], [], ['IEA'], ['IDA', 'IBA'], ['IMP', 'IBA'], ['IDA', 'IMP', 'IGI', 'IEP', 'ISS', 'TAS', 'IEA'], ['IBA', 'TAS', 'IEA'], ['IEA'], [], ['IGI', 'ISS', 'IBA', 'TAS', 'NAS', 'IEA'], ['IDA', 'IMP', 'ISS', 'IBA', 'TAS', 'NAS'], ['IDA', 'IMP', 'ISS', 'IBA', 'TAS', 'NAS', 'IEA'], ['IDA', 'IMP', 'ISS'], ['IDA', 'IMP', 'ISS', 'IBA', 'TAS', 'IEA'], ['IDA', 'ISS', 'IBA', 'TAS', 'NAS', 'IEA'], ['IDA', 'IMP', 'IBA', 'TAS', 'IEA'], ['IDA', 'IMP', 'ISS', 'IBA', 'TAS', 'IEA']]",cell communication,GO:0007154,0.00016021115268786485,['GO:0009987'],0.9411764705882353,query_1,17,0.002424977265838133,True,GO:BP,6598,2584,19,3.795307254904662,0.9411764705882353
"""Binding to a carbohydrate derivative."" [GOC:pr]",20208,8334,11,"[['IEA'], ['IDA', 'IEA'], ['IEA'], ['IDA', 'IEA'], [], [], [], ['IBA', 'IEA'], [], [], ['IEA'], [], ['IDA', 'IC', 'IEA'], [], ['IEA'], ['IEA'], ['IEA'], ['IEA']]",carbohydrate derivative binding,GO:0097367,0.00016278606982868152,['GO:0005488'],0.6111111111111112,query_1,18,0.004816112084063047,True,GO:MF,2284,8334,2,3.7883827619491472,0.6111111111111112
"""The series of molecular signals generated as a consequence of a brain-derived neurotrophic factor receptor binding to one of its physiological ligands."" [GOC:mah]",20972,16872,4,"[[], [], [], [], [], [], [], [], [], [], [], [], [], [], ['IEA'], ['IEA'], ['IEA'], ['IEA']]",brain-derived neurotrophic factor receptor signaling pathway,GO:0031547,0.00016711951498207163,['GO:0007169'],0.23529411764705882,query_1,17,0.07017543859649122,True,GO:BP,57,6749,19,3.7769728334449066,0.23529411764705882
"""Binding to heterocyclic compound."" [GOC:TermGenie]",20208,9836,11,"[['IEA'], ['IDA', 'IEA'], ['IEA'], ['IDA', 'IEA'], [], [], [], ['IBA', 'IEA'], [], [], ['IEA'], [], ['IDA', 'IC', 'IEA'], [], ['IEA'], ['IEA'], ['IEA'], ['IEA']]",heterocyclic compound binding,GO:1901363,0.0001827381445676077,['GO:0036094'],0.6111111111111112,query_1,18,0.004761904761904762,True,GO:MF,2310,9836,2,3.738170789012409,0.6111111111111112
"""The series of molecular signals in which an intracellular signal is conveyed to trigger the apoptotic death of a cell. The pathway starts with reception of an intracellular signal (e.g. DNA damage, endoplasmic reticulum stress, oxidative stress etc.), and ends when the execution phase of apoptosis is triggered. The intrinsic apoptotic signaling pathway is crucially regulated by permeabilization of the mitochondrial outer membrane (MOMP)."" [GOC:mtg_apoptosis, GOC:yaf, PMID:11919192, PMID:17340152, PMID:18852119]",20972,27439,6,"[['IEA'], ['ISS', 'IEA'], [], ['IEA'], [], [], ['IDA', 'IMP', 'ISS', 'TAS', 'IEA'], [], [], [], [], [], ['IMP', 'NAS', 'IEA'], ['IDA'], [], [], [], []]",intrinsic apoptotic signaling pathway,GO:0097193,0.00018333463424098038,"['GO:0035556', 'GO:0097190']",0.35294117647058826,query_1,17,0.018867924528301886,True,GO:BP,318,17316,19,3.7367554835435564,0.35294117647058826
"""The cellular developmental process in which a relatively unspecialized cell, e.g. embryonic or regenerative cell, acquires specialized structural and/or functional features that characterize a specific cell. Differentiation includes the processes involved in commitment of a cell to a specific fate and its subsequent development to the mature state."" [ISBN:0198506732]",20972,16375,14,"[['IEA'], [], [], ['ISS', 'IEA'], [], ['IDA', 'IBA'], ['IMP', 'IEA'], ['IEA'], ['IEA'], [], ['IEA'], ['IDA', 'IMP', 'ISS'], ['IDA', 'IMP', 'ISS', 'TAS', 'IEA'], ['IMP'], ['IBA', 'IEA'], ['IDA', 'IBA'], ['IMP', 'IBA'], ['IDA', 'ISS', 'IBA', 'TAS', 'IEA']]",cell differentiation,GO:0030154,0.0001868918173886349,['GO:0048869'],0.8235294117647058,query_1,17,0.0031510240828269186,True,GO:BP,4443,6252,19,3.728409712750417,0.8235294117647058
"""A biological process whose specific outcome is the progression of a cell over time from an initial condition to a later condition."" [GOC:isa_complete]",20972,22382,14,"[['IEA'], [], [], ['ISS', 'IEA'], [], ['IDA', 'IBA'], ['IMP', 'IEA'], ['IEA'], ['IEA'], [], ['IEA'], ['IDA', 'IMP', 'ISS'], ['IDA', 'IMP', 'ISS', 'TAS', 'IEA'], ['IMP'], ['IBA', 'IEA'], ['IDA', 'IBA'], ['IMP', 'IBA'], ['IDA', 'ISS', 'IBA', 'TAS', 'IEA']]",cellular developmental process,GO:0048869,0.00018745133056088058,"['GO:0009987', 'GO:0032502']",0.8235294117647058,query_1,17,0.0031503150315031502,True,GO:BP,4444,12259,19,3.7271114725366563,0.8235294117647058
"""Any process that stops, prevents, or reduces the frequency, rate or extent of cell death by apoptotic process."" [GOC:jl, GOC:mtg_apoptosis]",20972,19972,8,"[[], [], [], ['ISS', 'IEA'], [], [], ['IDA', 'IMP', 'IGI', 'IEA'], ['IEA'], [], [], ['IMP', 'NAS', 'IEA'], [], ['IDA', 'IMP', 'ISS', 'TAS', 'NAS', 'IEA'], ['ISS'], ['IBA'], [], ['IMP', 'IBA'], []]",negative regulation of apoptotic process,GO:0043066,0.000192044999626656,"['GO:0006915', 'GO:0042981', 'GO:0043069']",0.47058823529411764,query_1,17,0.009345794392523364,True,GO:BP,856,9849,19,3.7165969962979326,0.47058823529411764
"""The appearance of immunoglobulin due to biosynthesis or secretion following a cellular stimulus during an immune response, resulting in an increase in its intracellular or extracellular levels."" [GOC:add, ISBN:0781735149, PMID:9185563]",20972,10992,4,"[['IEA'], ['ISS', 'IEA'], ['IEA'], ['ISS', 'IBA', 'IEA'], [], [], [], [], [], [], [], [], [], [], [], [], [], []]",immunoglobulin production involved in immunoglobulin-mediated immune response,GO:0002381,0.00019236203510913303,"['GO:0002377', 'GO:0016064']",0.23529411764705882,query_1,17,0.06779661016949153,True,GO:BP,59,869,19,3.715880636921628,0.23529411764705882
"""The series of molecular signals initiated by collagen binding to its receptor on the surface of a target cell where the receptor possesses tyrosine kinase activity, and ending with the regulation of a downstream cellular process, e.g. transcription."" [GOC:bf, GOC:uh, PMID:15888913, PMID:16626936]",20972,19180,4,"[[], [], [], [], [], [], [], [], [], [], [], [], [], [], ['IEA'], ['IEA'], ['IEA'], ['IEA']]",collagen-activated tyrosine kinase receptor signaling pathway,GO:0038063,0.00019236203510913303,"['GO:0007169', 'GO:0038065']",0.23529411764705882,query_1,17,0.06779661016949153,True,GO:BP,59,9057,19,3.715880636921628,0.23529411764705882
Signaling by Receptor Tyrosine Kinases,11056,41723,8,"[[], [], [], [], ['REAC'], [], [], [], [], [], ['REAC'], [], ['REAC'], ['REAC'], ['REAC'], ['REAC'], ['REAC'], ['REAC']]",Signaling by Receptor Tyrosine Kinases,REAC:R-HSA-9006934,0.00019764447966887297,['REAC:R-HSA-162582'],0.4444444444444444,query_1,18,0.015503875968992248,True,REAC,516,2399,97,3.7041153112619543,0.4444444444444444
"""Combining with a signal and transmitting the signal from one side of the membrane to the other to initiate a change in cell activity by catalysis of the reaction: a protein + ATP = a phosphoprotein + ADP."" [GOC:mah]",20208,3374,4,"[[], [], [], [], [], [], [], [], [], [], [], [], [], [], ['IDA', 'IBA', 'IEA'], ['IBA', 'TAS', 'IEA'], ['IDA', 'IMP', 'IBA', 'TAS', 'NAS', 'IEA'], ['IDA', 'IBA', 'IEA']]",transmembrane receptor protein kinase activity,GO:0019199,0.00020414547881425377,"['GO:0004672', 'GO:0004888']",0.2222222222222222,query_1,18,0.04938271604938271,True,GO:MF,81,3374,1,3.6900602339029436,0.2222222222222222
"""Binding to a double-stranded DNA region containing a single thymine insertion or a deletion that results in an unpaired thymine."" [GOC:mah, GOC:vk]",20208,4117,2,"[[], ['IDA'], [], ['IDA'], [], [], [], [], [], [], [], [], [], [], [], [], [], []]",single thymine insertion binding,GO:0032143,0.00021784009074001003,['GO:0032138'],0.1111111111111111,query_1,18,1.0,True,GO:MF,2,4117,4,3.6618621907652393,0.1111111111111111
"""Any process that results in a change in state or activity of a cell (in terms of movement, secretion, enzyme production, gene expression, etc.) as a result of a macrophage colony-stimulating factor stimulus."" [GOC:yaf, PMID:14687666]",20972,18900,4,"[[], [], [], [], [], [], [], [], [], [], [], [], [], [], ['IEA'], ['IEA'], ['IEA'], ['IEA']]",cellular response to macrophage colony-stimulating factor stimulus,GO:0036006,0.00022034651705264927,"['GO:0036005', 'GO:0071345']",0.23529411764705882,query_1,17,0.06557377049180328,True,GO:BP,61,8777,19,3.6568938098546293,0.23529411764705882
"""The series of molecular signals initiated by a ligand binding to a hepatocyte growth factor receptor, and ending with the regulation of a downstream cellular process, e.g. transcription."" [GOC:ceb]",20972,21747,4,"[[], [], [], [], [], [], [], [], [], [], [], [], [], [], ['IEA'], ['IEA'], ['IEA'], ['IEA']]",hepatocyte growth factor receptor signaling pathway,GO:0048012,0.00022034651705264927,['GO:0007169'],0.23529411764705882,query_1,17,0.06557377049180328,True,GO:BP,61,11624,19,3.6568938098546293,0.23529411764705882
Human T-cell leukemia virus 1 infection,8716,39201,6,"[[], [], [], [], [], [], ['KEGG'], ['KEGG'], [], [], ['KEGG'], ['KEGG'], ['KEGG'], ['KEGG'], [], [], [], []]",Human T-cell leukemia virus 1 infection,KEGG:05166,0.00023133285654576487,['KEGG:00000'],0.3333333333333333,query_1,18,0.02727272727272727,True,KEGG,220,463,63,3.6357626793646207,0.3333333333333333
"""Any process that activates or increases the frequency, rate or extent of lymphocyte activation."" [GOC:ai]",20972,22823,6,"[['IEA'], [], ['IEA'], ['IEA'], ['IDA', 'IBA', 'TAS'], [], [], [], [], [], ['TAS'], [], ['TAS'], [], [], [], [], []]",positive regulation of lymphocyte activation,GO:0051251,0.00023221901433441843,"['GO:0002696', 'GO:0046649', 'GO:0051249']",0.35294117647058826,query_1,17,0.01812688821752266,True,GO:BP,331,12700,19,3.6341022226576247,0.35294117647058826
"""Any process involved in the development or functioning of the immune system, an organismal system for calibrated responses to potential internal or invasive threats."" [GO_REF:0000022, GOC:add]",20972,10990,12,"[['IBA', 'IEA'], ['ISS', 'IEA'], ['IBA', 'IEA'], ['ISS', 'IBA', 'IEA'], ['IDA', 'IMP', 'IBA', 'TAS', 'IEA'], ['IDA', 'IMP', 'IBA', 'TAS', 'IEA'], ['IMP', 'IEA'], [], [], [], ['TAS'], [], ['IDA', 'IMP', 'TAS'], ['IMP'], ['IEA'], [], [], ['IDA', 'IMP', 'ISS', 'IBA', 'IEA']]",immune system process,GO:0002376,0.00023263782683579067,['GO:0008150'],0.7058823529411765,query_1,17,0.004119464469618949,True,GO:BP,2913,867,19,3.6333196677228465,0.7058823529411765
"""Any process that modulates the frequency, rate or extent of gene expression. Gene expression is the process in which a gene's coding sequence is converted into a mature gene product (protein or RNA)."" [GOC:txnOH-2018]",20972,14100,15,"[['IEA'], [], ['IEA'], ['IEA'], ['IDA', 'IMP', 'IEA'], [], ['IDA', 'IMP', 'IGI', 'ISS', 'IBA', 'NAS', 'IEA'], ['IMP', 'IEA'], ['IDA', 'IMP'], [], ['IEA'], ['IMP', 'IEA'], ['IDA', 'IMP', 'ISS', 'TAS', 'IEA'], ['IDA', 'IMP', 'IGI', 'ISS', 'IBA', 'NAS', 'IEA'], ['IMP', 'IEA'], ['IDA'], ['IDA', 'IMP'], ['IDA', 'ISS', 'IEA']]",regulation of gene expression,GO:0010468,0.00024362632540211437,"['GO:0010467', 'GO:0010556']",0.8823529411764706,query_1,17,0.0027031897639214274,True,GO:BP,5549,3977,19,3.613275785172388,0.8823529411764706
Thyroid hormone signaling pathway,8716,39128,5,"[[], [], [], [], [], [], ['KEGG'], ['KEGG'], [], [], ['KEGG'], [], ['KEGG'], ['KEGG'], [], [], [], []]",Thyroid hormone signaling pathway,KEGG:04919,0.00024369031395210787,['KEGG:00000'],0.2777777777777778,query_1,18,0.040983606557377046,True,KEGG,122,390,64,3.613161732533579,0.2777777777777778
Signaling by ERBB2,11056,41653,4,"[[], [], [], [], [], [], [], [], [], [], ['REAC'], [], ['REAC'], [], ['REAC'], [], ['REAC'], []]",Signaling by ERBB2,REAC:R-HSA-1227986,0.0002464877884218521,['REAC:R-HSA-9006934'],0.2222222222222222,query_1,18,0.08695652173913043,True,REAC,46,2329,97,3.6082045918122065,0.2222222222222222
"""The process in which immunoglobulin genes are formed through recombination of the germline genetic elements, as known as immunoglobulin gene segments, within a single locus."" [GOC:add, ISBN:0781735149]",20972,15097,4,"[['IEA'], ['ISS', 'IEA'], ['IEA'], ['ISS', 'IBA', 'IEA'], [], [], [], [], [], [], [], [], [], [], [], [], [], []]",somatic recombination of immunoglobulin gene segments,GO:0016447,0.00025126212705508486,"['GO:0002562', 'GO:0016445']",0.23529411764705882,query_1,17,0.06349206349206349,True,GO:BP,63,4974,19,3.5998729680351156,0.23529411764705882
"""The series of molecular signals initiated by collagen binding to a cell surface receptor, and ending with the regulation of a downstream cellular process, e.g. transcription."" [GOC:bf, GOC:uh, PMID:21568710]",20972,19181,4,"[[], [], [], [], [], [], [], [], [], [], [], [], [], [], ['IEA'], ['IEA'], ['IEA'], ['IEA']]",collagen-activated signaling pathway,GO:0038065,0.00025126212705508486,['GO:0007166'],0.23529411764705882,query_1,17,0.06349206349206349,True,GO:BP,63,9058,19,3.5998729680351156,0.23529411764705882
"""The series of molecular signals initiated by the binding of a ligand to a beta-type platelet-derived growth factor receptor (PDGFbeta) on the surface of a signal-receiving cell, and ending with the regulation of a downstream cellular process, e.g. transcription."" [GOC:bf, GOC:signaling, GOC:yaf, PMID:10372961]",20972,18777,4,"[[], [], [], [], [], [], [], [], [], [], [], [], [], [], ['IEA'], ['IEA'], ['IEA'], ['IEA']]",platelet-derived growth factor receptor-beta signaling pathway,GO:0035791,0.00025126212705508486,['GO:0048008'],0.23529411764705882,query_1,17,0.06349206349206349,True,GO:BP,63,8654,19,3.5998729680351156,0.23529411764705882
Chemical carcinogenesis - reactive oxygen species,8716,39214,6,"[[], [], [], [], [], [], [], ['KEGG'], [], [], ['KEGG'], ['KEGG'], ['KEGG'], [], [], ['KEGG'], ['KEGG'], []]",Chemical carcinogenesis - reactive oxygen species,KEGG:05208,0.0002635466268289535,['KEGG:00000'],0.3333333333333333,query_1,18,0.02666666666666667,True,KEGG,225,476,65,3.5791425380107653,0.3333333333333333
Human cytomegalovirus infection,8716,39198,6,"[[], [], [], [], [], [], ['KEGG'], ['KEGG'], [], [], ['KEGG'], [], ['KEGG'], ['KEGG'], [], [], ['KEGG'], []]",Human cytomegalovirus infection,KEGG:05163,0.0002635466268289535,['KEGG:00000'],0.3333333333333333,query_1,18,0.02666666666666667,True,KEGG,225,460,66,3.5791425380107653,0.3333333333333333
Sphingolipid signaling pathway,8716,39005,5,"[[], [], [], [], [], [], ['KEGG'], ['KEGG'], [], [], ['KEGG'], ['KEGG'], ['KEGG'], [], [], [], [], []]",Sphingolipid signaling pathway,KEGG:04071,0.00026402636110620684,['KEGG:00000'],0.2777777777777778,query_1,18,0.04032258064516129,True,KEGG,124,267,67,3.578352709829337,0.2777777777777778
"""The change in morphology and behavior of a mature or immature T cell resulting from exposure to a mitogen, cytokine, chemokine, cellular ligand, or an antigen for which it is specific."" [GOC:mgi_curators, ISBN:0781735149]",20972,19454,7,"[[], [], [], [], ['IDA', 'IMP', 'IBA', 'TAS', 'IEA'], ['IDA', 'IBA', 'IEA'], ['IEA'], [], [], [], ['TAS'], [], ['TAS'], [], ['IEA'], [], [], ['ISS', 'IEA']]",T cell activation,GO:0042110,0.0002714306090571775,['GO:0046649'],0.4117647058823529,query_1,17,0.012048192771084338,True,GO:BP,581,9331,19,3.5663411788020767,0.4117647058823529
"""A heterodimer involved in the recognition and repair of base-base and small insertion/deletion mismatches. In human the complex consists of two subunits, MSH2 and MSH6."" [PMID:11005803]",22155,35929,2,"[[], ['IDA', 'IPI', 'IBA', 'IEA'], [], ['IDA', 'IPI', 'IBA', 'IEA'], [], [], [], [], [], [], [], [], [], [], [], [], [], []]",MutSalpha complex,GO:0032301,0.0002849743508126439,"['GO:0032300', 'GO:0140513']",0.1111111111111111,query_1,18,0.6666666666666666,True,GO:CC,3,1260,15,3.545194227015408,0.1111111111111111
"""A heterodimer involved in the recognition of base-base and small insertion/deletion mismatches. In human the complex consists of two subunits, MLH1 and PMS2."" [GOC:vk]",22155,35932,2,"[['IBA', 'IEA'], [], ['IBA', 'IEA'], [], [], [], [], [], [], [], [], [], [], [], [], [], [], []]",MutLalpha complex,GO:0032389,0.0002849743508126439,"['GO:0032300', 'GO:0140513']",0.1111111111111111,query_1,18,0.6666666666666666,True,GO:CC,3,1263,15,3.545194227015408,0.1111111111111111
"""Any process that results in a change in state or activity of a cell or an organism (in terms of movement, secretion, enzyme production, gene expression, etc.) as a result of a macrophage colony-stimulating factor stimulus."" [GOC:yaf, PMID:14687666]",20972,18899,4,"[[], [], [], [], [], [], [], [], [], [], [], [], [], [], ['IEA'], ['IEA'], ['IEA'], ['IEA']]",response to macrophage colony-stimulating factor,GO:0036005,0.00028530400553860105,['GO:0034097'],0.23529411764705882,query_1,17,0.06153846153846154,True,GO:BP,65,8776,19,3.5446921310029307,0.23529411764705882
"""Any process that modulates the frequency, rate or extent of isotype switching to IgG isotypes."" [GOC:jid]",20972,21921,3,"[['IEA'], [], ['IEA'], ['IEA'], [], [], [], [], [], [], [], [], [], [], [], [], [], []]",regulation of isotype switching to IgG isotypes,GO:0048302,0.0002942353758633232,"['GO:0045191', 'GO:0048291']",0.17647058823529413,query_1,17,0.2,True,GO:BP,15,11798,19,3.531305113326303,0.17647058823529413
"""Any process that modulates the frequency, rate or extent of the growth of all or part of an organism so that it occurs at its proper speed, either globally or in a specific part of the organism's development."" [GOC:ems, GOC:mah]",20972,19385,7,"[[], [], [], [], [], [], ['IMP'], [], ['IEA'], [], ['IEA'], ['ISS'], ['IDA', 'IEA'], [], ['IMP'], [], ['IDA'], []]",regulation of growth,GO:0040008,0.0003012765757963086,"['GO:0040007', 'GO:0050789']",0.4117647058823529,query_1,17,0.011864406779661017,True,GO:BP,590,9262,19,3.5210346333378295,0.4117647058823529
"""Any process that modulates the rate, frequency or extent of the chemical reactions and pathways resulting in the formation of a macromolecule, any molecule of high relative molecular mass, the structure of which essentially comprises the multiple repetition of units derived, actually or conceptually, from molecules of low relative molecular mass."" [GOC:dph, GOC:tb]",20972,14146,15,"[['IEA'], [], ['IEA'], ['IEA'], ['IDA', 'IMP', 'IEA'], [], ['IDA', 'IMP', 'IGI', 'ISS', 'IBA', 'NAS', 'IEA'], ['IMP', 'IEA'], ['IDA', 'IMP'], [], ['IEA'], ['IMP', 'IEA'], ['IDA', 'IMP', 'ISS', 'TAS', 'NAS', 'IEA'], ['IDA', 'IMP', 'IGI', 'ISS', 'IBA', 'NAS', 'IEA'], ['IMP', 'IEA'], ['IDA'], ['IDA', 'IMP'], ['IDA', 'ISS', 'IEA']]",regulation of macromolecule biosynthetic process,GO:0010556,0.0003132176305363049,"['GO:0009059', 'GO:0009889', 'GO:0060255']",0.8823529411764706,query_1,17,0.002656277669559058,True,GO:BP,5647,4023,19,3.5041538001609327,0.8823529411764706
"""Any process that modulates the frequency, rate or extent of the chemical reactions and pathways within a cell or an organism."" [GOC:go_curators]",20972,15399,16,"[['IEA'], ['IDA', 'IEA'], ['IEA'], ['IDA', 'ISS', 'IEA'], ['IDA', 'IMP', 'IEA'], [], ['IDA', 'IMP', 'IGI', 'ISS', 'IBA', 'NAS', 'IEA'], ['IMP', 'IEA'], ['IDA', 'IMP', 'IEA'], [], ['NAS', 'IEA'], ['IDA', 'IMP', 'IEA'], ['IDA', 'IMP', 'ISS', 'TAS', 'NAS', 'IEA'], ['IDA', 'IMP', 'IGI', 'ISS', 'IBA', 'NAS', 'IEA'], ['IDA', 'IMP', 'IEA'], ['IDA', 'NAS'], ['IDA', 'IMP'], ['IDA', 'IMP', 'ISS', 'IEA']]",regulation of metabolic process,GO:0019222,0.0003217979660934618,"['GO:0008152', 'GO:0050794']",0.9411764705882353,query_1,17,0.002318840579710145,True,GO:BP,6900,5276,19,3.492416705162961,0.9411764705882353
"""Any process that results in a change in state or activity of a cell (in terms of movement, secretion, enzyme production, gene expression, etc.) as a result of a peptide hormone stimulus. A peptide hormone is any of a class of peptides that are secreted into the blood stream and have endocrine functions in living animals."" [GOC:mah]",20972,25614,6,"[[], [], [], [], [], [], [], [], [], [], ['IDA', 'TAS', 'IEA'], [], ['IDA', 'IMP', 'ISS', 'IEA'], [], ['IEA'], ['IEA'], ['IEA'], ['IEA']]",cellular response to peptide hormone stimulus,GO:0071375,0.0003280626039599449,"['GO:0032870', 'GO:0043434', 'GO:1901699', 'GO:1901701']",0.35294117647058826,query_1,17,0.017094017094017096,True,GO:BP,351,15491,19,3.4840432722639374,0.35294117647058826
PI3K events in ERBB2 signaling,11056,41065,3,"[[], [], [], [], [], [], [], [], [], [], ['REAC'], [], [], [], ['REAC'], [], ['REAC'], []]",PI3K events in ERBB2 signaling,REAC:R-HSA-1963642,0.00032881674289585644,['REAC:R-HSA-1227986'],0.16666666666666666,query_1,18,0.23076923076923078,True,REAC,13,1741,97,3.4830460768918567,0.16666666666666666
"""The somatic process that results in the generation of sequence diversity of immunoglobulins."" [GOC:add, GOC:ma, ISBN:0781735149]",20972,15095,4,"[['IBA', 'IEA'], ['ISS', 'IEA'], ['IBA', 'IEA'], ['ISS', 'IBA', 'IEA'], [], [], [], [], [], [], [], [], [], [], [], [], [], []]",somatic diversification of immunoglobulins,GO:0016445,0.00034267006283581787,"['GO:0002200', 'GO:0002377']",0.23529411764705882,query_1,17,0.058823529411764705,True,GO:BP,68,4972,19,3.465123835789356,0.23529411764705882
Diseases of DNA repair,11056,40120,4,"[['REAC'], ['REAC'], ['REAC'], ['REAC'], [], [], [], [], [], [], [], [], [], [], [], [], [], []]",Diseases of DNA repair,REAC:R-HSA-9675135,0.00034645374543102033,['REAC:R-HSA-1643685'],0.2222222222222222,query_1,18,0.08,True,REAC,50,796,98,3.4603547392483613,0.2222222222222222
"""Development of a tissue or tissues that work together to perform a specific function or functions. Development pertains to the process whose specific outcome is the progression of a structure over time, from its formation to the mature structure. Organs are commonly observed as visibly distinct structures, but may also exist as loosely associated clusters of cells that work together to perform a specific function or functions."" [GOC:dph, GOC:jid]",20972,22072,12,"[[], [], [], ['ISS', 'IEA'], [], [], ['IMP', 'IEA'], ['IEA'], ['IEA'], [], ['IEA'], ['IMP', 'ISS'], ['TAS', 'IEA'], ['ISS'], ['IEA'], ['IMP', 'IBA'], ['IMP', 'IEA'], ['IEP', 'ISS', 'IEA']]",animal organ development,GO:0048513,0.00034679532384819886,['GO:0048856'],0.7058823529411765,query_1,17,0.003976143141153081,True,GO:BP,3018,11949,19,3.459926767137625,0.7058823529411765
"""Any process that activates or increases the frequency, rate or extent of the chemical reactions and pathways involving RNA."" [GOC:ai]",20972,22826,10,"[['IEA'], [], [], [], ['IEA'], [], ['IDA', 'IMP', 'IGI', 'ISS', 'IEA'], [], ['IDA'], [], [], ['IMP'], ['IDA', 'IEA'], ['IDA', 'IMP', 'ISS'], ['IMP'], ['IDA'], ['IDA', 'IMP'], []]",positive regulation of RNA metabolic process,GO:0051254,0.0003521246223781678,"['GO:0010604', 'GO:0016070', 'GO:0051252']",0.5882352941176471,query_1,17,0.005543237250554324,True,GO:BP,1804,12703,19,3.4533036057475006,0.5882352941176471
Ras signaling pathway,8716,38992,6,"[[], [], [], [], [], [], [], ['KEGG'], [], [], ['KEGG'], [], ['KEGG'], [], [], ['KEGG'], ['KEGG'], ['KEGG']]",Ras signaling pathway,KEGG:04014,0.0003560238054098538,['KEGG:00000'],0.3333333333333333,query_1,18,0.02531645569620253,True,KEGG,237,254,68,3.4485209621044026,0.3333333333333333
"""Any process that results in a change in state or activity of a cell (in terms of movement, secretion, enzyme production, gene expression, etc.) as a result of a stimulus indicating damage to its DNA from environmental insults or errors during metabolism."" [GOC:go_curators]",20972,12593,8,"[['IGI', 'IBA', 'TAS', 'IEA'], ['IDA', 'IMP', 'IGI', 'ISS', 'IBA', 'IEA'], ['IDA', 'IMP', 'IBA', 'TAS', 'IEA'], ['IDA', 'IGI', 'IBA', 'IEA'], [], ['IMP'], ['IDA', 'IMP', 'IEA'], [], [], [], [], [], [], ['IDA'], [], [], ['IDA'], []]",DNA damage response,GO:0006974,0.00036003217402794986,['GO:0033554'],0.47058823529411764,query_1,17,0.008611410118406888,True,GO:BP,929,2470,19,3.4436586870703887,0.47058823529411764
"""The switching of activated B cells from IgM biosynthesis to biosynthesis of an IgG isotype, accomplished through a recombination process involving an intrachromosomal deletion between switch regions that reside 5' of the IgM and one of the IgG constant region gene segments in the immunoglobulin heavy chain locus."" [ISBN:0781735149, PMID:12370374, PMID:2113175, PMID:9186655]",20972,21910,3,"[['IEA'], [], ['IEA'], ['IEA'], [], [], [], [], [], [], [], [], [], [], [], [], [], []]",isotype switching to IgG isotypes,GO:0048291,0.0003619545013603997,['GO:0045190'],0.17647058823529413,query_1,17,0.1875,True,GO:BP,16,11787,19,3.44134601800272,0.17647058823529413
FoxO signaling pathway,8716,39003,5,"[[], [], [], [], [], [], [], ['KEGG'], [], [], ['KEGG'], ['KEGG'], ['KEGG'], [], [], [], ['KEGG'], []]",FoxO signaling pathway,KEGG:04068,0.00037266851180491344,['KEGG:00000'],0.2777777777777778,query_1,18,0.03759398496240601,True,KEGG,133,265,69,3.428677300906176,0.2777777777777778
"""Any process that results in a change in state or activity of a cell or an organism (in terms of movement, secretion, enzyme production, gene expression, etc.) as a result of a nitrogen compound stimulus."" [GOC:pr, GOC:TermGenie]",20972,30358,8,"[[], [], [], [], [], [], ['IDA'], [], ['IDA', 'IEA'], [], ['IDA', 'TAS', 'IEA'], [], ['IDA', 'IMP', 'ISS', 'IEA'], [], ['IEA'], ['IEA'], ['IEA'], ['IEA']]",response to nitrogen compound,GO:1901698,0.0003972271675467074,['GO:0042221'],0.47058823529411764,query_1,17,0.008501594048884165,True,GO:BP,941,20235,19,3.400961056470367,0.47058823529411764
"""Any process that activates or increases the frequency, rate, or extent of leukocyte activation."" [GOC:add]",20972,11291,6,"[['IEA'], [], ['IEA'], ['IEA'], ['IDA', 'IBA', 'TAS'], [], [], [], [], [], ['TAS'], [], ['TAS'], [], [], [], [], []]",positive regulation of leukocyte activation,GO:0002696,0.0003997632047950396,"['GO:0002684', 'GO:0002694', 'GO:0045321', 'GO:0050867']",0.35294117647058826,query_1,17,0.01652892561983471,True,GO:BP,363,1168,19,3.3981971819284316,0.35294117647058826
"""Binding to an anion, a charged atom or group of atoms with a net negative charge."" [GOC:jl]",20208,5157,11,"[['IEA'], ['IDA', 'IEA'], ['IEA'], ['IDA', 'IEA'], [], [], [], ['IBA', 'IEA'], [], [], ['IEA'], [], ['IDA', 'IC', 'IEA'], [], ['IEA'], ['IEA'], ['IEA'], ['IEA']]",anion binding,GO:0043168,0.00040173394546185414,['GO:0043167'],0.6111111111111112,query_1,18,0.004407051282051282,True,GO:MF,2496,5157,2,3.396061469976301,0.6111111111111112
Signaling by ERBB2 ECD mutants,11056,41654,3,"[[], [], [], [], [], [], [], [], [], [], ['REAC'], [], [], [], ['REAC'], [], ['REAC'], []]",Signaling by ERBB2 ECD mutants,REAC:R-HSA-9665348,0.00041806806512759495,['REAC:R-HSA-1227990'],0.16666666666666666,query_1,18,0.21428571428571427,True,REAC,14,2330,98,3.378753005538707,0.16666666666666666
Mismatch repair (MMR) directed by MSH2:MSH3 (MutSbeta),11056,40845,3,"[['REAC'], [], ['REAC'], ['REAC'], [], [], [], [], [], [], [], [], [], [], [], [], [], []]",Mismatch repair (MMR) directed by MSH2:MSH3 (MutSbeta),REAC:R-HSA-5358606,0.00041806806512759495,['REAC:R-HSA-5358508'],0.16666666666666666,query_1,18,0.21428571428571427,True,REAC,14,1521,100,3.378753005538707,0.16666666666666666
"""The process in which immune receptor genes are diversified through recombination of the germline genetic elements within a single genetic locus."" [GOC:add, ISBN:0781735149, PMID:16102575, PMID:16166509]",20972,11160,4,"[['IEA'], ['ISS', 'IEA'], ['IEA'], ['ISS', 'IBA', 'IEA'], [], [], [], [], [], [], [], [], [], [], [], [], [], []]",somatic diversification of immune receptors via germline recombination within a single locus,GO:0002562,0.0004320263326829148,"['GO:0002200', 'GO:0016444']",0.23529411764705882,query_1,17,0.05555555555555555,True,GO:BP,72,1037,19,3.364489781448164,0.23529411764705882
"""Recombination occurring within or between DNA molecules in somatic cells."" [GOC:ma]",20972,15094,4,"[['IEA'], ['ISS', 'IEA'], ['IEA'], ['ISS', 'IBA', 'IEA'], [], [], [], [], [], [], [], [], [], [], [], [], [], []]",somatic cell DNA recombination,GO:0016444,0.0004320263326829148,['GO:0006310'],0.23529411764705882,query_1,17,0.05555555555555555,True,GO:BP,72,4971,19,3.364489781448164,0.23529411764705882
"""The attachment of one cell to another cell via adhesion molecules."" [GOC:dos]",20972,27693,8,"[[], [], [], [], ['IDA', 'IMP', 'IBA', 'TAS', 'IEA'], ['IDA', 'IBA', 'IEA'], [], [], ['IDA', 'IMP', 'IBA', 'NAS', 'IEA'], [], ['TAS'], [], ['IMP', 'TAS'], [], ['IEA'], [], ['IMP'], ['ISS', 'IEA']]",cell-cell adhesion,GO:0098609,0.00048165683624893486,['GO:0007155'],0.47058823529411764,query_1,17,0.008290155440414507,True,GO:BP,965,17570,19,3.3172622713082225,0.47058823529411764
"""Any process that modulates the frequency, rate or extent of the chemical reactions and pathways resulting in the formation of substances."" [GOC:go_curators]",20972,13711,15,"[['IEA'], [], ['IEA'], ['IEA'], ['IDA', 'IMP', 'IEA'], [], ['IDA', 'IMP', 'IGI', 'ISS', 'IBA', 'NAS', 'IEA'], ['IMP', 'IEA'], ['IDA', 'IMP'], [], ['IEA'], ['IMP', 'IEA'], ['IDA', 'IMP', 'ISS', 'TAS', 'NAS', 'IEA'], ['IDA', 'IMP', 'IGI', 'ISS', 'IBA', 'NAS', 'IEA'], ['IMP', 'IEA'], ['IDA'], ['IDA', 'IMP'], ['IDA', 'ISS', 'IEA']]",regulation of biosynthetic process,GO:0009889,0.0004838558725523688,"['GO:0009058', 'GO:0019222']",0.8823529411764706,query_1,17,0.0025768768252877514,True,GO:BP,5821,3588,19,3.3152839835554975,0.8823529411764706
"""An intracellular signaling module that is part of larger signaling pathways that can be initiated either intracellularly or by cell surface receptors. Intracellular signaling cassettes are discrete signaling units that are often shared by multiple signaling pathways."" [GOC:ha, GOC:pg]",20972,28906,10,"[[], [], [], [], [], [], ['IEP'], ['IBA', 'TAS', 'IEA'], [], [], ['IGI', 'ISS', 'IBA', 'IEA'], ['IDA', 'IMP', 'ISS', 'IBA', 'TAS', 'NAS'], ['IDA', 'IMP', 'ISS', 'TAS', 'IEA'], ['IDA', 'IMP', 'ISS'], ['IDA', 'IMP', 'ISS', 'IBA', 'IEA'], ['IDA'], ['IDA', 'IMP', 'IBA', 'IEA'], ['IMP', 'TAS']]",intracellular signaling cassette,GO:0141124,0.0004841425278925379,['GO:0035556'],0.5882352941176471,query_1,17,0.0053590568060021436,True,GO:BP,1866,18783,19,3.3150267665269872,0.5882352941176471
"""Any process that modulates the frequency, rate or extent of the immune response, the immunological reaction of an organism to an immunogenic stimulus."" [GOC:ai]",20972,22514,8,"[['IEA'], [], ['IEA'], ['IEA'], ['IDA', 'IMP'], ['IMP', 'IBA'], [], [], [], [], ['TAS'], [], ['IDA'], [], [], [], [], ['IDA', 'IEA']]",regulation of immune response,GO:0050776,0.0005010699483552715,"['GO:0002682', 'GO:0006955', 'GO:0048583']",0.47058823529411764,query_1,17,0.008247422680412371,True,GO:BP,970,12391,19,3.300101643265993,0.47058823529411764
TFAP2 (AP-2) family regulates transcription of growth factors and their receptors,11056,41846,3,"[[], [], [], [], [], [], [], [], [], [], [], [], [], [], ['REAC'], [], ['REAC'], ['REAC']]",TFAP2 (AP-2) family regulates transcription of growth factors and their receptors,REAC:R-HSA-8866910,0.0005220531570756963,['REAC:R-HSA-8864260'],0.16666666666666666,query_1,18,0.2,True,REAC,15,2522,99,3.282285273531696,0.16666666666666666
"""Any process that activates or increases the frequency, rate or extent of activation."" [GOC:ai]",20972,22575,6,"[['IEA'], [], ['IEA'], ['IEA'], ['IDA', 'IBA', 'TAS'], [], [], [], [], [], ['TAS'], [], ['TAS'], [], [], [], [], []]",positive regulation of cell activation,GO:0050867,0.0005230162727564821,"['GO:0001775', 'GO:0048522', 'GO:0050865', 'GO:0051240']",0.35294117647058826,query_1,17,0.015789473684210527,True,GO:BP,380,12452,19,3.2814847985927584,0.35294117647058826
"""Any process that modulates the frequency, rate or extent of multicellular organismal development."" [GOC:obol]",20972,33661,9,"[[], [], [], [], [], ['IDA', 'IBA'], ['IEA'], ['IEA'], ['IEA'], [], [], ['ISS'], ['IEA'], ['IMP'], ['NAS', 'IEA'], [], [], ['IEA']]",regulation of multicellular organismal development,GO:2000026,0.0005352485460648589,"['GO:0007275', 'GO:0050793', 'GO:0051239']",0.5294117647058824,query_1,17,0.00646551724137931,True,GO:BP,1392,23538,19,3.2714445037380853,0.5294117647058824
"""Any process that stops, prevents or reduces the rate or extent of cell adhesion to another cell."" [GOC:isa_complete]",20972,16288,5,"[[], [], [], [], ['IDA', 'IMP', 'IBA', 'IEA'], ['IDA', 'IBA', 'IEA'], [], [], ['IMP'], [], [], [], ['IMP'], [], ['IEA'], [], [], []]",negative regulation of cell-cell adhesion,GO:0022408,0.0005771423803541118,"['GO:0007162', 'GO:0022407', 'GO:0098609']",0.29411764705882354,query_1,17,0.025380710659898477,True,GO:BP,197,6165,19,3.2387170336827724,0.29411764705882354
"""Catalytic activity that acts to modify DNA."" [GOC:molecular_function_refactoring, GOC:pdt]",20208,9191,5,"[['IEA'], ['IDA', 'IEA'], ['IEA'], ['IDA', 'IEA'], [], [], ['IDA'], [], [], [], [], [], [], [], [], [], [], []]","catalytic activity, acting on DNA",GO:0140097,0.0005844795146295518,['GO:0140640'],0.2777777777777778,query_1,18,0.020161290322580645,True,GO:MF,248,9191,3,3.233230705784011,0.2777777777777778
"""The somatic process allowing for the production of immune receptors whose specificity is not encoded in the germline genomic sequences."" [GOC:add, ISBN:0781735149, PMID:16102575, PMID:16166509]",20972,10841,4,"[['IBA', 'IEA'], ['ISS', 'IEA'], ['IBA', 'IEA'], ['ISS', 'IBA', 'IEA'], [], [], [], [], [], [], [], [], [], [], [], [], [], []]",somatic diversification of immune receptors,GO:0002200,0.0005972249371157605,"['GO:0002376', 'GO:0002520']",0.23529411764705882,query_1,17,0.05128205128205128,True,GO:BP,78,718,19,3.223862066610673,0.23529411764705882
"""Any cellular process that modulates the frequency, rate or extent of the chemical reactions and pathways involving nucleobases, nucleosides, nucleotides and nucleic acids."" [GOC:go_curators]",20972,15397,13,"[['IEA'], ['IDA', 'IEA'], ['IEA'], ['IDA', 'ISS', 'IEA'], ['IEA'], [], ['IDA', 'IMP', 'IGI', 'ISS', 'IBA', 'NAS', 'IEA'], [], ['IDA'], [], [], ['IMP', 'IEA'], ['IDA', 'TAS', 'IEA'], ['IDA', 'IMP', 'ISS', 'IBA', 'IEA'], ['IMP'], ['IDA'], ['IDA', 'IMP'], []]",regulation of nucleobase-containing compound metabolic process,GO:0019219,0.0006088373397927173,"['GO:0006139', 'GO:0080090']",0.7647058823529411,query_1,17,0.0032878098128477492,True,GO:BP,3954,5274,19,3.2154987202837266,0.7647058823529411
"""Any cellular metabolic process involving deoxyribonucleic acid. This is one of the two main types of nucleic acid, consisting of a long, unbranched macromolecule formed from one, or more commonly, two, strands of linked deoxyribonucleotides."" [ISBN:0198506732]",20972,12094,8,"[['IGI', 'IBA', 'TAS', 'IEA'], ['IDA', 'IMP', 'IGI', 'ISS', 'IBA', 'IEA'], ['IDA', 'IMP', 'IBA', 'TAS', 'IEA'], ['IDA', 'IMP', 'IGI', 'ISS', 'IBA', 'IEA'], [], [], ['IDA', 'IMP', 'IEA'], [], [], [], [], [], ['IDA'], ['IMP', 'ISS'], [], [], ['IDA'], []]",DNA metabolic process,GO:0006259,0.0006227346838143647,['GO:0090304'],0.47058823529411764,query_1,17,0.008016032064128256,True,GO:BP,998,1971,19,3.2056969451510775,0.47058823529411764
Phospholipase D signaling pathway,8716,39006,5,"[[], [], [], [], [], [], [], ['KEGG'], [], [], ['KEGG'], [], ['KEGG'], [], [], [], ['KEGG'], ['KEGG']]",Phospholipase D signaling pathway,KEGG:04072,0.0006288982177910709,['KEGG:00000'],0.2777777777777778,query_1,18,0.033783783783783786,True,KEGG,148,268,70,3.201419635999072,0.2777777777777778
"""Binding to a double-stranded DNA region containing a single guanine insertion or a deletion that results in an unpaired guanine."" [GOC:mah, GOC:vk]",20208,4116,2,"[[], ['IDA'], [], ['IDA'], [], [], [], [], [], [], [], [], [], [], [], [], [], []]",single guanine insertion binding,GO:0032142,0.0006531752814794737,['GO:0032138'],0.1111111111111111,query_1,18,0.6666666666666666,True,GO:MF,3,4116,4,3.184970258901981,0.1111111111111111
Renal cell carcinoma,8716,39216,4,"[[], [], [], [], [], [], [], ['KEGG'], [], [], ['KEGG'], [], ['KEGG'], [], [], ['KEGG'], [], []]",Renal cell carcinoma,KEGG:05211,0.0006731593979939224,['KEGG:00000'],0.2222222222222222,query_1,18,0.057971014492753624,True,KEGG,69,478,71,3.1718820866340662,0.2222222222222222
"""Binding to an enzyme, a protein with catalytic activity."" [GOC:jl]",20208,3454,10,"[['IPI'], ['IPI'], [], [], [], [], ['EXP', 'IPI', 'IEA'], [], ['IEA'], [], [], ['IPI'], ['IPI', 'ISS', 'IEA'], [], ['IDA', 'IPI'], ['IPI'], ['IPI', 'ISS'], ['IEA']]",enzyme binding,GO:0019899,0.0006983688277583068,['GO:0005515'],0.5555555555555556,query_1,18,0.0048543689320388345,True,GO:MF,2060,3454,8,3.155915153945513,0.5555555555555556
"""The process whose specific outcome is the progression of an organismal system whose objective is to provide calibrated responses by an organism to a potential internal or invasive threat, over time, from its formation to the mature structure. A system is a regularly interacting or interdependent group of organs or tissues that work together to carry out a given biological process."" [GOC:add, GOC:dph]",20972,11123,5,"[['IBA', 'IEA'], ['ISS', 'IEA'], ['IBA', 'IEA'], ['ISS', 'IBA', 'IEA'], [], [], ['IMP'], [], [], [], [], [], [], [], [], [], [], []]",immune system development,GO:0002520,0.0007029561814904678,"['GO:0002376', 'GO:0048731']",0.29411764705882354,query_1,17,0.024390243902439025,True,GO:BP,205,1000,19,3.1530717457198647,0.29411764705882354
"""Any process that modulates the frequency, rate or extent of intracellular signal transduction."" [GOC:dph, GOC:signaling, GOC:tb, GOC:TermGenie]",20972,30937,10,"[[], [], [], [], [], [], ['IMP', 'ISS', 'IEA'], ['IEA'], [], [], ['IGI', 'NAS'], ['IDA', 'IMP', 'ISS', 'IBA', 'TAS', 'NAS'], ['IDA', 'IMP', 'ISS', 'TAS', 'NAS', 'IEA'], ['IDA', 'ISS'], ['IDA', 'IMP', 'ISS', 'IBA', 'IEA'], ['IDA'], ['IDA', 'IMP', 'IBA'], ['IMP', 'TAS']]",regulation of intracellular signal transduction,GO:1902531,0.0007148035807714622,"['GO:0009966', 'GO:0035556']",0.5882352941176471,query_1,17,0.005141388174807198,True,GO:BP,1945,20814,19,3.145813280585263,0.5882352941176471
"""Any process that modulates the frequency, rate, or extent of the chemical reactions and pathways resulting in the breakdown of substances."" [GOC:go_curators]",20972,13716,8,"[['IEA'], [], [], [], [], [], ['IMP', 'IEA'], [], ['IEA'], [], ['NAS'], ['IDA'], ['IDA', 'IMP', 'TAS', 'NAS', 'IEA'], [], [], ['NAS'], ['IDA'], []]",regulation of catabolic process,GO:0009894,0.0007576864794980961,"['GO:0009056', 'GO:0019222']",0.47058823529411764,query_1,17,0.0078125,True,GO:BP,1024,3593,19,3.1205104624295465,0.47058823529411764
TP53 Regulates Transcription of DNA Repair Genes,11056,41877,4,"[['REAC'], [], ['REAC'], ['REAC'], [], [], ['REAC'], [], [], [], [], [], [], [], [], [], [], []]",TP53 Regulates Transcription of DNA Repair Genes,REAC:R-HSA-6796648,0.0007763354283899171,['REAC:R-HSA-3700989'],0.2222222222222222,query_1,18,0.06557377049180328,True,REAC,61,2553,99,3.1099505941751673,0.2222222222222222
Defective Mismatch Repair Associated With MSH6,11056,39941,2,"[[], ['REAC'], [], ['REAC'], [], [], [], [], [], [], [], [], [], [], [], [], [], []]",Defective Mismatch Repair Associated With MSH6,REAC:R-HSA-5632968,0.0008024353554301502,['REAC:R-HSA-5423599'],0.1111111111111111,query_1,18,1.0,True,REAC,2,617,98,3.0955899444817185,0.1111111111111111
Defective Mismatch Repair Associated With PMS2,11056,39942,2,"[['REAC'], [], ['REAC'], [], [], [], [], [], [], [], [], [], [], [], [], [], [], []]",Defective Mismatch Repair Associated With PMS2,REAC:R-HSA-5632987,0.0008024353554301502,['REAC:R-HSA-5423599'],0.1111111111111111,query_1,18,1.0,True,REAC,2,618,98,3.0955899444817185,0.1111111111111111
Defective Mismatch Repair Associated With MLH1,11056,39938,2,"[['REAC'], [], ['REAC'], [], [], [], [], [], [], [], [], [], [], [], [], [], [], []]",Defective Mismatch Repair Associated With MLH1,REAC:R-HSA-5545483,0.0008024353554301502,['REAC:R-HSA-5423599'],0.1111111111111111,query_1,18,1.0,True,REAC,2,614,98,3.0955899444817185,0.1111111111111111
"""The mitotic cell cycle transition by which a cell in G1 commits to S phase. The process begins with the build up of G1 cyclin-dependent kinase (G1 CDK), resulting in the activation of transcription of G1 cyclins. The process ends with the positive feedback of the G1 cyclins on the G1 CDK which commits the cell to S phase, in which DNA replication is initiated."" [GOC:mtg_cell_cycle]",20972,10153,5,"[[], [], [], [], [], [], ['IMP', 'IEA'], [], [], [], [], ['IDA'], ['IMP'], ['IDA'], [], [], ['IMP'], []]",G1/S transition of mitotic cell cycle,GO:0000082,0.000830022228642241,"['GO:0044772', 'GO:0044843']",0.29411764705882354,query_1,17,0.02358490566037736,True,GO:BP,212,30,20,3.0809102767234484,0.29411764705882354
RAF/MAP kinase cascade,11056,41238,6,"[[], [], [], [], [], [], [], ['REAC'], [], [], ['REAC'], [], [], [], ['REAC'], ['REAC'], ['REAC'], ['REAC']]",RAF/MAP kinase cascade,REAC:R-HSA-5673001,0.0008554136006682932,['REAC:R-HSA-5684996'],0.3333333333333333,query_1,18,0.022556390977443608,True,REAC,266,1914,97,3.0678238489491716,0.3333333333333333
"""The cellular process in which a signal is conveyed to trigger a change in the activity or state of a cell. Signal transduction begins with reception of a signal (e.g. a ligand binding to a receptor or receptor activation by a stimulus such as light), or for signal transduction in the absence of ligand, signal-withdrawal or the activity of a constitutively active receptor. Signal transduction ends with regulation of a downstream cellular process, e.g. regulation of transcription or regulation of a metabolic process. Signal transduction covers signaling from receptors located on the surface of the cell and signaling via molecules located within the cell. For signaling between cells, signal transduction is restricted to events at and within the receiving cell."" [GOC:go_curators, GOC:mtg_signaling_feb11]",20972,12718,15,"[['IEA'], ['ISS', 'IEA'], [], ['IEA'], ['IDA', 'IBA'], ['IMP', 'IBA'], ['IDA', 'IMP', 'IGI', 'IEP', 'ISS', 'TAS', 'IEA'], ['IBA', 'TAS', 'IEA'], [], [], ['IGI', 'ISS', 'IBA', 'TAS', 'NAS', 'IEA'], ['IDA', 'IMP', 'ISS', 'IBA', 'TAS', 'NAS'], ['IDA', 'IMP', 'ISS', 'IBA', 'TAS', 'NAS', 'IEA'], ['IDA', 'IMP', 'ISS'], ['IDA', 'IMP', 'ISS', 'IBA', 'TAS', 'IEA'], ['IDA', 'ISS', 'IBA', 'TAS', 'NAS', 'IEA'], ['IDA', 'IMP', 'IBA', 'TAS', 'IEA'], ['IDA', 'IMP', 'ISS', 'IBA', 'TAS', 'IEA']]",signal transduction,GO:0007165,0.0008661776197089837,"['GO:0007154', 'GO:0009987', 'GO:0023052', 'GO:0050794', 'GO:0051716']",0.8823529411764706,query_1,17,0.002474022761009401,True,GO:BP,6063,2595,19,3.062393041758865,0.8823529411764706
"""A change in morphology and behavior of a lymphocyte resulting from exposure to a specific antigen, mitogen, cytokine, chemokine, cellular ligand, or soluble factor, leading to the initiation or perpetuation of an immune response."" [GOC:add, ISBN:0781735149]",20972,10912,5,"[['IEA'], ['ISS', 'IEA'], ['IEA'], ['ISS', 'IEA'], [], [], ['IEA'], [], [], [], [], [], [], [], [], [], [], []]",lymphocyte activation involved in immune response,GO:0002285,0.0008694743608588861,"['GO:0002366', 'GO:0046649']",0.29411764705882354,query_1,17,0.02336448598130841,True,GO:BP,214,789,19,3.060743219988674,0.29411764705882354
"""Any process that results in a change in state or activity of a cell or an organism (in terms of movement, secretion, enzyme production, gene expression, etc.) as a result of a stimulus. The process begins with detection of the stimulus and ends with a change in state or activity or the cell or organism."" [GOC:ai, GOC:bf]",20972,22599,17,"[['IGI', 'IBA', 'TAS', 'IEA'], ['IDA', 'IMP', 'IGI', 'ISS', 'IBA', 'IEA'], ['IDA', 'IMP', 'IBA', 'TAS', 'IEA'], ['IDA', 'IGI', 'ISS', 'IBA', 'IEA'], ['IDA', 'IMP', 'IBA', 'IEA'], ['IMP', 'IBA', 'TAS', 'IEA'], ['IDA', 'IMP', 'IGI', 'IEP', 'ISS', 'TAS', 'IEA'], ['IBA', 'TAS', 'IEA'], ['IDA', 'IEA'], [], ['IDA', 'IGI', 'ISS', 'IBA', 'TAS', 'NAS', 'IEA'], ['IDA', 'IMP', 'ISS', 'IBA', 'TAS', 'NAS'], ['IDA', 'IMP', 'ISS', 'IBA', 'TAS', 'NAS', 'IEA'], ['IDA', 'IMP', 'IEP', 'ISS', 'TAS'], ['IDA', 'IMP', 'ISS', 'IBA', 'TAS', 'IEA'], ['IDA', 'IMP', 'ISS', 'IBA', 'TAS', 'NAS', 'IEA'], ['IDA', 'IMP', 'ISS', 'IBA', 'TAS', 'IEA'], ['IDA', 'IMP', 'ISS', 'IBA', 'TAS', 'IEA']]",response to stimulus,GO:0050896,0.0009114705946669917,['GO:0008150'],1.0,query_1,17,0.001878245497735057,True,GO:BP,9051,12476,19,3.040257337738418,1.0
"""The series of molecular signals initiated by ephrin binding to its receptor, and ending with the regulation of a downstream cellular process, e.g. transcription."" [GOC:ceb]",20972,21748,4,"[[], [], [], [], [], [], [], [], [], [], [], [], [], [], ['IEA'], ['IEA'], ['IEA'], ['IEA']]",ephrin receptor signaling pathway,GO:0048013,0.00092779419830155,['GO:0007169'],0.23529411764705882,query_1,17,0.04597701149425287,True,GO:BP,87,11625,19,3.032548347546404,0.23529411764705882
MAPK1/MAPK3 signaling,11056,40730,6,"[[], [], [], [], [], [], [], ['REAC'], [], [], ['REAC'], [], [], [], ['REAC'], ['REAC'], ['REAC'], ['REAC']]",MAPK1/MAPK3 signaling,REAC:R-HSA-5684996,0.0009530292493132691,['REAC:R-HSA-5683057'],0.3333333333333333,query_1,18,0.02214022140221402,True,REAC,271,1406,97,3.0208937702741396,0.3333333333333333
Hepatitis B,8716,39196,5,"[[], [], [], [], [], [], ['KEGG'], ['KEGG'], [], [], ['KEGG'], [], ['KEGG'], ['KEGG'], [], [], [], []]",Hepatitis B,KEGG:05161,0.00100642464964818,['KEGG:00000'],0.2777777777777778,query_1,18,0.03067484662576687,True,KEGG,163,458,72,2.9972187349005086,0.2777777777777778
"""Any process that results in a change in state or activity of a cell (in terms of movement, secretion, enzyme production, gene expression, etc.) as a result of a growth factor stimulus."" [GOC:mah]",20972,25602,7,"[[], [], [], [], [], [], ['IEA'], [], [], [], ['IGI'], [], ['IDA', 'IMP', 'IEA'], [], ['IDA', 'IMP', 'IEA'], ['IEA'], ['ISS', 'IEA'], ['IEA']]",cellular response to growth factor stimulus,GO:0071363,0.0010131459499293565,"['GO:0070848', 'GO:0071495']",0.4117647058823529,query_1,17,0.009915014164305949,True,GO:BP,706,15479,19,2.99432798733151,0.4117647058823529
"""Any process of the immune system that executes a component of an immune response. An effector immune process takes place after its activation."" [GO_REF:0000022, GOC:add, ISBN:0781735149]",20972,10884,7,"[['IEA'], ['ISS', 'IEA'], ['IEA'], ['ISS', 'IBA', 'IEA'], ['IDA', 'IMP'], [], ['IEA'], [], [], [], [], [], [], [], [], [], [], ['IDA', 'IMP', 'ISS', 'IEA']]",immune effector process,GO:0002252,0.0010523910027572855,['GO:0002376'],0.4117647058823529,query_1,17,0.009859154929577466,True,GO:BP,710,761,19,2.9778228734992633,0.4117647058823529
"""Binding to single-stranded DNA."" [GOC:elh, GOC:vw, PMID:22976174]",20208,325,4,"[['IDA'], [], ['IDA'], ['IDA'], [], [], ['IDA'], [], [], [], [], [], [], [], [], [], [], []]",single-stranded DNA binding,GO:0003697,0.0010534789065213275,['GO:0003677'],0.2222222222222222,query_1,18,0.03278688524590164,True,GO:MF,122,325,9,2.977374155711413,0.2222222222222222
"""Any process that modulates the frequency, rate or extent of nervous system development, the origin and formation of nervous tissue."" [GOC:ai]",20972,23210,6,"[[], [], [], [], [], [], ['IEA'], ['IEA'], ['IEA'], [], [], ['ISS'], ['IEA'], [], [], [], [], ['IEA']]",regulation of nervous system development,GO:0051960,0.0010783062334275592,"['GO:0007399', 'GO:2000026']",0.35294117647058826,query_1,17,0.013953488372093023,True,GO:BP,430,13087,19,2.9672578842318793,0.35294117647058826
"""The attachment of a cell, either to another cell or to an underlying substrate such as the extracellular matrix, via cell adhesion molecules."" [GOC:hb, GOC:pf]",20972,12708,9,"[[], [], [], [], ['IDA', 'IMP', 'IBA', 'TAS', 'IEA'], ['IDA', 'IBA', 'IEA'], [], [], ['IDA', 'IMP', 'IBA', 'NAS', 'IEA'], [], ['TAS'], ['IMP'], ['IMP', 'TAS'], [], ['IDA', 'IEA'], [], ['IMP'], ['ISS', 'IEA']]",cell adhesion,GO:0007155,0.0010806283335823182,['GO:0009987'],0.5294117647058824,query_1,17,0.005952380952380952,True,GO:BP,1512,2585,19,2.9663236496441905,0.5294117647058824
"""The leaflet the plasma membrane that faces the cytoplasm and any proteins embedded or anchored in it or attached to its surface."" [GOC:dos, GOC:tb]",22155,35304,4,"[[], [], [], [], [], [], [], ['IDA'], ['IDA'], [], [], ['IDA'], [], [], [], [], [], ['IEA']]",cytoplasmic side of plasma membrane,GO:0009898,0.001101638170933192,"['GO:0005886', 'GO:0098562']",0.2222222222222222,query_1,18,0.025157232704402517,True,GO:CC,159,635,14,2.9579610245136116,0.2222222222222222
Regulation of T cell activation by CD28 family,11056,41415,4,"[[], [], [], [], ['REAC'], ['REAC'], [], [], [], [], ['REAC'], [], ['REAC'], [], [], [], [], []]",Regulation of T cell activation by CD28 family,REAC:R-HSA-388841,0.001133321791606879,['REAC:R-HSA-1280218'],0.2222222222222222,query_1,18,0.05970149253731343,True,REAC,67,2091,101,2.9456467605012024,0.2222222222222222
"""A molecular function regulator that activates or increases the activity of its target via non-covalent binding that does not result in covalent modification to the target."" [GOC:curators]",20208,9398,8,"[[], [], [], [], ['IDA'], [], ['EXP', 'IPI'], [], [], [], ['IEA'], ['ISS'], ['IDA'], ['IEP'], [], ['EXP'], ['IDA'], []]",molecular function activator activity,GO:0140677,0.0011889605740881544,['GO:0098772'],0.4444444444444444,query_1,18,0.006617038875103391,True,GO:MF,1209,9398,3,2.9248325463399674,0.4444444444444444
"""The synthesis or release of any molecular mediator of the immune response, resulting in an increase in its intracellular or extracellular levels."" [GO_REF:0000022, GOC:add, ISBN:0781735149]",20972,11044,5,"[['IBA', 'IEA'], ['ISS', 'IEA'], ['IBA', 'IEA'], ['ISS', 'IBA', 'IEA'], [], [], [], [], [], [], [], [], [], [], [], [], [], ['IDA', 'ISS', 'IEA']]",production of molecular mediator of immune response,GO:0002440,0.0012150299378268364,"['GO:0002376', 'GO:0010467']",0.29411764705882354,query_1,17,0.021834061135371178,True,GO:BP,229,921,19,2.91541302110039,0.29411764705882354
"""Any process that stops, prevents, or reduces the frequency, rate or extent of an organismal process, the processes pertinent to the function of an organism above the cellular level; includes the integrated processes of tissues and organs."" [GOC:ai]",20972,22816,8,"[[], [], [], [], ['IDA', 'IMP', 'IBA', 'IEA'], ['IDA', 'IMP', 'IBA', 'IEA'], ['IEA'], [], ['IEA'], [], [], ['IMP', 'ISS'], [], ['IMP'], ['IEA'], [], ['IMP'], []]",negative regulation of multicellular organismal process,GO:0051241,0.0012270314567163392,"['GO:0032501', 'GO:0048519', 'GO:0051239']",0.47058823529411764,query_1,17,0.007332722273143905,True,GO:BP,1091,12693,19,2.911144303366551,0.47058823529411764
"""The process whose specific outcome is the progression of a tube over time, from its initial formation to a mature structure. Epithelial and endothelial tubes transport gases, liquids and cells from one site to another and form the basic structure of many organs and tissues including lung and trachea, kidney, the mammary gland, the vascular system and the gastrointestinal and urinary-genital tracts."" [PMID:12526790]",20972,18497,8,"[[], [], [], [], [], [], [], ['IEA'], [], [], ['IEA'], [], ['IMP'], ['ISS'], ['NAS'], ['IMP'], ['IEA'], ['ISS', 'IEA']]",tube development,GO:0035295,0.001252876988167416,"['GO:0007275', 'GO:0048856']",0.47058823529411764,query_1,17,0.007312614259597806,True,GO:BP,1094,8374,19,2.902091567459689,0.47058823529411764
"""The process in which anatomical structures are generated and organized. Morphogenesis pertains to the creation of form."" [GOC:go_curators, ISBN:0521436125]",20972,13537,11,"[[], [], [], [], [], [], ['IEA'], ['IEA'], ['IBA', 'IEA'], [], ['IEA'], ['IMP', 'ISS'], ['IMP'], ['ISS'], ['NAS', 'IEA'], ['IDA', 'IMP'], ['IEA'], ['ISS', 'IEA']]",anatomical structure morphogenesis,GO:0009653,0.0013566493331331128,"['GO:0032502', 'GO:0048856']",0.6470588235294118,query_1,17,0.004075583549462764,True,GO:BP,2699,3414,19,2.8675323943195514,0.6470588235294118
"""Any process that activates or increases the frequency, rate, or extent of an immune system process."" [GOC:add]",20972,11279,8,"[['IEA'], [], ['IEA'], ['IEA'], ['IDA', 'IBA', 'TAS'], ['IMP', 'IBA'], [], [], [], [], ['TAS'], [], ['IDA', 'TAS'], [], [], [], [], ['IDA', 'ISS', 'IEA']]",positive regulation of immune system process,GO:0002684,0.0014083598665091698,"['GO:0002376', 'GO:0002682', 'GO:0048518']",0.47058823529411764,query_1,17,0.0072007200720072,True,GO:BP,1111,1156,19,2.851286359348764,0.47058823529411764
"""Any process that stops, prevents, or reduces the frequency, rate or extent of autophagy. Autophagy is the process in which cells digest parts of their own cytoplasm."" [GOC:dph, GOC:tb]",20972,14120,4,"[[], [], [], [], [], [], ['IEA'], [], [], [], ['NAS'], [], ['IMP', 'NAS'], [], [], ['NAS'], [], []]",negative regulation of autophagy,GO:0010507,0.001437050353631785,"['GO:0006914', 'GO:0009895', 'GO:0010506']",0.23529411764705882,query_1,17,0.041237113402061855,True,GO:BP,97,3997,19,2.8425280141056524,0.23529411764705882
"""Any process that activates or increases the frequency, rate or extent of signal transduction."" [GOC:sm]",20972,13767,9,"[[], [], [], [], [], [], ['IMP', 'ISS'], ['IEA'], [], [], ['IGI', 'NAS'], ['IMP', 'ISS'], ['IDA', 'IEA'], ['IDA'], ['IDA', 'ISS', 'IBA', 'IEA'], [], ['IDA', 'IMP', 'IBA'], ['IMP', 'IBA', 'TAS', 'IEA']]",positive regulation of signal transduction,GO:0009967,0.0014778882537897589,"['GO:0007165', 'GO:0009966', 'GO:0010647', 'GO:0023056', 'GO:0048584']",0.5294117647058824,query_1,17,0.0057361376673040155,True,GO:BP,1569,3644,19,2.83035840261047,0.5294117647058824
"""Any apoptotic process in a fibroblast, a connective tissue cell which secretes an extracellular matrix rich in collagen and other macromolecules."" [CL:0000057, GOC:jl, GOC:mtg_apoptosis, GOC:yaf]",20972,20386,3,"[[], [], [], [], [], [], ['IEA'], [], [], [], ['IEA'], [], [], ['TAS'], [], [], [], []]",fibroblast apoptotic process,GO:0044346,0.0014799121315291607,['GO:0006915'],0.17647058823529413,query_1,17,0.12,True,GO:BP,25,10263,19,2.8297640696894195,0.17647058823529413
"""The cell cycle process by which a cell in G1 phase commits to S phase."" [GOC:mtg_cell_cycle]",20972,20557,5,"[[], [], [], [], [], [], ['IMP', 'IEA'], [], [], [], [], ['IDA'], ['IMP'], ['IDA'], [], [], ['IMP'], []]",cell cycle G1/S phase transition,GO:0044843,0.0015000931654007947,['GO:0044770'],0.29411764705882354,query_1,17,0.02092050209205021,True,GO:BP,239,10434,20,2.823881767635657,0.29411764705882354
Signaling by ERBB2 KD Mutants,11056,41655,3,"[[], [], [], [], [], [], [], [], [], [], ['REAC'], [], [], [], ['REAC'], [], ['REAC'], []]",Signaling by ERBB2 KD Mutants,REAC:R-HSA-9664565,0.0015167054487878508,['REAC:R-HSA-1227990'],0.16666666666666666,query_1,18,0.14285714285714285,True,REAC,21,2331,98,2.8190987530213043,0.16666666666666666
"""Any process that modulates the occurrence or rate of cell death by apoptotic process in neurons."" [GOC:go_curators, GOC:mtg_apoptosis]",20972,20195,5,"[[], [], [], ['ISS', 'IEA'], [], [], ['IEA'], ['IEA'], [], [], ['IEA'], [], ['IMP'], [], [], [], [], []]",regulation of neuron apoptotic process,GO:0043523,0.0015312747236284029,"['GO:0042981', 'GO:0051402']",0.29411764705882354,query_1,17,0.020833333333333332,True,GO:BP,240,10072,19,2.8149468862106044,0.29411764705882354
"""Any process that results in a change in state or activity of a cell or an organism (in terms of movement, secretion, enzyme production, gene expression, etc.) as a result of a peptide hormone stimulus. A peptide hormone is any of a class of peptides that are secreted into the blood stream and have endocrine functions in living animals."" [PMID:11027914, PMID:15134857, Wikipedia:Peptide_hormone]",20972,20141,6,"[[], [], [], [], [], [], [], [], [], [], ['IDA', 'TAS', 'IEA'], [], ['IDA', 'IMP', 'ISS', 'IEA'], [], ['IEA'], ['IEA'], ['IEA'], ['IEA']]",response to peptide hormone,GO:0043434,0.0015380900960624303,"['GO:0009725', 'GO:1901698', 'GO:1901700']",0.35294117647058826,query_1,17,0.01312910284463895,True,GO:BP,457,10018,19,2.8130182243026414,0.35294117647058826
"""Any process that modulates the frequency, rate or extent of the chemical reactions and pathways within a cell or an organism involving those compounds formed as a part of the normal anabolic and catabolic processes. These processes take place in most, if not all, cells of the organism."" [PMID:19211694]",20972,26740,14,"[['IEA'], ['IDA', 'IEA'], ['IEA'], ['IDA', 'ISS', 'IEA'], ['IEA'], [], ['IDA', 'IMP', 'IGI', 'ISS', 'IBA', 'NAS', 'IEA'], [], ['IDA', 'IEA'], [], [], ['IDA', 'IMP', 'IEA'], ['IDA', 'IMP', 'ISS', 'TAS', 'NAS', 'IEA'], ['IDA', 'IMP', 'ISS', 'IBA', 'NAS', 'IEA'], ['IDA', 'IMP'], ['IDA'], ['IDA', 'IMP'], ['IMP']]",regulation of primary metabolic process,GO:0080090,0.0015493501140149862,"['GO:0019222', 'GO:0044238']",0.8235294117647058,query_1,17,0.0026845637583892616,True,GO:BP,5215,16617,19,2.809850431560724,0.8235294117647058
"""Any immune system process that functions in the calibrated response of an organism to a potential internal or invasive threat."" [GO_REF:0000022, GOC:add]",20972,12578,10,"[['IEA'], ['ISS', 'IEA'], ['IEA'], ['ISS', 'IBA', 'IEA'], ['IDA', 'IMP', 'IBA', 'IEA'], ['IMP', 'IBA', 'TAS', 'IEA'], ['IEA'], [], [], [], ['TAS'], [], ['IDA'], [], [], [], [], ['IDA', 'IMP', 'ISS', 'IEA']]",immune response,GO:0006955,0.0015856427270398567,"['GO:0002376', 'GO:0050896']",0.5882352941176471,query_1,17,0.004721435316336166,True,GO:BP,2118,2455,19,2.7997946601168553,0.5882352941176471
Signaling by ERBB2 in Cancer,11056,41657,3,"[[], [], [], [], [], [], [], [], [], [], ['REAC'], [], [], [], ['REAC'], [], ['REAC'], []]",Signaling by ERBB2 in Cancer,REAC:R-HSA-1227990,0.0017543976355941296,['REAC:R-HSA-5663202'],0.16666666666666666,query_1,18,0.13636363636363635,True,REAC,22,2333,98,2.7558719666298463,0.16666666666666666
"""Any process that modulates the activity of an enzyme."" [GOC:ai, GOC:ebc, GOC:vw]",20972,22521,7,"[[], ['IDA'], [], ['IDA'], [], [], ['TAS'], [], [], [], [], ['IDA'], ['IDA'], [], ['IDA'], ['IDA'], [], []]",regulation of catalytic activity,GO:0050790,0.001878066210386379,['GO:0065009'],0.4117647058823529,query_1,17,0.00904392764857881,True,GO:BP,774,12398,21,2.7262891009418064,0.4117647058823529
"""Any process that activates or increases the frequency, rate or extent of the immune response, the immunological reaction of an organism to an immunogenic stimulus."" [GOC:ai]",20972,22516,7,"[['IEA'], [], ['IEA'], ['IEA'], ['IDA'], ['IMP', 'IBA'], [], [], [], [], ['TAS'], [], ['IDA'], [], [], [], [], []]",positive regulation of immune response,GO:0050778,0.0018943709465929022,"['GO:0002684', 'GO:0006955', 'GO:0048584', 'GO:0050776']",0.4117647058823529,query_1,17,0.00903225806451613,True,GO:BP,775,12393,19,2.7225349755521595,0.4117647058823529
"""Any process involved in the carrying out of an immune response by a leukocyte."" [GO_REF:0000022, GOC:add, ISBN:0781735149]",20972,11047,6,"[['IEA'], ['ISS', 'IEA'], ['IEA'], ['ISS', 'IBA', 'IEA'], ['IDA', 'IMP'], [], [], [], [], [], [], [], [], [], [], [], [], ['IMP', 'ISS', 'IEA']]",leukocyte mediated immunity,GO:0002443,0.0019258474771834961,['GO:0002252'],0.35294117647058826,query_1,17,0.01263157894736842,True,GO:BP,475,924,19,2.715378111001996,0.35294117647058826
Longevity regulating pathway,8716,39035,4,"[[], [], [], [], [], [], ['KEGG'], ['KEGG'], [], [], ['KEGG'], [], ['KEGG'], [], [], [], [], []]",Longevity regulating pathway,KEGG:04211,0.0019364535668889543,['KEGG:00000'],0.2222222222222222,query_1,18,0.044444444444444446,True,KEGG,90,297,73,2.7129929122517034,0.2222222222222222
"""Any process that modulates the frequency, rate, or extent of leukocyte mediated immunity."" [GOC:add]",20972,11298,5,"[['IEA'], [], ['IEA'], ['IEA'], ['IDA', 'IMP'], [], [], [], [], [], [], [], [], [], [], [], [], ['ISS', 'IEA']]",regulation of leukocyte mediated immunity,GO:0002703,0.0019470161365048324,"['GO:0002443', 'GO:0002697']",0.29411764705882354,query_1,17,0.01984126984126984,True,GO:BP,252,1175,19,2.710630449113782,0.29411764705882354
"""The series of molecular signals initiated by a ligand binding to a vascular endothelial growth factor receptor (VEGFR) on the surface of the target cell, and ending with the regulation of a downstream cellular process, e.g. transcription."" [GOC:ceb, GOC:signaling]",20972,21745,4,"[[], [], [], [], [], [], [], [], [], [], [], [], [], [], ['IEA'], ['IEA'], ['IEA'], ['IEA']]",vascular endothelial growth factor receptor signaling pathway,GO:0048010,0.0019747438120953937,['GO:0007169'],0.23529411764705882,query_1,17,0.0380952380952381,True,GO:BP,105,11622,19,2.704489238371727,0.23529411764705882
"""Any process that modulates the frequency, rate or extent of attachment of a cell to another cell or to the extracellular matrix."" [GOC:mah]",20972,16376,7,"[[], [], [], [], ['IDA', 'IMP', 'IBA', 'TAS', 'IEA'], ['IDA', 'IBA', 'IEA'], [], [], ['IMP'], [], ['TAS'], ['IMP'], ['IMP', 'TAS'], [], ['IDA', 'IEA'], [], [], []]",regulation of cell adhesion,GO:0030155,0.0019776949224365866,"['GO:0007155', 'GO:0050794']",0.4117647058823529,query_1,17,0.008974358974358974,True,GO:BP,780,6253,19,2.703840701475435,0.4117647058823529
"""The change in morphology and behavior of a mature or immature B cell during an immune response, resulting from exposure to a mitogen, cytokine, chemokine, cellular ligand, or an antigen for which it is specific."" [GOC:jal]",20972,10930,4,"[['IEA'], ['ISS', 'IEA'], ['IEA'], ['ISS', 'IEA'], [], [], [], [], [], [], [], [], [], [], [], [], [], []]",B cell activation involved in immune response,GO:0002312,0.0020511649315524626,"['GO:0002285', 'GO:0042113']",0.23529411764705882,query_1,17,0.03773584905660377,True,GO:BP,106,807,19,2.6879994171629567,0.23529411764705882
"""Any process that results in a change in state or activity of a cell or an organism (in terms of movement, secretion, enzyme production, gene expression, etc.) as a result of an oxygen-containing compound stimulus."" [GOC:pr, GOC:TermGenie]",20972,30360,9,"[[], [], [], [], ['IBA'], [], ['IDA'], [], ['IDA', 'IEA'], [], ['IDA', 'ISS', 'TAS', 'IEA'], [], ['IDA', 'IMP', 'ISS', 'IEA'], [], ['IEA'], ['IMP', 'IEA'], ['IDA', 'IEA'], ['IEA']]",response to oxygen-containing compound,GO:1901700,0.002060024574014388,['GO:0042221'],0.5294117647058824,query_1,17,0.0055147058823529415,True,GO:BP,1632,20237,19,2.6861275989050255,0.5294117647058824
"""The series of molecular signals in which an intracellular signal is conveyed to trigger the apoptotic death of a cell. The pathway is induced by the detection of DNA damage, and ends when the execution phase of apoptosis is triggered."" [GOC:go_curators, GOC:mtg_apoptosis]",20972,13201,4,"[['IEA'], ['ISS', 'IEA'], [], ['IEA'], [], [], ['IDA', 'IMP', 'IEA'], [], [], [], [], [], [], [], [], [], [], []]",intrinsic apoptotic signaling pathway in response to DNA damage,GO:0008630,0.0021297629099742083,"['GO:0006974', 'GO:0097193']",0.23529411764705882,query_1,17,0.037383177570093455,True,GO:BP,107,3078,19,2.671668740514763,0.23529411764705882
"""The series of molecular signals initiated by a ligand binding to a platelet-derived growth factor receptor on the surface of a target cell, and ending with the regulation of a downstream cellular process, e.g. transcription."" [GOC:ceb]",20972,21743,4,"[[], [], [], [], [], [], [], [], [], [], [], [], [], [], ['IEA'], ['IEA'], ['IEA'], ['IEA']]",platelet-derived growth factor receptor signaling pathway,GO:0048008,0.0021297629099742083,['GO:0007169'],0.23529411764705882,query_1,17,0.037383177570093455,True,GO:BP,107,11620,19,2.671668740514763,0.23529411764705882
"""Any process that activates or increases the frequency, rate or extent of an organismal process, any of the processes pertinent to the function of an organism above the cellular level; includes the integrated processes of tissues and organs."" [GOC:ai]",20972,22815,9,"[['IEA'], [], ['IEA'], ['IEA'], ['IDA', 'IBA', 'TAS'], [], [], ['IEA'], [], [], ['TAS'], [], ['TAS', 'IEA'], ['ISS'], [], [], [], ['IDA', 'ISS', 'IEA']]",positive regulation of multicellular organismal process,GO:0051240,0.002135632692993615,"['GO:0032501', 'GO:0048518', 'GO:0051239']",0.5294117647058824,query_1,17,0.005491153142159854,True,GO:BP,1639,12692,19,2.670473439435197,0.5294117647058824
Adherens junction,8716,39067,4,"[[], [], [], [], [], [], [], [], ['KEGG'], [], [], [], [], [], ['KEGG'], ['KEGG'], ['KEGG'], []]",Adherens junction,KEGG:04520,0.0022041710728567766,['KEGG:00000'],0.2222222222222222,query_1,18,0.043010752688172046,True,KEGG,93,329,74,2.6567547015106108,0.2222222222222222
"""Any process that results in a change in state or activity of a cell (in terms of movement, secretion, enzyme production, gene expression, etc.) as a result of a chemical stimulus."" [GOC:mah]",20972,25354,10,"[[], [], [], [], ['IBA'], [], ['IDA', 'IMP', 'IEP', 'IEA'], [], ['IDA'], [], ['IDA', 'ISS', 'TAS', 'IEA'], [], ['IDA', 'IMP', 'ISS', 'IEA'], ['IDA'], ['IEA'], ['IMP', 'IEA'], ['IDA', 'IEA'], ['IDA', 'IEA']]",cellular response to chemical stimulus,GO:0070887,0.002248173376698176,"['GO:0042221', 'GO:0051716']",0.5882352941176471,query_1,17,0.004547521600727604,True,GO:BP,2199,15231,19,2.648170199490948,0.5882352941176471
"""The appearance of immunoglobulin due to biosynthesis or secretion following a cellular stimulus, resulting in an increase in its intracellular or extracellular levels."" [GOC:add, ISBN:0781735149]",20972,10991,4,"[['IBA', 'IEA'], ['ISS', 'IEA'], ['IBA', 'IEA'], ['ISS', 'IBA', 'IEA'], [], [], [], [], [], [], [], [], [], [], [], [], [], []]",immunoglobulin production,GO:0002377,0.0022936498014535294,['GO:0002440'],0.23529411764705882,query_1,17,0.03669724770642202,True,GO:BP,109,868,19,2.639472890230019,0.23529411764705882
"""Any process that activates or increases the frequency, rate or extent of isotype switching."" [GOC:go_curators]",20972,20998,3,"[['IEA'], [], ['IEA'], ['IEA'], [], [], [], [], [], [], [], [], [], [], [], [], [], []]",positive regulation of isotype switching,GO:0045830,0.00234642377747381,"['GO:0002639', 'GO:0002891', 'GO:0045190', 'GO:0045191', 'GO:0045911', 'GO:0050871', 'GO:0051094']",0.17647058823529413,query_1,17,0.10344827586206896,True,GO:BP,29,10875,19,2.629593549084209,0.17647058823529413
"""Any process that modulates the frequency, rate or extent of attachment of a cell to another cell."" [GOC:isa_complete]",20972,16287,6,"[[], [], [], [], ['IDA', 'IMP', 'IBA', 'TAS', 'IEA'], ['IDA', 'IBA', 'IEA'], [], [], ['IMP'], [], ['TAS'], [], ['IMP', 'TAS'], [], ['IEA'], [], [], []]",regulation of cell-cell adhesion,GO:0022407,0.0023904266921027316,"['GO:0030155', 'GO:0098609']",0.35294117647058826,query_1,17,0.012170385395537525,True,GO:BP,493,6164,19,2.621524570396738,0.35294117647058826
"""Catalysis of the phosphorylation of an amino acid residue in a protein, usually according to the reaction: a protein + ATP = a phosphoprotein + ADP."" [PMID:25399640]",20208,942,6,"[[], [], [], [], [], [], [], [], [], [], ['IEA'], [], ['EXP', 'IDA', 'IMP', 'ISS', 'IBA', 'TAS', 'NAS', 'IEA'], [], ['IDA', 'IBA', 'TAS', 'IEA'], ['IBA', 'TAS', 'NAS', 'IEA'], ['IDA', 'IMP', 'IBA', 'TAS', 'NAS', 'IEA'], ['IDA', 'IBA', 'TAS', 'IEA']]",protein kinase activity,GO:0004672,0.00239176567584638,"['GO:0016301', 'GO:0016773', 'GO:0140096']",0.3333333333333333,query_1,18,0.010186757215619695,True,GO:MF,589,942,1,2.621281370951095,0.3333333333333333
Kaposi sarcoma-associated herpesvirus infection,8716,39202,5,"[[], [], [], [], [], [], ['KEGG'], ['KEGG'], [], [], ['KEGG'], [], ['KEGG'], ['KEGG'], [], [], [], []]",Kaposi sarcoma-associated herpesvirus infection,KEGG:05167,0.002393224080098068,['KEGG:00000'],0.2777777777777778,query_1,18,0.02564102564102564,True,KEGG,195,464,75,2.6210166360317704,0.2777777777777778
Human papillomavirus infection,8716,39200,6,"[[], [], [], [], [], [], ['KEGG'], ['KEGG'], [], [], ['KEGG'], ['KEGG'], ['KEGG'], [], [], [], ['KEGG'], []]",Human papillomavirus infection,KEGG:05165,0.0024022202833773095,['KEGG:00000'],0.3333333333333333,query_1,18,0.01812688821752266,True,KEGG,331,462,76,2.6193871703433045,0.3333333333333333
Defective Mismatch Repair Associated With MSH2,11056,39939,2,"[[], ['REAC'], [], ['REAC'], [], [], [], [], [], [], [], [], [], [], [], [], [], []]",Defective Mismatch Repair Associated With MSH2,REAC:R-HSA-5632928,0.002404983112484245,['REAC:R-HSA-5423599'],0.1111111111111111,query_1,18,0.6666666666666666,True,REAC,3,615,98,2.6188879688455153,0.1111111111111111
"""Catalysis of the reaction: ATP + a protein tyrosine = ADP + protein tyrosine phosphate."" [RHEA:10596]",20208,969,4,"[[], [], [], [], [], [], [], [], [], [], [], [], [], [], ['IDA', 'IBA', 'TAS', 'IEA'], ['IBA', 'TAS', 'NAS', 'IEA'], ['IDA', 'IMP', 'IBA', 'TAS', 'NAS', 'IEA'], ['IDA', 'IBA', 'TAS', 'IEA']]",protein tyrosine kinase activity,GO:0004713,0.0024562269867659356,['GO:0004672'],0.2222222222222222,query_1,18,0.026490066225165563,True,GO:MF,151,969,1,2.609731501315566,0.2222222222222222
"""Any process that activates or increases the frequency, rate or extent of cellular DNA-templated transcription."" [GOC:go_curators, GOC:txnOH]",20972,21039,9,"[[], [], [], [], ['IEA'], [], ['IDA', 'IMP', 'IGI', 'ISS', 'IEA'], [], ['IDA'], [], [], ['IMP'], ['IDA', 'IEA'], ['IDA', 'IMP', 'ISS'], ['IMP'], ['IDA'], ['IDA', 'IMP'], []]",positive regulation of DNA-templated transcription,GO:0045893,0.0025256047117688104,"['GO:0006351', 'GO:0006355', 'GO:1902680']",0.5294117647058824,query_1,17,0.005382775119617225,True,GO:BP,1672,10916,19,2.5976346208951844,0.5294117647058824
"""A cellular component consisting of one leaflet of a membrane bilayer and any proteins embedded or anchored in it or attached to its surface."" [GOC:dos]",22155,37787,6,"[[], [], [], [], ['IBA', 'IEA'], ['IDA', 'IBA'], [], ['IDA'], ['IDA'], [], [], ['IDA'], [], [], [], [], [], ['IEA']]",side of membrane,GO:0098552,0.002546635123777116,"['GO:0016020', 'GO:0110165']",0.3333333333333333,query_1,18,0.008207934336525308,True,GO:CC,731,3118,14,2.594033275327629,0.3333333333333333
"""Any process that activates or increases the frequency, rate or extent of RNA biosynthetic process."" [GO:jl, GO_REF:0000058, GOC:TermGenie]",20972,31018,9,"[[], [], [], [], ['IEA'], [], ['IDA', 'IMP', 'IGI', 'ISS', 'IEA'], [], ['IDA'], [], [], ['IMP'], ['IDA', 'IEA'], ['IDA', 'IMP', 'ISS'], ['IMP'], ['IDA'], ['IDA', 'IMP'], []]",positive regulation of RNA biosynthetic process,GO:1902680,0.002551113787737022,"['GO:0010557', 'GO:0032774', 'GO:0051254', 'GO:2001141']",0.5294117647058824,query_1,17,0.005376344086021506,True,GO:BP,1674,20895,19,2.593270170051835,0.5294117647058824
"""The area of a motile cell closest to the direction of movement."" [GOC:pg]",22155,35715,5,"[[], [], [], [], [], [], [], [], ['IDA'], [], ['IEA'], [], ['NAS'], [], ['IEA'], [], ['IDA'], []]",cell leading edge,GO:0031252,0.0026360152818098613,['GO:0110165'],0.2777777777777778,query_1,18,0.01182033096926714,True,GO:CC,423,1046,17,2.579052076328992,0.2777777777777778
Choline metabolism in cancer,8716,39233,4,"[[], [], [], [], [], [], [], ['KEGG'], [], [], ['KEGG'], [], ['KEGG'], [], [], [], ['KEGG'], []]",Choline metabolism in cancer,KEGG:05231,0.0028198772500046937,['KEGG:00000'],0.2222222222222222,query_1,18,0.04040404040404041,True,KEGG,99,495,77,2.5497697962217347,0.2222222222222222
"""The side of a membrane that faces the cytoplasm."" [GOC:dos]",22155,37797,4,"[[], [], [], [], [], [], [], ['IDA'], ['IDA'], [], [], ['IDA'], [], [], [], [], [], ['IEA']]",cytoplasmic side of membrane,GO:0098562,0.0030574173361835634,['GO:0098552'],0.2222222222222222,query_1,18,0.019417475728155338,True,GO:CC,206,3128,14,2.514645276213067,0.2222222222222222
"""Binding to a MutLalpha mismatch repair complex."" [GOC:vk]",20208,4139,2,"[[], ['IDA'], [], ['IDA'], [], [], [], [], [], [], [], [], [], [], [], [], [], []]",MutLalpha complex binding,GO:0032405,0.003260707306811213,['GO:0032404'],0.1111111111111111,query_1,18,0.3333333333333333,True,GO:MF,6,4139,5,2.4866881833289,0.1111111111111111
Downregulation of ERBB2 signaling,11056,40147,3,"[[], [], [], [], [], [], [], [], [], [], [], [], ['REAC'], [], ['REAC'], [], ['REAC'], []]",Downregulation of ERBB2 signaling,REAC:R-HSA-8863795,0.003315291268770232,['REAC:R-HSA-1227986'],0.16666666666666666,query_1,18,0.1111111111111111,True,REAC,27,823,97,2.479478310136205,0.16666666666666666
"""The process in which a relatively unspecialized cell acquires the specialized features of a mononuclear cell."" [CL:0000842, GO_REF:0000086, GOC:TermGenie, PMID:24759906]",20972,31328,6,"[[], [], [], ['ISS', 'IEA'], [], ['IDA', 'IBA'], ['IEA'], [], [], [], [], [], [], ['IMP'], ['IEA'], [], [], ['ISS', 'IBA', 'IEA']]",mononuclear cell differentiation,GO:1903131,0.003366754691787325,['GO:0002521'],0.35294117647058826,query_1,17,0.011472275334608031,True,GO:BP,523,21205,19,2.4727885259891744,0.35294117647058826
Signaling by ALK,11056,41638,3,"[[], [], [], [], ['REAC'], [], [], [], [], [], ['REAC'], [], [], ['REAC'], [], [], [], []]",Signaling by ALK,REAC:R-HSA-201556,0.0037093465429818926,['REAC:R-HSA-9006934'],0.16666666666666666,query_1,18,0.10714285714285714,True,REAC,28,2314,97,2.4307025911323485,0.16666666666666666
"""The cell cycle process by which a cell commits to entering the next cell cycle phase."" [GOC:mtg_cell_cycle]",20972,20518,6,"[[], [], [], ['IEA'], [], [], ['IMP', 'IEA'], [], [], [], [], ['IDA'], ['IMP'], ['IDA'], [], [], ['IMP'], []]",cell cycle phase transition,GO:0044770,0.003797711176958011,['GO:0022402'],0.35294117647058826,query_1,17,0.011235955056179775,True,GO:BP,534,10395,20,2.420478067251191,0.35294117647058826
Chemical carcinogenesis - receptor activation,8716,39213,5,"[[], [], [], [], [], [], [], ['KEGG'], [], [], ['KEGG'], [], ['KEGG'], ['KEGG'], [], [], ['KEGG'], []]",Chemical carcinogenesis - receptor activation,KEGG:05207,0.00390648847835195,['KEGG:00000'],0.2777777777777778,query_1,18,0.023148148148148147,True,KEGG,216,475,78,2.408213452244089,0.2777777777777778
"""Generation of cells within the nervous system."" [GO_REF:0000021, GOC:cls, GOC:curators, GOC:dgh, GOC:dph, GOC:jid]",20972,16253,9,"[[], [], [], [], [], [], ['IEA'], ['IEA'], ['IEA'], [], [], ['ISS'], ['ISS', 'IEA'], [], ['IBA', 'IEA'], ['IBA'], ['IBA'], ['IEA']]",neurogenesis,GO:0022008,0.004053058214414415,"['GO:0007399', 'GO:0030154']",0.5294117647058824,query_1,17,0.005087620124364048,True,GO:BP,1769,6130,19,2.392217158405511,0.5294117647058824
"""Any apoptotic process in a neuron, the basic cellular unit of nervous tissue. Each neuron consists of a body, an axon, and dendrites. Their purpose is to receive, conduct, and transmit impulses in the nervous system."" [CL:0000540, GOC:mtg_apoptosis]",20972,22907,5,"[[], [], [], ['ISS', 'IEA'], [], [], ['IEA'], ['IEA'], [], [], ['IEA'], [], ['IMP'], [], [], [], [], []]",neuron apoptotic process,GO:0051402,0.004079317990750051,['GO:0006915'],0.29411764705882354,query_1,17,0.017064846416382253,True,GO:BP,293,12784,19,2.389412439266073,0.29411764705882354
"""Any process that modulates the frequency, rate or extent of the phosphorylation of peptidyl-serine."" [GOC:mah]",20972,17648,3,"[[], [], [], [], [], [], [], [], [], [], [], ['IMP'], ['IDA'], [], [], [], ['IMP'], []]",regulation of peptidyl-serine phosphorylation,GO:0033135,0.0041902723326582925,"['GO:0001932', 'GO:0018105']",0.17647058823529413,query_1,17,0.08571428571428572,True,GO:BP,35,7525,23,2.3777577506071434,0.17647058823529413
"""The process aimed at the progression of a glial cell over time, from initial commitment of the cell to a specific fate, to the fully functional differentiated cell."" [GO_REF:0000021, GOC:cls, GOC:dgh, GOC:dph, GOC:jid]",20972,16075,4,"[[], [], [], [], [], [], [], ['IEA'], [], [], [], ['ISS'], ['IEA'], [], ['IEA'], [], [], []]",glial cell development,GO:0021782,0.004222858885682765,"['GO:0010001', 'GO:0048468']",0.23529411764705882,query_1,17,0.031496062992125984,True,GO:BP,127,5952,19,2.3743934310527757,0.23529411764705882
"""The series of molecular signals generated as a consequence of a fibroblast growth factor receptor binding to one of its physiological ligands."" [GOC:ceb]",20972,13174,4,"[[], [], [], [], [], [], [], [], [], [], [], [], [], [], ['IEA'], ['IEA'], ['IEA'], ['IEA']]",fibroblast growth factor receptor signaling pathway,GO:0008543,0.004222858885682765,"['GO:0007169', 'GO:0044344']",0.23529411764705882,query_1,17,0.031496062992125984,True,GO:BP,127,3051,19,2.3743934310527757,0.23529411764705882
"""Any process that increases the frequency, rate or extent of cell communication. Cell communication is the process that mediates interactions between a cell and its surroundings. Encompasses interactions such as signaling or attachment between one cell and another cell, between a cell and an extracellular matrix, or between a cell and any other aspect of its environment."" [GOC:dph, GOC:tb]",20972,14229,9,"[[], [], [], [], [], [], ['IMP', 'ISS'], ['IEA'], [], [], ['IGI', 'NAS'], ['IMP', 'ISS'], ['IDA', 'IEA'], ['IDA'], ['IDA', 'ISS', 'IBA', 'IEA'], [], ['IDA', 'IMP', 'IBA'], ['IMP', 'IBA', 'TAS', 'IEA']]",positive regulation of cell communication,GO:0010647,0.004228825231076923,"['GO:0007154', 'GO:0010646', 'GO:0048522']",0.5294117647058824,query_1,17,0.005061867266591676,True,GO:BP,1778,4106,19,2.373780263008054,0.5294117647058824
"""Any process that activates, maintains or increases the frequency, rate or extent of a signaling process."" [GOC:mtg_signal]",20972,16329,9,"[[], [], [], [], [], [], ['IMP', 'ISS'], ['IEA'], [], [], ['IGI', 'NAS'], ['IMP', 'ISS'], ['IDA', 'IEA'], ['IDA'], ['IDA', 'ISS', 'IBA', 'IEA'], [], ['IDA', 'IMP', 'IBA'], ['IMP', 'IBA', 'TAS', 'IEA']]",positive regulation of signaling,GO:0023056,0.004248758226614313,"['GO:0023051', 'GO:0023052', 'GO:0048518']",0.5294117647058824,query_1,17,0.00505902192242833,True,GO:BP,1779,6206,19,2.3717379815098565,0.5294117647058824
HIF-1 signaling pathway,8716,39002,4,"[[], [], [], [], [], [], [], [], [], [], ['KEGG'], [], ['KEGG'], [], ['KEGG'], [], ['KEGG'], []]",HIF-1 signaling pathway,KEGG:04066,0.004263655148574177,['KEGG:00000'],0.2222222222222222,query_1,18,0.03636363636363636,True,KEGG,110,264,79,2.370217929011468,0.2222222222222222
"""The process in which the anatomical structures of a tube are generated and organized. Epithelial and endothelial tubes transport gases, liquids and cells from one site to another and form the basic structure of many organs and tissues, with tube shape and organization varying from the single-celled excretory organ in Caenorhabditis elegans to the branching trees of the mammalian kidney and insect tracheal system."" [GOC:bf, PMID:14624839]",20972,18466,7,"[[], [], [], [], [], [], [], ['IEA'], [], [], ['IEA'], [], ['IMP'], ['ISS'], ['NAS'], ['IMP'], ['IEA'], []]",tube morphogenesis,GO:0035239,0.004321977308236288,"['GO:0009653', 'GO:0035295']",0.4117647058823529,query_1,17,0.00798175598631699,True,GO:BP,877,8343,19,2.3643175176317768,0.4117647058823529
"""The cellular process that ensures successive accurate and complete genome replication and chromosome segregation."" [GOC:isa_complete, GOC:mtg_cell_cycle]",20972,16282,8,"[['IEA'], ['ISS'], [], ['IEA'], [], [], ['IDA', 'IMP', 'IEA'], [], [], [], [], ['IDA'], ['IMP'], ['IDA'], [], [], ['IMP'], []]",cell cycle process,GO:0022402,0.004346837876416985,"['GO:0007049', 'GO:0009987']",0.47058823529411764,query_1,17,0.006201550387596899,True,GO:BP,1290,6159,20,2.3618265573455095,0.47058823529411764
"""Binding to a MutSalpha mismatch repair complex."" [GOC:vk]",20208,4141,2,"[['IDA'], [], ['IDA'], [], [], [], [], [], [], [], [], [], [], [], [], [], [], []]",MutSalpha complex binding,GO:0032407,0.004562580668355911,['GO:0032404'],0.1111111111111111,query_1,18,0.2857142857142857,True,GO:MF,7,4141,5,2.340789443957468,0.1111111111111111
"""The pathways that regulate the duration of the adult phase of the life-cycle of an animal."" [PMID:25561524, PMID:273723695, PMID:3424805]",20972,13150,3,"[[], ['ISS', 'IEA'], [], ['IEA'], [], [], ['ISS', 'IEA'], [], [], [], [], [], [], [], [], [], [], []]",determination of adult lifespan,GO:0008340,0.004568916859300979,['GO:0032501'],0.17647058823529413,query_1,17,0.08333333333333333,True,GO:BP,36,3027,19,2.3401867447403837,0.17647058823529413
Transcriptional Regulation by TP53,11056,41968,6,"[['REAC'], [], ['REAC'], ['REAC'], [], [], ['REAC'], [], [], [], [], ['REAC'], ['REAC'], [], [], [], [], []]",Transcriptional Regulation by TP53,REAC:R-HSA-3700989,0.004579194829604123,['REAC:R-HSA-212436'],0.3333333333333333,query_1,18,0.016853932584269662,True,REAC,356,2644,99,2.3392108782845007,0.3333333333333333
"""Any process that stops, prevents, or reduces the frequency, rate or extent of the chemical reactions and pathways involving DNA."" [GOC:ai]",20972,22715,4,"[['IEA'], ['IDA', 'IEA'], [], ['IDA', 'ISS', 'IEA'], [], [], ['IDA', 'IEA'], [], [], [], [], [], [], [], [], [], [], []]",negative regulation of DNA metabolic process,GO:0051053,0.004778054120494984,"['GO:0006259', 'GO:0010605', 'GO:0045934', 'GO:0051052']",0.23529411764705882,query_1,17,0.030534351145038167,True,GO:BP,131,12592,19,2.320748935352316,0.23529411764705882
PLCG1 events in ERBB2 signaling,11056,41088,2,"[[], [], [], [], [], [], [], [], [], [], [], [], [], [], ['REAC'], [], ['REAC'], []]",PLCG1 events in ERBB2 signaling,REAC:R-HSA-1251932,0.004805325046068717,['REAC:R-HSA-1227986'],0.1111111111111111,query_1,18,0.5,True,REAC,4,1764,97,2.3182772300683867,0.1111111111111111
"""Any process that modulates the frequency, rate or extent of B cell activation."" [GOC:ai]",20972,22572,4,"[['IEA'], [], ['IEA'], ['IEA'], [], ['IMP'], [], [], [], [], [], [], [], [], [], [], [], []]",regulation of B cell activation,GO:0050864,0.005075104612891599,"['GO:0042113', 'GO:0051249']",0.23529411764705882,query_1,17,0.03007518796992481,True,GO:BP,133,12449,19,2.2945550012308478,0.23529411764705882
"""The series of molecular signals initiated by the binding of a cytokine to a receptor on the surface of a cell, and ending with the regulation of a downstream cellular process, e.g. transcription."" [GOC:mah, GOC:signaling, PMID:19295629]",20972,15398,6,"[[], [], [], [], [], [], ['IGI', 'IEA'], [], [], [], [], [], ['IDA', 'TAS'], [], ['IEA'], ['IEA'], ['IEA'], ['IDA', 'ISS', 'IBA', 'IEA']]",cytokine-mediated signaling pathway,GO:0019221,0.0052076091093457505,"['GO:0007166', 'GO:0071345']",0.35294117647058826,query_1,17,0.010638297872340425,True,GO:BP,564,5275,19,2.2833616219869626,0.35294117647058826
"""Any process that modulates the frequency, rate or extent of isotype switching."" [GOC:ai]",20972,20681,3,"[['IEA'], [], ['IEA'], ['IEA'], [], [], [], [], [], [], [], [], [], [], [], [], [], []]",regulation of isotype switching,GO:0045191,0.005392827162165072,"['GO:0000018', 'GO:0002637', 'GO:0002889', 'GO:0045190', 'GO:0050864']",0.17647058823529413,query_1,17,0.07894736842105263,True,GO:BP,38,10558,19,2.2681834984436793,0.17647058823529413
"""A cellular component that forms a specialized region of connection between two or more cells, or between a cell and the extracellular matrix, or between two membrane-bound components of a cell, such as flagella."" [GOC:aruk, GOC:bc, GOC:mah, ISBN:0198506732, PMID:26820516, PMID:28096264]",22155,35513,9,"[[], [], [], [], [], [], [], ['HDA'], ['IDA', 'IBA', 'TAS', 'IEA'], [], ['ISS', 'IEA'], ['IEA'], ['IEA'], [], ['IEA'], ['IEA'], ['IDA', 'HDA'], ['IEA']]",cell junction,GO:0030054,0.0054326693719581745,['GO:0110165'],0.5,query_1,18,0.0037974683544303796,True,GO:CC,2370,844,16,2.264986724987156,0.5
"""Any process that modulates the frequency, rate or extent of a process involved in the formation, arrangement of constituent parts, or disassembly of cell structures, including the plasma membrane and any external encapsulating structures such as the cell wall and cell envelope."" [GOC:ai]",20972,22750,10,"[[], [], [], [], [], [], ['IDA', 'IMP'], [], ['IEA'], [], ['ISS', 'IEA'], ['IMP', 'ISS'], ['IDA', 'ISS', 'IEA'], ['IMP', 'ISS'], ['IMP'], ['IDA', 'IMP'], ['IDA'], ['IEA']]",regulation of cellular component organization,GO:0051128,0.005596616780789815,"['GO:0016043', 'GO:0050794']",0.5882352941176471,query_1,17,0.004120313143798929,True,GO:BP,2427,12627,19,2.25207442968184,0.5882352941176471
Neurotrophin signaling pathway,8716,39103,4,"[[], [], [], [], [], [], ['KEGG'], ['KEGG'], [], [], ['KEGG'], [], ['KEGG'], [], [], [], [], []]",Neurotrophin signaling pathway,KEGG:04722,0.0057966556631950245,['KEGG:00000'],0.2222222222222222,query_1,18,0.03361344537815126,True,KEGG,119,365,80,2.2368224971134225,0.2222222222222222
"""The increase in size or mass of an entire organism, a part of an organism or a cell."" [GOC:bf, GOC:ma]",20972,19384,7,"[[], [], [], [], [], [], ['IMP', 'IEA'], [], ['IEA'], [], ['IEA'], ['ISS'], ['IDA', 'IEA'], [], ['IMP'], [], ['IDA'], []]",growth,GO:0040007,0.005937988028920152,['GO:0008150'],0.4117647058823529,query_1,17,0.007608695652173913,True,GO:BP,920,9261,19,2.226360682283787,0.4117647058823529
T cell receptor signaling pathway,8716,39089,4,"[[], [], [], [], [], ['KEGG'], [], ['KEGG'], [], [], ['KEGG'], [], ['KEGG'], [], [], [], [], []]",T cell receptor signaling pathway,KEGG:04660,0.005988795231222756,['KEGG:00000'],0.2222222222222222,query_1,18,0.03333333333333333,True,KEGG,120,351,81,2.222660536050931,0.2222222222222222
"""Any process that stops, prevents, or reduces the frequency, rate or extent of macroautophagy."" [GOC:go_curators]",20972,15059,3,"[[], [], [], [], [], [], ['IEA'], [], [], [], ['NAS'], [], ['NAS'], [], [], [], [], []]",negative regulation of macroautophagy,GO:0016242,0.0063095989879801565,"['GO:0010507', 'GO:0016236', 'GO:0016241']",0.17647058823529413,query_1,17,0.075,True,GO:BP,40,4936,19,2.199998241840119,0.17647058823529413
"""Catalysis of the transfer of a phosphorus-containing group from one compound (donor) to an alcohol group (acceptor)."" [EC:2.7.1.-]",20208,2882,6,"[[], [], [], [], [], [], [], [], [], [], ['IDA', 'ISS', 'IBA', 'TAS', 'IEA'], [], ['EXP', 'IDA', 'IMP', 'ISS', 'IBA', 'TAS', 'NAS', 'IEA'], [], ['IDA', 'IBA', 'TAS', 'IEA'], ['IBA', 'TAS', 'NAS', 'IEA'], ['IDA', 'IMP', 'IBA', 'TAS', 'NAS', 'IEA'], ['IDA', 'IBA', 'TAS', 'IEA']]","phosphotransferase activity, alcohol group as acceptor",GO:0016773,0.006387269527772753,['GO:0016772'],0.3333333333333333,query_1,18,0.008571428571428572,True,GO:MF,700,2882,1,2.1946847572482024,0.3333333333333333
"""Any process that modulates the frequency, rate or extent of DNA recombination, a DNA metabolic process in which a new genotype is formed by reassortment of genes resulting in gene combinations different from those that were present in the parents."" [GOC:go_curators, ISBN:0198506732]",20972,10128,4,"[['IEA'], ['IDA', 'IEA'], ['IEA'], ['IDA', 'ISS', 'IEA'], [], [], [], [], [], [], [], [], [], [], [], [], [], []]",regulation of DNA recombination,GO:0000018,0.0064020317041824995,"['GO:0006310', 'GO:0051052']",0.23529411764705882,query_1,17,0.028368794326241134,True,GO:BP,141,5,19,2.19368217947064,0.23529411764705882
"""Any process that activates or increases the frequency, rate, or extent of the production of molecular mediator of immune response."" [GOC:add]",20972,11297,4,"[['IEA'], [], ['IEA'], ['IEA'], [], [], [], [], [], [], [], [], [], [], [], [], [], ['IDA', 'ISS', 'IEA']]",positive regulation of production of molecular mediator of immune response,GO:0002702,0.0064020317041824995,"['GO:0002440', 'GO:0002699', 'GO:0002700', 'GO:0010628']",0.23529411764705882,query_1,17,0.028368794326241134,True,GO:BP,141,1174,19,2.19368217947064,0.23529411764705882
"""Any process that activates or increases the rate or extent of a molecular function, an elemental biological activity occurring at the molecular level, such as catalysis or binding."" [GO:jl]",20972,20341,6,"[[], ['IDA'], [], ['IDA'], [], [], [], [], [], [], [], ['IDA'], ['IDA'], [], ['IDA'], ['IDA'], [], []]",positive regulation of molecular function,GO:0044093,0.006751724602935878,['GO:0065009'],0.35294117647058826,query_1,17,0.010169491525423728,True,GO:BP,590,10218,21,2.1705852805211023,0.35294117647058826
"""Any process that stops, prevents or reduces the frequency, rate or extent of leukocyte cell-cell adhesion."" [GO_REF:0000058, GOC:BHF, GOC:rl, GOC:TermGenie, PMID:21106532]",20972,31264,4,"[[], [], [], [], ['IDA', 'IMP', 'IBA', 'IEA'], ['IDA', 'IBA', 'IEA'], [], [], [], [], [], [], ['IMP'], [], ['IEA'], [], [], []]",negative regulation of leukocyte cell-cell adhesion,GO:1903038,0.006770430390740941,"['GO:0007159', 'GO:0022408', 'GO:1903037']",0.23529411764705882,query_1,17,0.027972027972027972,True,GO:BP,143,21141,19,2.1693837226911232,0.23529411764705882
"""Any process that results in a change in state or activity of a cell (in terms of movement, secretion, enzyme production, gene expression, etc.) as a result of an epidermal growth factor stimulus."" [GOC:mah]",20972,25603,3,"[[], [], [], [], [], [], [], [], [], [], [], [], ['IDA', 'IEA'], [], ['IMP'], [], ['ISS'], []]",cellular response to epidermal growth factor stimulus,GO:0071364,0.00732405472732347,"['GO:0070849', 'GO:0071363']",0.17647058823529413,query_1,17,0.07142857142857142,True,GO:BP,42,15480,19,2.1352484191920515,0.17647058823529413
"""Any process that activates or increases the frequency, rate, or extent of an immunoglobulin mediated immune response."" [GOC:add]",20972,11478,3,"[['IEA'], [], ['IEA'], ['IEA'], [], [], [], [], [], [], [], [], [], [], [], [], [], []]",positive regulation of immunoglobulin mediated immune response,GO:0002891,0.00732405472732347,"['GO:0002714', 'GO:0002889', 'GO:0016064']",0.17647058823529413,query_1,17,0.07142857142857142,True,GO:BP,42,1355,19,2.1352484191920515,0.17647058823529413
"""Any process that activates or increases the frequency, rate, or extent of B cell mediated immunity."" [GOC:add]",20972,11309,3,"[['IEA'], [], ['IEA'], ['IEA'], [], [], [], [], [], [], [], [], [], [], [], [], [], []]",positive regulation of B cell mediated immunity,GO:0002714,0.00732405472732347,"['GO:0002708', 'GO:0002712', 'GO:0002824', 'GO:0019724']",0.17647058823529413,query_1,17,0.07142857142857142,True,GO:BP,42,1186,19,2.1352484191920515,0.17647058823529413
"""The process that results in the generation of glial cells. This includes the production of glial progenitors and their differentiation into mature glia."" [GOC:dgh, GOC:jid]",20972,19437,5,"[[], [], [], [], [], [], ['IEA'], ['IEA'], [], [], [], ['ISS'], ['IEA'], [], ['IEA'], [], [], []]",gliogenesis,GO:0042063,0.007398937369397397,['GO:0022008'],0.29411764705882354,query_1,17,0.015105740181268883,True,GO:BP,331,9314,19,2.1308306488832405,0.29411764705882354
"""Binding to a DNA region containing an oxidized purine residue."" [GOC:vk]",20208,4130,2,"[[], ['IDA'], [], ['IDA'], [], [], [], [], [], [], [], [], [], [], [], [], [], []]",oxidized purine DNA binding,GO:0032357,0.007813312406007772,['GO:0032356'],0.1111111111111111,query_1,18,0.2222222222222222,True,GO:MF,9,4130,6,2.107164810594708,0.1111111111111111
"""Any process that activates or increases the frequency, rate, or extent of leukocyte mediated immunity."" [GOC:add]",20972,11300,4,"[['IEA'], [], ['IEA'], ['IEA'], [], [], [], [], [], [], [], [], [], [], [], [], [], ['ISS', 'IEA']]",positive regulation of leukocyte mediated immunity,GO:0002705,0.007970153945526106,"['GO:0002443', 'GO:0002699', 'GO:0002703']",0.23529411764705882,query_1,17,0.026845637583892617,True,GO:BP,149,1177,19,2.098533290015831,0.23529411764705882
MET activates PI3K/AKT signaling,11056,40740,2,"[[], [], [], [], [], [], [], [], [], [], ['REAC'], [], [], [], [], ['REAC'], [], []]",MET activates PI3K/AKT signaling,REAC:R-HSA-8851907,0.008001147651815855,['REAC:R-HSA-6806834'],0.1111111111111111,query_1,18,0.4,True,REAC,5,1416,102,2.096847715120121,0.1111111111111111
Relaxin signaling pathway,8716,39135,4,"[[], [], [], [], [], [], [], ['KEGG'], [], [], ['KEGG'], [], ['KEGG'], [], [], [], ['KEGG'], []]",Relaxin signaling pathway,KEGG:04926,0.008174778194569488,['KEGG:00000'],0.2222222222222222,query_1,18,0.03076923076923077,True,KEGG,130,397,82,2.0875240221760993,0.2222222222222222
"""Any signaling pathway that modulates the activity of a cell cycle cyclin-dependent protein kinase to modulate the switch from G1 phase to S phase of the mitotic cell cycle."" [GOC:mtg_cell_cycle]",20972,33678,4,"[[], [], [], [], [], [], ['IMP', 'IEA'], [], [], [], [], ['IDA'], ['IMP'], [], [], [], ['IMP'], []]",regulation of G1/S transition of mitotic cell cycle,GO:2000045,0.008184441785378865,"['GO:0000082', 'GO:1901990', 'GO:1902806']",0.23529411764705882,query_1,17,0.02666666666666667,True,GO:BP,150,23555,20,2.087010936019525,0.23529411764705882
"""The expansion of a leukocyte population by cell division."" [GOC:add]",20972,25242,5,"[[], [], [], [], ['IDA', 'IMP', 'IBA', 'TAS', 'IEA'], ['IMP', 'IEA'], ['IEA'], [], [], [], [], [], [], [], ['IEA'], [], [], ['TAS', 'IEA']]",leukocyte proliferation,GO:0070661,0.008311282625157963,['GO:0008283'],0.29411764705882354,query_1,17,0.014749262536873156,True,GO:BP,339,15119,19,2.0803319492550796,0.29411764705882354
"""The series of molecular signals which triggers the apoptotic death of a cell. The pathway starts with reception of a signal, and ends when the execution phase of apoptosis is triggered."" [GOC:mtg_apoptosis]",20972,27436,6,"[['IEA'], ['ISS', 'IEA'], [], ['IEA'], [], [], ['IDA', 'IMP', 'ISS', 'TAS', 'IEA'], [], [], [], [], [], ['IMP', 'ISS', 'TAS', 'NAS', 'IEA'], ['IDA'], [], [], [], []]",apoptotic signaling pathway,GO:0097190,0.008333543388981013,"['GO:0006915', 'GO:0007165']",0.35294117647058826,query_1,17,0.00980392156862745,True,GO:BP,612,17313,19,2.0791702990645513,0.35294117647058826
"""A cell junction that mechanically attaches a cell (and its cytoskeleton) to neighboring cells or to the extracellular matrix."" [ISBN:0815332181]",22155,37043,6,"[[], [], [], [], [], [], [], ['HDA'], ['IDA', 'IBA', 'IEA'], [], ['ISS', 'IEA'], [], ['IEA'], [], [], [], ['HDA'], ['IEA']]",anchoring junction,GO:0070161,0.008793185217825987,['GO:0030054'],0.3333333333333333,query_1,18,0.006586169045005488,True,GO:CC,911,2374,16,2.0558537788568465,0.3333333333333333
"""Any process that results in a change in state or activity of a cell (in terms of movement, secretion, enzyme production, gene expression, etc.) as a result of an fibroblast growth factor stimulus."" [GOC:jl, GOC:yaf]",20972,20384,4,"[[], [], [], [], [], [], [], [], [], [], [], [], [], [], ['IEA'], ['IEA'], ['IEA'], ['IEA']]",cellular response to fibroblast growth factor stimulus,GO:0044344,0.008852940382918877,"['GO:0071363', 'GO:0071774']",0.23529411764705882,query_1,17,0.026143790849673203,True,GO:BP,153,10261,19,2.0529124603772986,0.23529411764705882
"""Any process that results in a change in state or activity of a cell or an organism (in terms of movement, secretion, enzyme production, gene expression, etc.) as a result of a cytokine stimulus."" [GOC:sl]",20972,17969,7,"[[], [], [], [], ['IDA'], [], ['IGI', 'IEA'], [], [], [], [], [], ['IDA', 'TAS', 'IEA'], [], ['IEA'], ['IEA'], ['IEA'], ['IDA', 'ISS', 'IBA', 'IEA']]",response to cytokine,GO:0034097,0.00895651295179413,['GO:1901652'],0.4117647058823529,query_1,17,0.007150153217568948,True,GO:BP,979,7846,19,2.047861041739466,0.4117647058823529
"""Any process that activates or increases the activity of a helicase."" [GOC:ai]",20972,22736,2,"[[], ['IDA'], [], ['IDA'], [], [], [], [], [], [], [], [], [], [], [], [], [], []]",positive regulation of helicase activity,GO:0051096,0.009081959490447666,"['GO:0032781', 'GO:0043085']",0.11764705882352941,query_1,17,0.4,True,GO:BP,5,12613,21,2.041820439576021,0.11764705882352941
"""The process of restoring DNA after damage. Genomes are subject to damage by chemical and physical agents in the environment (e.g. UV and ionizing radiations, chemical mutagens, fungal and bacterial toxins, etc.) and by free radicals or alkylating agents endogenously generated in metabolism. DNA is also damaged because of errors during its replication. A variety of different DNA repair pathways have been reported that include direct reversal, base excision repair, nucleotide excision repair, photoreactivation, bypass, double-strand break repair pathway, and mismatch repair pathway."" [PMID:11563486]",20972,12111,6,"[['IGI', 'IBA', 'TAS', 'IEA'], ['IDA', 'IMP', 'IGI', 'ISS', 'IBA', 'IEA'], ['IDA', 'IMP', 'IBA', 'TAS', 'IEA'], ['IDA', 'IGI', 'IBA', 'IEA'], [], [], ['IMP', 'IEA'], [], [], [], [], [], [], [], [], [], ['IDA'], []]",DNA repair,GO:0006281,0.009146255378537792,"['GO:0006259', 'GO:0006974']",0.35294117647058826,query_1,17,0.00964630225080386,True,GO:BP,622,1988,19,2.0387566765676968,0.35294117647058826
"""The series of molecular signals initiated by an extracellular ligand binding to a receptor on the surface of the target cell, where the receptor possesses catalytic activity or is closely associated with an enzyme such as a protein kinase, and ending with the regulation of a downstream cellular process, e.g. transcription."" [GOC:mah, GOC:signaling, ISBN:0815316194]",20972,12720,7,"[[], [], [], [], [], [], ['IEA'], [], [], [], ['IGI', 'TAS', 'IEA'], [], ['IDA', 'IMP', 'ISS', 'IEA'], [], ['IDA', 'IBA', 'TAS', 'IEA'], ['IBA', 'IEA'], ['IDA', 'IMP', 'IBA', 'TAS', 'IEA'], ['IDA', 'IBA', 'IEA']]",enzyme-linked receptor protein signaling pathway,GO:0007167,0.009513801333164243,['GO:0007166'],0.4117647058823529,query_1,17,0.00708502024291498,True,GO:BP,988,2597,19,2.0216459217421994,0.4117647058823529
"""Any process that stops, prevents, or reduces the frequency, rate or extent of the chemical reactions and pathways within a cell or an organism."" [GOC:go_curators]",20972,13714,11,"[['IEA'], ['IDA', 'IEA'], [], ['IDA', 'ISS', 'IEA'], ['IMP'], [], ['IDA', 'IMP', 'ISS', 'NAS', 'IEA'], [], [], [], ['NAS', 'IEA'], ['IDA', 'IMP'], ['IMP', 'ISS', 'TAS', 'NAS', 'IEA'], ['IDA', 'IMP'], [], ['NAS'], ['IDA'], []]",negative regulation of metabolic process,GO:0009892,0.009648234555199111,"['GO:0008152', 'GO:0019222', 'GO:0048523']",0.6470588235294118,query_1,17,0.003357753357753358,True,GO:BP,3276,3591,19,2.0155521470788775,0.6470588235294118
"""The process in which a relatively unspecialized hemopoietic precursor cell acquires the specialized features of a leukocyte. A leukocyte is an achromatic cell of the myeloid or lymphoid lineages capable of ameboid movement, found in blood or other tissue."" [CL:0000738, GOC:add, PMID:16551264]",20972,11124,6,"[[], [], [], ['ISS', 'IEA'], [], ['IDA', 'IBA'], ['IEA'], [], [], [], [], [], [], ['IMP'], ['IEA'], [], [], ['ISS', 'IBA', 'TAS', 'IEA']]",leukocyte differentiation,GO:0002521,0.009664153957922974,"['GO:0030097', 'GO:0030154']",0.35294117647058826,query_1,17,0.009554140127388535,True,GO:BP,628,1001,19,2.0148361599994544,0.35294117647058826
"""Any process that modulates the frequency, rate or extent of neurogenesis, the generation of cells in the nervous system."" [GOC:ai]",20972,22505,5,"[[], [], [], [], [], [], ['IEA'], ['IEA'], ['IEA'], [], [], ['ISS'], [], [], [], [], [], ['IEA']]",regulation of neurogenesis,GO:0050767,0.009707692706723912,"['GO:0022008', 'GO:0051960', 'GO:0060284']",0.29411764705882354,query_1,17,0.014285714285714285,True,GO:BP,350,12382,19,2.012883979547185,0.29411764705882354
Apoptosis,8716,39034,4,"[[], [], [], [], [], [], ['KEGG'], ['KEGG'], [], [], ['KEGG'], [], ['KEGG'], [], [], [], [], []]",Apoptosis,KEGG:04210,0.009736184498283418,['KEGG:00000'],0.2222222222222222,query_1,18,0.029411764705882353,True,KEGG,136,296,83,2.0116112049272092,0.2222222222222222
"""Binding to a DNA region containing an oxidized residue."" [GOC:vk]",20208,4129,2,"[[], ['IDA'], [], ['IDA'], [], [], [], [], [], [], [], [], [], [], [], [], [], []]",oxidized DNA binding,GO:0032356,0.009761485782169576,['GO:0003684'],0.1111111111111111,query_1,18,0.2,True,GO:MF,10,4129,6,2.0104840739431986,0.1111111111111111
"""Any process that results in a change in state or activity of a cell or an organism (in terms of movement, secretion, enzyme production, gene expression, etc.) as a result of a peptide stimulus."" [GOC:pr, GOC:TermGenie]",20972,30332,7,"[[], [], [], [], ['IDA'], [], ['IGI', 'IEA'], [], [], [], [], [], ['IDA', 'TAS', 'IEA'], [], ['IEA'], ['IEA'], ['IEA'], ['IDA', 'ISS', 'IBA', 'IEA']]",response to peptide,GO:1901652,0.009835757841301725,['GO:0042221'],0.4117647058823529,query_1,17,0.007049345417925478,True,GO:BP,993,20209,19,2.0071921722351735,0.4117647058823529
Estrogen signaling pathway,8716,39124,4,"[[], [], [], [], [], [], [], ['KEGG'], [], [], ['KEGG'], [], ['KEGG'], [], [], [], ['KEGG'], []]",Estrogen signaling pathway,KEGG:04915,0.010301694186820526,['KEGG:00000'],0.2222222222222222,query_1,18,0.028985507246376812,True,KEGG,138,386,84,1.9870913466072204,0.2222222222222222
"""Any process that results in a change in state or activity of a cell or an organism (in terms of movement, secretion, enzyme production, gene expression, etc.) as a result of an epidermal growth factor stimulus."" [GOC:BHF, GOC:mah]",20972,25338,3,"[[], [], [], [], [], [], [], [], [], [], [], [], ['IDA', 'IEA'], [], ['IMP'], [], ['ISS'], []]",response to epidermal growth factor,GO:0070849,0.010319028850188719,['GO:0070848'],0.17647058823529413,query_1,17,0.06382978723404255,True,GO:BP,47,15215,19,1.9863611733338271,0.17647058823529413
"""Any process that results in a change in state or activity of a cell or an organism (in terms of movement, secretion, enzyme production, gene expression, etc.) as a result of a fibroblast growth factor stimulus."" [GOC:mah]",20972,25884,4,"[[], [], [], [], [], [], [], [], [], [], [], [], [], [], ['IEA'], ['IEA'], ['IEA'], ['IEA']]",response to fibroblast growth factor,GO:0071774,0.0108331747814915,['GO:0070848'],0.23529411764705882,query_1,17,0.024844720496894408,True,GO:BP,161,15761,19,1.965244249927917,0.23529411764705882
"""The series of molecular signals initiated by an extracellular ligand binding to a receptor on the surface of the target cell where the receptor possesses tyrosine kinase activity, and ending with the regulation of a downstream cellular process, e.g. transcription."" [GOC:ceb, GOC:signaling]",20972,12722,6,"[[], [], [], [], [], [], [], [], [], [], ['IGI', 'TAS', 'IEA'], [], ['IDA', 'IMP', 'ISS', 'IEA'], [], ['IDA', 'IBA', 'IEA'], ['IBA', 'IEA'], ['IDA', 'IMP', 'IBA', 'TAS', 'IEA'], ['IDA', 'IBA', 'IEA']]",cell surface receptor protein tyrosine kinase signaling pathway,GO:0007169,0.010868617405465542,['GO:0007167'],0.35294117647058826,query_1,17,0.0093603744149766,True,GO:BP,641,2599,19,1.9638256989097649,0.35294117647058826
"""The process of providing, via surface-bound receptor-ligand pairs, a second, antigen-independent, signal in addition to that provided by the T cell receptor to augment T cell activation."" [ISBN:0781735149]",20972,16787,3,"[[], [], [], [], ['IDA', 'IBA'], [], [], [], [], [], ['TAS'], [], ['TAS'], [], [], [], [], []]",T cell costimulation,GO:0031295,0.011001451374209648,"['GO:0031294', 'GO:0050870']",0.17647058823529413,query_1,17,0.0625,True,GO:BP,48,6664,19,1.9585500164571712,0.17647058823529413
"""Any process that results in a change in state or activity of a cell or an organism (in terms of movement, secretion, enzyme production, gene expression, etc.) as a result of a stimulus arising within the organism."" [GOC:sm]",20972,13580,8,"[[], [], [], [], [], [], ['IEA'], [], [], [], ['IDA', 'IGI', 'TAS', 'IEA'], [], ['IDA', 'IMP', 'ISS', 'IEA'], ['TAS'], ['IDA', 'IMP', 'IEA'], ['IEA'], ['ISS', 'IEA'], ['IEA']]",response to endogenous stimulus,GO:0009719,0.01135271435336993,['GO:0050896'],0.47058823529411764,query_1,17,0.0054533060668029995,True,GO:BP,1467,3457,19,1.9449002893294947,0.47058823529411764
"""Any process that stops, prevents, or reduces the frequency, rate or extent of the chemical reactions and pathways resulting in the breakdown of substances."" [GOC:go_curators]",20972,13717,5,"[[], [], [], [], [], [], ['IEA'], [], [], [], ['NAS'], [], ['IMP', 'NAS'], [], [], ['NAS'], ['IDA'], []]",negative regulation of catabolic process,GO:0009895,0.011588790261789076,"['GO:0009056', 'GO:0009892', 'GO:0009894']",0.29411764705882354,query_1,17,0.013774104683195593,True,GO:BP,363,3594,19,1.935961897086498,0.29411764705882354
"""The process of providing, via surface-bound receptor-ligand pairs, a second, antigen-independent, signal in addition to that provided by the B- or T cell receptor to augment B- or T cell activation."" [ISBN:0781735149]",20972,16786,3,"[[], [], [], [], ['IDA', 'IBA'], [], [], [], [], [], ['TAS'], [], ['TAS'], [], [], [], [], []]",lymphocyte costimulation,GO:0031294,0.011713067989734621,"['GO:0002376', 'GO:0051251']",0.17647058823529413,query_1,17,0.061224489795918366,True,GO:BP,49,6663,19,1.9313293357988033,0.17647058823529413
"""Catalysis of the transfer of a phosphate group, usually from ATP, to a substrate molecule."" [ISBN:0198506732]",20208,2682,6,"[[], [], [], [], [], [], [], [], [], [], ['IDA', 'ISS', 'IBA', 'TAS', 'IEA'], [], ['EXP', 'IDA', 'IMP', 'ISS', 'IBA', 'TAS', 'NAS', 'IEA'], [], ['IDA', 'IBA', 'TAS', 'IEA'], ['IBA', 'TAS', 'NAS', 'IEA'], ['IDA', 'IMP', 'IBA', 'TAS', 'NAS', 'IEA'], ['IDA', 'IBA', 'TAS', 'IEA']]",kinase activity,GO:0016301,0.011837418411516365,['GO:0016772'],0.3333333333333333,query_1,18,0.0076824583866837385,True,GO:MF,781,2682,1,1.9267430013192164,0.3333333333333333
Signaling pathways regulating pluripotency of stem cells,8716,39070,4,"[[], [], [], [], [], [], [], ['KEGG'], [], [], ['KEGG'], [], ['KEGG'], ['KEGG'], [], [], [], []]",Signaling pathways regulating pluripotency of stem cells,KEGG:04550,0.012141482590558209,['KEGG:00000'],0.2222222222222222,query_1,18,0.027777777777777776,True,KEGG,144,332,85,1.9157282785338452,0.2222222222222222
"""Any process that stops, prevents, or reduces the frequency, rate or extent of cell death by apoptotic process in neurons."" [GOC:go_curators, GOC:mtg_apoptosis]",20972,20196,4,"[[], [], [], ['ISS', 'IEA'], [], [], [], ['IEA'], [], [], ['IEA'], [], ['IMP'], [], [], [], [], []]",negative regulation of neuron apoptotic process,GO:0043524,0.01222640107689973,"['GO:0043066', 'GO:0043523', 'GO:0051402']",0.23529411764705882,query_1,17,0.024096385542168676,True,GO:BP,166,10073,19,1.9127013616439537,0.23529411764705882
"""Any process that stops, prevents, or reduces the frequency, rate or extent of DNA recombination."" [GOC:go_curators]",20972,21052,3,"[['IEA'], ['IDA', 'IEA'], [], ['IDA', 'ISS', 'IEA'], [], [], [], [], [], [], [], [], [], [], [], [], [], []]",negative regulation of DNA recombination,GO:0045910,0.012454469744381769,"['GO:0000018', 'GO:0006310', 'GO:0051053']",0.17647058823529413,query_1,17,0.06,True,GO:BP,50,10929,19,1.9046747580504955,0.17647058823529413
"""Any process that modulates the rate of an ATP-dependent activity."" [GOC:jl]",20972,20157,3,"[[], ['IDA'], [], ['IDA'], [], [], ['TAS'], [], [], [], [], [], [], [], [], [], [], []]",regulation of ATP-dependent activity,GO:0043462,0.013226246457000924,['GO:0065009'],0.17647058823529413,query_1,17,0.058823529411764705,True,GO:BP,51,10034,21,1.8785633889420115,0.17647058823529413
"""The internally coordinated responses (actions or inactions) of animals (individuals or groups) to internal or external stimuli, via a mechanism that involves nervous system activity."" [GOC:ems, GOC:jl, ISBN:0395448956, PMID:20160973]",20972,13050,6,"[[], [], [], [], [], [], ['ISS', 'IEA'], ['IEA'], [], [], [], ['ISS'], ['IEA'], [], [], [], ['ISS'], ['IEA']]",behavior,GO:0007610,0.013413366376903787,['GO:0032501'],0.35294117647058826,query_1,17,0.009022556390977444,True,GO:BP,665,2927,19,1.8724622127943584,0.35294117647058826
"""Any process that modulates the frequency, rate or extent of leukocyte cell-cell adhesion."" [GO_REF:0000058, GOC:BHF, GOC:rl, GOC:TermGenie, PMID:21106532]",20972,31263,5,"[[], [], [], [], ['IDA', 'IMP', 'IBA', 'TAS', 'IEA'], ['IDA', 'IBA', 'IEA'], [], [], [], [], ['TAS'], [], ['IMP', 'TAS'], [], ['IEA'], [], [], []]",regulation of leukocyte cell-cell adhesion,GO:1903037,0.013568650232983962,"['GO:0007159', 'GO:0022407']",0.29411764705882354,query_1,17,0.013333333333333334,True,GO:BP,375,21140,19,1.867463352452455,0.29411764705882354
"""Any process involved in the carrying out of an immune response by a lymphocyte."" [GO_REF:0000022, GOC:add, ISBN:0781735149]",20972,11053,5,"[['IEA'], ['ISS', 'IEA'], ['IEA'], ['ISS', 'IBA', 'IEA'], ['IDA', 'IMP'], [], [], [], [], [], [], [], [], [], [], [], [], []]",lymphocyte mediated immunity,GO:0002449,0.013922924621115442,['GO:0002443'],0.29411764705882354,query_1,17,0.013262599469496022,True,GO:BP,377,930,19,1.856269528130591,0.29411764705882354
"""Any process that results in a change in state or activity of a cell (in terms of movement, secretion, enzyme production, gene expression, etc.) as a result of a hormone stimulus."" [GOC:mah]",20972,17478,6,"[[], [], [], [], [], [], [], [], [], [], ['IDA', 'TAS', 'IEA'], [], ['IDA', 'IMP', 'ISS', 'IEA'], [], ['IEA'], ['IEA'], ['IEA'], ['IEA']]",cellular response to hormone stimulus,GO:0032870,0.014856606104940688,"['GO:0009725', 'GO:0070887', 'GO:0071495']",0.35294117647058826,query_1,17,0.008862629246676515,True,GO:BP,677,7355,19,1.8280803909954122,0.35294117647058826
"""Any signaling pathway that modulates the activity of a cell cycle cyclin-dependent protein kinase to modulate the switch from G1 phase to S phase of the cell cycle."" [GO_REF:0000058, GOC:mtg_cell_cycle, GOC:TermGenie]",20972,31099,4,"[[], [], [], [], [], [], ['IMP', 'IEA'], [], [], [], [], ['IDA'], ['IMP'], [], [], [], ['IMP'], []]",regulation of cell cycle G1/S phase transition,GO:1902806,0.015062317623265835,"['GO:0044843', 'GO:1901987']",0.23529411764705882,query_1,17,0.022857142857142857,True,GO:BP,175,20976,20,1.8221081985500216,0.23529411764705882
"""Any process that modulates the frequency, rate or extent of T cell activation."" [GOC:ai]",20972,22571,5,"[[], [], [], [], ['IDA', 'IMP', 'IBA', 'TAS', 'IEA'], ['IDA', 'IBA', 'IEA'], [], [], [], [], ['TAS'], [], ['TAS'], [], ['IEA'], [], [], []]",regulation of T cell activation,GO:0050863,0.01560800331944482,"['GO:0042110', 'GO:0051249']",0.29411764705882354,query_1,17,0.012953367875647668,True,GO:BP,386,12448,19,1.8066526512495957,0.29411764705882354
VEGF signaling pathway,8716,39054,3,"[[], [], [], [], [], [], [], ['KEGG'], [], [], ['KEGG'], [], ['KEGG'], [], [], [], [], []]",VEGF signaling pathway,KEGG:04370,0.01563449213150714,['KEGG:00000'],0.16666666666666666,query_1,18,0.05,True,KEGG,60,316,86,1.8059162217486038,0.16666666666666666
"""The process whose specific outcome is the progression of an immature germ cell over time, from its formation to the mature structure (gamete). A germ cell is any reproductive cell in a multicellular organism."" [GOC:go_curators]",20972,12794,5,"[['IEA'], [], [], ['IEA'], [], [], [], [], [], [], ['IEA'], [], ['IEA'], [], [], [], [], ['IEA']]",germ cell development,GO:0007281,0.01580467725893514,"['GO:0003006', 'GO:0007276', 'GO:0022412', 'GO:0048468']",0.29411764705882354,query_1,17,0.012919896640826873,True,GO:BP,387,2671,19,1.8012143682897395,0.29411764705882354
"""Any process that stops, prevents or reduces the rate or extent of cell proliferation."" [GOC:go_curators]",20972,13135,6,"[[], [], [], [], ['IDA', 'IMP', 'IBA', 'IEA'], ['IMP', 'IEA'], ['IDA', 'IMP', 'ISS', 'IEA'], [], [], [], [], ['IDA', 'IMP', 'IEA'], [], ['IDA'], ['IEA'], [], [], []]",negative regulation of cell population proliferation,GO:0008285,0.01601999694504418,"['GO:0008283', 'GO:0042127', 'GO:0048523']",0.35294117647058826,query_1,17,0.008746355685131196,True,GO:BP,686,3012,19,1.7953375710701696,0.35294117647058826
"""Any process that modulates the frequency, rate or extent of a molecular function, an elemental biological activity occurring at the molecular level, such as catalysis or binding."" [GOC:isa_complete]",20972,24909,7,"[[], ['IDA'], [], ['IDA'], [], [], ['TAS'], [], [], [], [], ['IDA'], ['IDA'], [], ['IDA'], ['IDA'], [], []]",regulation of molecular function,GO:0065009,0.016070534371057488,['GO:0065007'],0.4117647058823529,query_1,17,0.0065420560747663555,True,GO:BP,1070,14786,21,1.7939696820080873,0.4117647058823529
"""An immune response mediated by lymphocytes expressing specific receptors for antigen produced through a somatic diversification process that includes somatic recombination of germline gene segments encoding immunoglobulin superfamily domains. Recombined receptors for antigen encoded by immunoglobulin superfamily domains include T cell receptors and immunoglobulins (antibodies) produced by B cells. The first encounter with antigen elicits a primary immune response that is slow and not of great magnitude. T and B cells selected by antigen become activated and undergo clonal expansion. A fraction of antigen-reactive T and B cells become memory cells, whereas others differentiate into effector cells. The memory cells generated during the primary response enable a much faster and stronger secondary immune response upon subsequent exposures to the same antigen (immunological memory). An example of this is the adaptive immune response found in Mus musculus."" [GOC:add, GOC:mtg_sensu, ISBN:0781735149, ISBN:1405196831]",20972,11064,5,"[['IEA'], ['ISS', 'IEA'], ['IEA'], ['ISS', 'IBA', 'IEA'], ['IDA', 'IMP'], [], [], [], [], [], [], [], [], [], [], [], [], []]",adaptive immune response based on somatic recombination of immune receptors built from immunoglobulin superfamily domains,GO:0002460,0.016203853397211067,['GO:0002250'],0.29411764705882354,query_1,17,0.012853470437017995,True,GO:BP,389,941,19,1.7903816947077955,0.29411764705882354
mTOR signaling pathway,8716,39031,4,"[[], [], [], [], [], [], [], ['KEGG'], [], [], ['KEGG'], ['KEGG'], ['KEGG'], [], [], [], [], []]",mTOR signaling pathway,KEGG:04150,0.016519263299228936,['KEGG:00000'],0.2222222222222222,query_1,18,0.02564102564102564,True,KEGG,156,293,87,1.7820093245830573,0.2222222222222222
"""Binding to an ion, a charged atoms or groups of atoms."" [GOC:jl]",20208,5156,14,"[['IEA'], ['IDA', 'IEA'], ['IEA'], ['IDA', 'IEA'], [], [], ['IDA', 'TAS', 'IEA'], ['IBA', 'IEA'], ['IEA'], ['IEA'], ['IEA'], [], ['IDA', 'IC', 'IEA'], [], ['IEA'], ['IEA'], ['IEA'], ['IEA']]",ion binding,GO:0043167,0.01673679802447472,['GO:0036094'],0.7777777777777778,query_1,18,0.0022389253158483927,True,GO:MF,6253,5156,2,1.7763276247963817,0.7777777777777778
Longevity regulating pathway - multiple species,8716,39037,3,"[[], [], [], [], [], [], [], ['KEGG'], [], [], ['KEGG'], [], ['KEGG'], [], [], [], [], []]",Longevity regulating pathway - multiple species,KEGG:04213,0.01723466309973167,['KEGG:00000'],0.16666666666666666,query_1,18,0.04838709677419355,True,KEGG,62,299,88,1.7635972016878605,0.16666666666666666
"""Any process that stops, prevents, or reduces the frequency, rate or extent of a process involved in the formation, arrangement of constituent parts, or disassembly of cell structures, including the plasma membrane and any external encapsulating structures such as the cell wall and cell envelope."" [GOC:ai]",20972,22751,6,"[[], [], [], [], [], [], ['IDA'], [], ['IEA'], [], ['ISS', 'IEA'], ['IMP', 'ISS'], ['IDA', 'ISS', 'IEA'], [], [], ['IDA'], [], []]",negative regulation of cellular component organization,GO:0051129,0.017256506772133442,"['GO:0016043', 'GO:0048523', 'GO:0051128']",0.35294117647058826,query_1,17,0.008633093525179856,True,GO:BP,695,12628,19,1.7630471137846586,0.35294117647058826
"""Any process that modulates the frequency, rate or extent of a signaling process."" [GOC:mtg_signal]",20972,16327,11,"[[], [], [], [], [], [], ['IMP', 'ISS', 'IEA'], ['IEA'], ['IEA'], [], ['IGI', 'NAS'], ['IDA', 'IMP', 'ISS', 'IBA', 'TAS', 'NAS'], ['IDA', 'IMP', 'ISS', 'TAS', 'NAS', 'IEA'], ['IDA', 'ISS'], ['IDA', 'IMP', 'ISS', 'IBA', 'IEA'], ['IDA'], ['IDA', 'IMP', 'IBA', 'TAS', 'IEA'], ['IMP', 'IBA', 'TAS', 'IEA']]",regulation of signaling,GO:0023051,0.017286304471999484,"['GO:0023052', 'GO:0050789']",0.6470588235294118,query_1,17,0.0031672905269219693,True,GO:BP,3473,6204,19,1.7622978418308675,0.6470588235294118
"""Any process that modulates the frequency, rate, or extent of an immune effector process."" [GOC:add]",20972,11292,5,"[['IEA'], [], ['IEA'], ['IEA'], ['IDA', 'IMP'], [], [], [], [], [], [], [], [], [], [], [], [], ['IDA', 'ISS', 'IEA']]",regulation of immune effector process,GO:0002697,0.01744900121037203,"['GO:0002252', 'GO:0002682']",0.29411764705882354,query_1,17,0.012658227848101266,True,GO:BP,395,1169,19,1.7582294272284886,0.29411764705882354
"""Any process that modulates the frequency, rate or extent of cell communication. Cell communication is the process that mediates interactions between a cell and its surroundings. Encompasses interactions such as signaling or attachment between one cell and another cell, between a cell and an extracellular matrix, or between a cell and any other aspect of its environment."" [GOC:dph, GOC:tb]",20972,14228,11,"[[], [], [], [], [], [], ['IMP', 'ISS', 'IEA'], ['IEA'], ['IEA'], [], ['IGI', 'NAS'], ['IDA', 'IMP', 'ISS', 'IBA', 'TAS', 'NAS'], ['IDA', 'IMP', 'ISS', 'TAS', 'NAS', 'IEA'], ['IDA', 'ISS'], ['IDA', 'IMP', 'ISS', 'IBA', 'IEA'], ['IDA'], ['IDA', 'IMP', 'IBA', 'TAS', 'IEA'], ['IMP', 'IBA', 'TAS', 'IEA']]",regulation of cell communication,GO:0010646,0.017636078932261705,"['GO:0007154', 'GO:0050794']",0.6470588235294118,query_1,17,0.003160919540229885,True,GO:BP,3480,4105,19,1.7535979661073962,0.6470588235294118
"""An intracellular signaling process that is induced by the cell cycle regulator phosphoprotein p53 or an equivalent protein."" [GOC:mah]",20972,26304,4,"[[], [], [], ['IEA'], [], [], ['IDA', 'IMP', 'IEA'], [], [], [], [], [], ['TAS'], ['IDA'], [], [], [], []]",signal transduction by p53 class mediator,GO:0072331,0.017966942378730498,['GO:0035556'],0.23529411764705882,query_1,17,0.02185792349726776,True,GO:BP,183,16181,19,1.7455258250073669,0.23529411764705882
"""Any process that modulates the frequency, rate or extent of the chemical reactions and pathways involving phosphorus or compounds containing phosphorus."" [GOC:ai]",20972,22786,6,"[[], [], [], [], [], [], ['IMP'], [], [], [], [], ['IDA', 'IMP'], ['IDA'], [], ['IDA'], [], ['IDA', 'IMP'], ['IMP']]",regulation of phosphorus metabolic process,GO:0051174,0.018271004646947277,"['GO:0006793', 'GO:0019222']",0.35294117647058826,query_1,17,0.008547008547008548,True,GO:BP,702,12663,19,1.738237571934286,0.35294117647058826
"""Any process that modulates the frequency, rate, extent or direction of cell growth."" [GOC:go_curators]",20972,10459,5,"[[], [], [], [], [], [], ['IMP'], [], ['IEA'], [], [], [], ['IDA'], [], ['IMP'], [], ['IDA'], []]",regulation of cell growth,GO:0001558,0.018319901157353307,"['GO:0016049', 'GO:0040008', 'GO:0051128']",0.29411764705882354,query_1,17,0.012531328320802004,True,GO:BP,399,336,19,1.7370768738413036,0.29411764705882354
"""Any process that activates or increases the frequency, rate, or extent of immunoglobulin production."" [GOC:add]",20972,11237,3,"[['IEA'], [], ['IEA'], ['IEA'], [], [], [], [], [], [], [], [], [], [], [], [], [], []]",positive regulation of immunoglobulin production,GO:0002639,0.01852765626990229,"['GO:0002377', 'GO:0002637', 'GO:0002702']",0.17647058823529413,query_1,17,0.05263157894736842,True,GO:BP,57,1114,19,1.7321795150267851,0.17647058823529413
"""Any process that activates or increases the frequency, rate or extent of microRNA (miRNA) gene transcription."" [GO_REF:0000058, GOC:dph, GOC:kmv, GOC:TermGenie, PMID:24699545]",20972,31167,3,"[[], [], [], [], [], [], ['IDA', 'IMP', 'IGI'], [], [], [], [], [], [], ['IDA'], [], [], ['IMP'], []]",positive regulation of miRNA transcription,GO:1902895,0.01852765626990229,"['GO:0045893', 'GO:0061614', 'GO:1902893', 'GO:2000630']",0.17647058823529413,query_1,17,0.05263157894736842,True,GO:BP,57,21044,19,1.7321795150267851,0.17647058823529413
"""Any process that modulates the frequency, rate or extent of the chemical reactions and pathways involving a protein."" [GOC:ai]",20972,22818,8,"[[], [], [], [], [], [], ['IEA'], [], ['IEA'], [], [], ['IDA', 'IMP'], ['IDA', 'IMP', 'ISS', 'IEA'], ['NAS'], ['IDA', 'IMP'], [], ['IDA', 'IMP'], ['IMP']]",regulation of protein metabolic process,GO:0051246,0.019118526829572376,"['GO:0019538', 'GO:0060255', 'GO:0080090']",0.47058823529411764,query_1,17,0.005082592121982211,True,GO:BP,1574,12695,19,1.7185455751580547,0.47058823529411764
JAK-STAT signaling pathway,8716,39083,4,"[[], [], [], [], [], [], [], [], [], [], ['KEGG'], [], ['KEGG'], ['KEGG'], [], [], ['KEGG'], []]",JAK-STAT signaling pathway,KEGG:04630,0.01954499503846145,['KEGG:00000'],0.2222222222222222,query_1,18,0.024539877300613498,True,KEGG,163,345,89,1.7089644354782978,0.2222222222222222
GnRH secretion,8716,39138,3,"[[], [], [], [], [], [], [], ['KEGG'], [], [], ['KEGG'], [], ['KEGG'], [], [], [], [], []]",GnRH secretion,KEGG:04929,0.01982805627303831,['KEGG:00000'],0.16666666666666666,query_1,18,0.046153846153846156,True,KEGG,65,400,90,1.702719857215175,0.16666666666666666
"""Any apoptotic process in a T cell, a type of lymphocyte whose defining characteristic is the expression of a T cell receptor complex."" [CL:0000084, GOC:add, GOC:mtg_apoptosis, ISBN:0781765196]",20972,25017,3,"[[], [], [], [], ['IDA'], [], ['ISS', 'IEA'], [], [], [], [], [], ['IMP'], [], [], [], [], []]",T cell apoptotic process,GO:0070231,0.02163582383482427,['GO:0070227'],0.17647058823529413,query_1,17,0.05,True,GO:BP,60,14894,24,1.6648265633676693,0.17647058823529413
"""The attachment of a leukocyte to another cell via adhesion molecules."" [GOC:go_curators]",20972,12712,5,"[[], [], [], [], ['IDA', 'IMP', 'IBA', 'TAS', 'IEA'], ['IDA', 'IBA', 'IEA'], [], [], [], [], ['TAS'], [], ['IMP', 'TAS'], [], ['IEA'], [], [], []]",leukocyte cell-cell adhesion,GO:0007159,0.02163957049418024,['GO:0098609'],0.29411764705882354,query_1,17,0.012106537530266344,True,GO:BP,413,2589,19,1.6647513634295446,0.29411764705882354
Autophagy - animal,8716,39024,4,"[[], [], [], [], [], [], [], ['KEGG'], [], [], ['KEGG'], ['KEGG'], ['KEGG'], [], [], [], [], []]",Autophagy - animal,KEGG:04140,0.021937817382125503,['KEGG:00000'],0.2222222222222222,query_1,18,0.023809523809523808,True,KEGG,168,286,91,1.6588065830535224,0.2222222222222222
"""A lipid bilayer along with all the proteins and protein complexes embedded in it and attached to it."" [GOC:dos, GOC:mah, ISBN:0815316194]",22155,35368,16,"[['HDA'], [], [], ['HDA'], ['IDA', 'IBA', 'TAS', 'IEA'], ['IDA', 'IMP', 'IBA', 'TAS', 'IEA'], ['IEA'], ['IDA', 'HDA', 'IBA', 'TAS', 'IEA'], ['IDA', 'IBA', 'TAS', 'IEA'], ['TAS'], ['IDA', 'IPI', 'ISS', 'IBA', 'NAS', 'IEA'], ['IDA', 'IMP', 'IBA'], ['IDA', 'TAS', 'IEA'], ['IEA'], ['IDA', 'IBA', 'TAS', 'NAS', 'IEA'], ['IDA', 'IBA', 'TAS', 'NAS', 'IEA'], ['IDA', 'ISS', 'IBA', 'TAS', 'IEA'], ['IDA', 'IBA', 'TAS', 'IEA']]",membrane,GO:0016020,0.022006575038397078,['GO:0110165'],0.8888888888888888,query_1,18,0.0016040100250626567,True,GO:CC,9975,699,14,1.657447542983536,0.8888888888888888
"""Any process that modulates the frequency, rate, or extent of lymphocyte mediated immunity."" [GOC:add]",20972,11301,4,"[['IEA'], [], ['IEA'], ['IEA'], ['IDA', 'IMP'], [], [], [], [], [], [], [], [], [], [], [], [], []]",regulation of lymphocyte mediated immunity,GO:0002706,0.02215562947335525,"['GO:0002449', 'GO:0002703']",0.23529411764705882,query_1,17,0.02072538860103627,True,GO:BP,193,1178,19,1.6545159065251185,0.23529411764705882
"""Any process that modulates a cellular process that is involved in the progression of biochemical and morphological phases and events that occur in a cell during successive cell replication or nuclear replication events."" [GOC:dph, GOC:tb]",20972,14154,6,"[[], [], [], ['IEA'], [], [], ['IDA', 'IMP', 'IEA'], [], [], [], [], ['IDA'], ['IMP'], ['IDA'], [], [], ['IMP'], []]",regulation of cell cycle process,GO:0010564,0.0224731977290717,"['GO:0022402', 'GO:0051726']",0.35294117647058826,query_1,17,0.008241758241758242,True,GO:BP,728,4031,20,1.6483351270787716,0.35294117647058826
Fc epsilon RI signaling pathway,8716,39091,3,"[[], [], [], [], [], [], [], ['KEGG'], [], [], ['KEGG'], [], ['KEGG'], [], [], [], [], []]",Fc epsilon RI signaling pathway,KEGG:04664,0.02266157755361986,['KEGG:00000'],0.16666666666666666,query_1,18,0.04411764705882353,True,KEGG,68,353,92,1.6447098606251136,0.16666666666666666
"""A type of reproduction that combines the genetic material of two gametes (such as a sperm or egg cell or fungal spores). The gametes have an haploid genome (with a single set of chromosomes, the product of a meiotic division) and combines with one another to produce a zygote (diploid)."" [Wikipedia:Sexual_reproduction]",20972,15788,7,"[['IEA'], ['ISS'], [], ['IEA'], [], [], [], [], [], [], ['IEA'], ['IDA'], ['IEA'], [], [], [], [], ['ISS', 'TAS', 'IEA']]",sexual reproduction,GO:0019953,0.022699263833861155,['GO:0022414'],0.4117647058823529,query_1,17,0.0062056737588652485,True,GO:BP,1128,5665,25,1.6439882273036244,0.4117647058823529
"""Any process that modulates the frequency, rate, or extent of B cell mediated immunity."" [GOC:add]",20972,11307,3,"[['IEA'], [], ['IEA'], ['IEA'], [], [], [], [], [], [], [], [], [], [], [], [], [], []]",regulation of B cell mediated immunity,GO:0002712,0.022743520937467624,"['GO:0002706', 'GO:0002822', 'GO:0019724']",0.17647058823529413,query_1,17,0.04918032786885246,True,GO:BP,61,1184,19,1.6431423010667119,0.17647058823529413
"""Any process that modulates the frequency, rate, or extent of an immunoglobulin mediated immune response."" [GOC:add]",20972,11476,3,"[['IEA'], [], ['IEA'], ['IEA'], [], [], [], [], [], [], [], [], [], [], [], [], [], []]",regulation of immunoglobulin mediated immune response,GO:0002889,0.022743520937467624,"['GO:0002712', 'GO:0016064']",0.17647058823529413,query_1,17,0.04918032786885246,True,GO:BP,61,1353,19,1.6431423010667119,0.17647058823529413
"""The series of molecular signals initiated by an extracellular ligand binding to a receptor located on the cell surface. The pathway ends with regulation of a downstream cellular process, e.g. transcription."" [GOC:signaling]",20972,12719,10,"[[], [], [], [], ['IDA', 'IBA'], ['IMP', 'IBA'], ['IGI', 'IEA'], [], [], [], ['IGI', 'TAS', 'IEA'], ['ISS'], ['IDA', 'IMP', 'ISS', 'TAS', 'NAS', 'IEA'], [], ['IDA', 'ISS', 'IBA', 'TAS', 'IEA'], ['IDA', 'ISS', 'IBA', 'NAS', 'IEA'], ['IDA', 'IMP', 'IBA', 'TAS', 'IEA'], ['IDA', 'IMP', 'ISS', 'IBA', 'IEA']]",cell surface receptor signaling pathway,GO:0007166,0.023029915273297265,['GO:0007165'],0.5882352941176471,query_1,17,0.0035285815102328866,True,GO:BP,2834,2596,19,1.6377076597955238,0.5882352941176471
Signaling by PTK6,11056,41716,3,"[[], [], [], [], [], [], [], [], [], [], [], [], ['REAC'], [], ['REAC'], [], ['REAC'], []]",Signaling by PTK6,REAC:R-HSA-8848021,0.023033774557478542,['REAC:R-HSA-9006927'],0.16666666666666666,query_1,18,0.058823529411764705,True,REAC,51,2392,97,1.6376348881250777,0.16666666666666666
Signaling by Non-Receptor Tyrosine Kinases,11056,41709,3,"[[], [], [], [], [], [], [], [], [], [], [], [], ['REAC'], [], ['REAC'], [], ['REAC'], []]",Signaling by Non-Receptor Tyrosine Kinases,REAC:R-HSA-9006927,0.023033774557478542,['REAC:R-HSA-162582'],0.16666666666666666,query_1,18,0.058823529411764705,True,REAC,51,2385,97,1.6376348881250777,0.16666666666666666
"""Any process that modulates the frequency, rate, or extent of the production of molecular mediator of immune response."" [GOC:add]",20972,11295,4,"[['IEA'], [], ['IEA'], ['IEA'], [], [], [], [], [], [], [], [], [], [], [], [], [], ['IDA', 'ISS', 'IEA']]",regulation of production of molecular mediator of immune response,GO:0002700,0.02354179766592522,"['GO:0002440', 'GO:0002697', 'GO:0010468']",0.23529411764705882,query_1,17,0.02040816326530612,True,GO:BP,196,1172,19,1.6281603772367268,0.23529411764705882
"""The process whose specific outcome is the progression of the circulatory system over time, from its formation to the mature structure. The circulatory system is the organ system that passes nutrients (such as amino acids and electrolytes), gases, hormones, blood cells, etc. to and from cells in the body to help fight diseases and help stabilize body temperature and pH to maintain homeostasis."" [GOC:mah, UBERON:0001009]",20972,26320,7,"[[], [], [], [], [], [], ['IEA'], [], [], [], ['TAS', 'IEA'], ['ISS'], ['IMP', 'IEA'], [], ['NAS', 'IEA'], [], ['IMP'], ['IDA']]",circulatory system development,GO:0072359,0.02363457393602293,['GO:0048731'],0.4117647058823529,query_1,17,0.006167400881057269,True,GO:BP,1135,16197,19,1.626452222381673,0.4117647058823529
"""Binding to a small molecule, any low molecular weight, monomeric, non-encoded molecule."" [GOC:curators, GOC:pde, GOC:pm]",20208,4848,14,"[['IEA'], ['IDA', 'IEA'], ['IEA'], ['IDA', 'IEA'], [], [], ['IDA', 'TAS', 'IEA'], ['IBA', 'IEA'], ['IEA'], ['IEA'], ['IEA'], [], ['IDA', 'IC', 'IEA'], [], ['IEA'], ['IEA'], ['IEA'], ['IEA']]",small molecule binding,GO:0036094,0.024375459070831582,['GO:0005488'],0.7777777777777778,query_1,18,0.0021718895439031957,True,GO:MF,6446,4848,2,1.6130471963452602,0.7777777777777778
"""A process, occurring at the cellular level, that is involved in the reproductive function of a multicellular organism."" [GOC:isa_complete]",20972,16292,5,"[['IEA'], [], [], ['IEA'], [], [], [], [], [], [], ['IEA'], [], ['IEA'], [], [], [], [], ['IEA']]",cellular process involved in reproduction in multicellular organism,GO:0022412,0.024563936940186916,"['GO:0009987', 'GO:0048609']",0.29411764705882354,query_1,17,0.01179245283018868,True,GO:BP,424,6169,19,1.6097020261963997,0.29411764705882354
"""The process whose specific outcome is the progression of a gland over time, from its formation to the mature structure. A gland is an organ specialised for secretion."" [GOC:jid]",20972,22262,5,"[[], [], [], [], [], [], [], [], ['IEA'], [], ['IEA'], [], ['TAS'], [], [], ['IBA'], ['IEA'], []]",gland development,GO:0048732,0.024844375400642285,['GO:0048513'],0.29411764705882354,query_1,17,0.011764705882352941,True,GO:BP,425,12139,19,1.6047719171500536,0.29411764705882354
"""The cell cycle process by which a cell commits to entering the next mitotic cell cycle phase."" [GOC:mtg_cell_cycle]",20972,20520,5,"[[], [], [], [], [], [], ['IMP', 'IEA'], [], [], [], [], ['IDA'], ['IMP'], ['IDA'], [], [], ['IMP'], []]",mitotic cell cycle phase transition,GO:0044772,0.025127313019800597,"['GO:0044770', 'GO:1903047']",0.29411764705882354,query_1,17,0.011737089201877934,True,GO:BP,426,10397,20,1.5998539500490696,0.29411764705882354
"""Any process that stops, prevents or reduces the frequency, rate or extent of hydrogen peroxide-mediated programmed cell death."" [GOC:BHF, GOC:TermGenie]",20972,30105,2,"[[], [], [], [], [], [], [], [], [], [], [], [], ['IMP'], [], [], ['IMP'], [], []]",negative regulation of hydrogen peroxide-mediated programmed cell death,GO:1901299,0.0253931275844384,"['GO:0010421', 'GO:0043069', 'GO:1901298']",0.11764705882352941,query_1,17,0.25,True,GO:BP,8,19982,19,1.5952838052699672,0.11764705882352941
"""The series of molecular signals initiated by binding of a ligand to an epidermal growth factor receptor (EGFR/ERBB1) on the surface of a cell, followed by transmission of the signal by a heterodimeric complex of ERBB2 and EGFR. ERBB2, which does not bind any known ligand, is activated through formation of a heterodimer with another ligand-activated ERBB family member such as EGFR."" [GOC:signaling, PMID:16460914]",20972,19217,2,"[[], [], [], [], [], [], [], [], [], [], [], [], [], [], ['IDA', 'IEA'], [], ['IDA', 'IEA'], []]",ERBB2-EGFR signaling pathway,GO:0038134,0.0253931275844384,"['GO:0007173', 'GO:0038128']",0.11764705882352941,query_1,17,0.25,True,GO:BP,8,9094,19,1.5952838052699672,0.11764705882352941
"""The process in which a relatively unspecialized precursor cell acquires specialized features of a lymphocyte. A lymphocyte is a leukocyte commonly found in the blood and lymph that has the characteristics of a large nucleus, a neutral staining cytoplasm, and prominent heterochromatin."" [CL:0000542, GOC:go_curators]",20972,16364,5,"[[], [], [], ['ISS', 'IEA'], [], ['IDA', 'IBA'], ['IEA'], [], [], [], [], [], [], [], ['IEA'], [], [], ['ISS', 'IBA', 'IEA']]",lymphocyte differentiation,GO:0030098,0.0254127656945508,"['GO:0046649', 'GO:1903131']",0.29411764705882354,query_1,17,0.0117096018735363,True,GO:BP,427,6241,19,1.594948067711541,0.29411764705882354
"""Any process that activates or increases the rate or extent of epithelial cell proliferation."" [GOC:ai]",20972,22477,4,"[[], [], [], [], [], [], [], [], [], [], [], [], ['IMP'], ['IDA'], ['IDA', 'IBA'], [], ['IDA', 'IBA', 'IEA'], []]",positive regulation of epithelial cell proliferation,GO:0050679,0.025488214815516615,"['GO:0008284', 'GO:0050673', 'GO:0050678']",0.23529411764705882,query_1,17,0.02,True,GO:BP,200,12354,19,1.5936605812792763,0.23529411764705882
"""Any process that modulates the frequency, rate, or extent of an adaptive immune response based on somatic recombination of immune receptors built from immunoglobulin superfamily domains. An example of this process is found in the Gnathostomata."" [GOC:add, GOC:mtg_sensu]",20972,11409,4,"[['IEA'], [], ['IEA'], ['IEA'], ['IDA', 'IMP'], [], [], [], [], [], [], [], [], [], [], [], [], []]",regulation of adaptive immune response based on somatic recombination of immune receptors built from immunoglobulin superfamily domains,GO:0002822,0.025488214815516615,"['GO:0002460', 'GO:0002819']",0.23529411764705882,query_1,17,0.02,True,GO:BP,200,1286,19,1.5936605812792763,0.23529411764705882
Prolactin signaling pathway,8716,39126,3,"[[], [], [], [], [], [], [], ['KEGG'], [], [], ['KEGG'], [], ['KEGG'], [], [], [], [], []]",Prolactin signaling pathway,KEGG:04917,0.025744483357661913,['KEGG:00000'],0.16666666666666666,query_1,18,0.04225352112676056,True,KEGG,71,388,93,1.5893158192054753,0.16666666666666666
"""A process that is part of the mitotic cell cycle."" [GO_REF:0000060, GOC:mtg_cell_cycle, GOC:TermGenie]",20972,31273,6,"[[], [], [], ['IEA'], [], [], ['IMP', 'IEA'], [], [], [], [], ['IDA'], ['IMP'], ['IDA'], [], [], ['IMP'], []]",mitotic cell cycle process,GO:1903047,0.026015305256322667,"['GO:0000278', 'GO:0022402']",0.35294117647058826,query_1,17,0.008032128514056224,True,GO:BP,747,21150,20,1.5847710738479477,0.35294117647058826
"""Any process that modulates the frequency, rate or extent of cell cycle phase transition."" [GOC:mtg_cell_cycle, GOC:TermGenie, PMID:22841721]",20972,30567,5,"[[], [], [], ['IEA'], [], [], ['IMP', 'IEA'], [], [], [], [], ['IDA'], ['IMP'], [], [], [], ['IMP'], []]",regulation of cell cycle phase transition,GO:1901987,0.026878315404723036,"['GO:0010564', 'GO:0044770']",0.29411764705882354,query_1,17,0.011574074074074073,True,GO:BP,432,20444,20,1.5705979541211643,0.29411764705882354
"""An immune response mediated by immunoglobulins, whether cell-bound or in solution."" [GO_REF:0000022, GOC:add, ISBN:0781735149]",20972,14975,4,"[['IEA'], ['ISS', 'IEA'], ['IEA'], ['ISS', 'IBA', 'IEA'], [], [], [], [], [], [], [], [], [], [], [], [], [], []]",immunoglobulin mediated immune response,GO:0016064,0.027023999290664156,['GO:0019724'],0.23529411764705882,query_1,17,0.019704433497536946,True,GO:BP,203,4852,19,1.5682503791725872,0.23529411764705882
"""The multiplication or reproduction of epithelial cells, resulting in the expansion of a cell population. Epithelial cells make up the epithelium, the covering of internal and external surfaces of the body, including the lining of vessels and other small cavities. It consists of cells joined by small amounts of cementing substances."" [ISBN:0721662544]",20972,22471,5,"[[], [], [], [], [], [], [], [], [], [], [], [], ['IMP'], ['IDA'], ['IDA', 'IBA'], [], ['IDA', 'IBA', 'IEA'], ['IEA']]",epithelial cell proliferation,GO:0050673,0.027788856109958196,['GO:0008283'],0.29411764705882354,query_1,17,0.011494252873563218,True,GO:BP,435,12348,19,1.5561293299897263,0.29411764705882354
"""Any process involved with the carrying out of an immune response by a B cell, through, for instance, the production of antibodies or cytokines, or antigen presentation to T cells."" [GO_REF:0000022, GOC:add, ISBN:0781735149]",20972,15739,4,"[['IEA'], ['ISS', 'IEA'], ['IEA'], ['ISS', 'IBA', 'IEA'], [], [], [], [], [], [], [], [], [], [], [], [], [], []]",B cell mediated immunity,GO:0019724,0.028626921137855792,"['GO:0002449', 'GO:0002460']",0.23529411764705882,query_1,17,0.019417475728155338,True,GO:BP,206,5616,19,1.5432253583962279,0.23529411764705882
"""Any process that activates or increases the frequency, rate or extent of miRNA metabolic process."" [GOC:dph]",20972,34145,3,"[[], [], [], [], [], [], ['IDA', 'IMP', 'IGI'], [], [], [], [], [], [], ['IDA'], [], [], ['IMP'], []]",positive regulation of miRNA metabolic process,GO:2000630,0.028845226811764366,"['GO:0010586', 'GO:0051254', 'GO:2000628']",0.17647058823529413,query_1,17,0.045454545454545456,True,GO:BP,66,24022,19,1.539926041808615,0.17647058823529413
"""An immune response mediated by cells expressing specific receptors for antigens produced through a somatic diversification process, and allowing for an enhanced secondary response to subsequent exposures to the same antigen (immunological memory)."" [GO_REF:0000022, GOC:add, ISBN:0781735149]",20972,10882,6,"[['IEA'], ['ISS', 'IEA'], ['IEA'], ['ISS', 'IBA', 'IEA'], ['IDA', 'IMP', 'IEA'], ['IEA'], [], [], [], [], [], [], [], [], [], [], [], []]",adaptive immune response,GO:0002250,0.02890500048242555,['GO:0006955'],0.35294117647058826,query_1,17,0.00788436268068331,True,GO:BP,761,759,19,1.5390270190404745,0.35294117647058826
"""The process in which a gene's sequence is converted into a mature gene product (protein or RNA). This includes the production of an RNA transcript and its processing, as well as translation and maturation for protein-coding genes."" [GOC:txnOH-2018, PMID:25934543, PMID:31580950]",20972,14099,16,"[['IBA', 'IEA'], ['ISS', 'IEA'], ['IBA', 'IEA'], ['ISS', 'IBA', 'IEA'], ['IDA', 'IMP', 'IEA'], [], ['IDA', 'IMP', 'IGI', 'ISS', 'IBA', 'NAS', 'IEA'], ['IMP', 'IEA'], ['IDA', 'IMP'], [], ['IEA'], ['IMP', 'IEA'], ['IDA', 'IMP', 'ISS', 'TAS', 'IEA'], ['IDA', 'IMP', 'IGI', 'ISS', 'IBA', 'NAS', 'IEA'], ['IMP', 'IEA'], ['IDA'], ['IDA', 'IMP'], ['IDA', 'ISS', 'IEA']]",gene expression,GO:0010467,0.028922603993566123,['GO:0009059'],0.9411764705882353,query_1,17,0.0017331022530329288,True,GO:BP,9232,3976,19,1.5387626087106363,0.9411764705882353
"""The progression of biochemical and morphological phases and events that occur in a cell during successive cell replication or nuclear replication events. Canonically, the cell cycle comprises the replication and segregation of genetic material followed by the division of the cell, but in endocycles or syncytial cells nuclear replication or nuclear division may not be followed by cell division."" [GOC:go_curators, GOC:mtg_cell_cycle]",20972,12639,8,"[['IEA'], ['ISS'], [], ['IEA'], [], [], ['IDA', 'IMP', 'IGI', 'ISS', 'IEA'], [], [], [], [], ['IDA'], ['IMP'], ['IDA'], [], [], ['IMP'], []]",cell cycle,GO:0007049,0.029297707911679752,['GO:0009987'],0.47058823529411764,query_1,17,0.004796163069544364,True,GO:BP,1668,2516,20,1.5331663550809544,0.47058823529411764
"""Binding to a DNA segment containing four-way junctions, also known as Holliday junctions, a structure where two DNA double strands are held together by reciprocal exchange of two of the four strands, one strand each from the two original helices."" [GOC:krc, ISBN:0815332181, PMID:15563464]",20208,73,2,"[[], ['IDA'], [], ['IDA'], [], [], [], [], [], [], [], [], [], [], [], [], [], []]",four-way junction DNA binding,GO:0000400,0.029392570784911032,['GO:0000217'],0.1111111111111111,query_1,18,0.11764705882352941,True,GO:MF,17,73,10,1.531762427235522,0.1111111111111111
"""The vesicular release of classical neurotransmitter molecules from a presynapse, across a chemical synapse, the subsequent activation of neurotransmitter receptors at the postsynapse of a target cell (neuron, muscle, or secretory cell) and the effects of this activation on the postsynaptic membrane potential and ionic composition of the postsynaptic cytosol. This process encompasses both spontaneous and evoked release of neurotransmitter and all parts of synaptic vesicle exocytosis. Evoked transmission starts with the arrival of an action potential at the presynapse."" [GOC:jl, MeSH:D009435]",20972,12783,6,"[[], [], [], [], [], [], [], ['IEA'], ['IEA'], [], [], ['ISS'], ['NAS'], [], [], ['ISS'], [], ['IEA']]",chemical synaptic transmission,GO:0007268,0.029776796318839643,['GO:0098916'],0.35294117647058826,query_1,17,0.00784313725490196,True,GO:BP,765,2660,22,1.5261220297502,0.35294117647058826
"""Cell-cell signaling from pre to post-synapse, across the synaptic cleft."" [GOC:dos]",20972,27832,6,"[[], [], [], [], [], [], [], ['IEA'], ['IEA'], [], [], ['ISS'], ['NAS'], [], [], ['ISS'], [], ['IEA']]",anterograde trans-synaptic signaling,GO:0098916,0.029776796318839643,['GO:0099537'],0.35294117647058826,query_1,17,0.00784313725490196,True,GO:BP,765,17709,22,1.5261220297502,0.35294117647058826
"""A process in which a protein is transported to, or maintained in, a specific location in a membrane."" [GOC:mah]",20972,26421,5,"[[], [], [], [], [], [], [], [], ['IDA', 'IMP'], [], ['IDA'], [], ['IMP'], [], ['IEA'], [], ['IDA'], []]",protein localization to membrane,GO:0072657,0.03099946286481089,"['GO:0008104', 'GO:0051668']",0.29411764705882354,query_1,17,0.011235955056179775,True,GO:BP,445,16298,26,1.508645831226039,0.29411764705882354
"""Cell-cell signaling in either direction across the synaptic cleft."" [GOC:dos]",20972,27993,6,"[[], [], [], [], [], [], [], ['IEA'], ['IEA'], [], [], ['ISS'], ['NAS'], [], [], ['ISS'], [], ['IEA']]",trans-synaptic signaling,GO:0099537,0.03135373974321824,['GO:0099536'],0.35294117647058826,query_1,17,0.007772020725388601,True,GO:BP,772,17870,22,1.5037106509105005,0.35294117647058826
"""Cytoplasm situated near, or occurring around, the nucleus."" [GOC:jid]",22155,36836,5,"[[], [], [], [], [], ['IDA'], [], [], ['IDA'], [], ['ISS'], [], [], [], ['IEA'], [], ['IMP', 'IEA'], []]",perinuclear region of cytoplasm,GO:0048471,0.032612738105087274,"['GO:0005737', 'GO:0110165']",0.2777777777777778,query_1,18,0.006954102920723227,True,GO:CC,719,2167,18,1.4866127371029754,0.2777777777777778
Bacterial invasion of epithelial cells,8716,39177,3,"[[], [], [], [], [], [], [], [], ['KEGG'], [], ['KEGG'], [], [], [], [], ['KEGG'], [], []]",Bacterial invasion of epithelial cells,KEGG:05100,0.03269464848766973,['KEGG:00000'],0.16666666666666666,query_1,18,0.03896103896103896,True,KEGG,77,439,94,1.4855233275376754,0.16666666666666666
"""Any process that activates or increases the frequency, rate or extent of the covalent alteration of one or more amino acid residues within a protein."" [GOC:mah, GOC:tb]",20972,16824,5,"[[], [], [], [], [], [], [], [], [], [], [], ['IDA'], ['IDA'], [], ['IDA'], [], ['IDA', 'IMP'], ['IMP']]",positive regulation of protein modification process,GO:0031401,0.032709775329638,"['GO:0031399', 'GO:0036211', 'GO:0051247']",0.29411764705882354,query_1,17,0.011111111111111112,True,GO:BP,450,6701,27,1.4853224388598414,0.29411764705882354
"""The expansion of a T cell population by cell division. Follows T cell activation."" [GOC:jl]",20972,19449,4,"[[], [], [], [], ['IDA', 'IMP', 'IBA', 'TAS', 'IEA'], ['IEA'], ['IEA'], [], [], [], [], [], [], [], ['IEA'], [], [], []]",T cell proliferation,GO:0042098,0.03324365184305209,"['GO:0042110', 'GO:0046651']",0.23529411764705882,query_1,17,0.018691588785046728,True,GO:BP,214,9326,19,1.4782912746540893,0.23529411764705882
"""Any process that activates or increases the activity of an enzyme."" [GOC:ebc, GOC:jl, GOC:tb, GOC:vw]",20972,19977,5,"[[], ['IDA'], [], ['IDA'], [], [], [], [], [], [], [], ['IDA'], ['IDA'], [], ['IDA'], [], [], []]",positive regulation of catalytic activity,GO:0043085,0.033414179420144234,"['GO:0044093', 'GO:0050790']",0.29411764705882354,query_1,17,0.011061946902654867,True,GO:BP,452,9854,21,1.4760691997409212,0.29411764705882354
"""Any process that modulates the frequency, rate, or extent of an adaptive immune response."" [GOC:add]",20972,11406,4,"[['IEA'], [], ['IEA'], ['IEA'], ['IDA', 'IMP'], [], [], [], [], [], [], [], [], [], [], [], [], []]",regulation of adaptive immune response,GO:0002819,0.0338569959697207,"['GO:0002250', 'GO:0050776']",0.23529411764705882,query_1,17,0.018604651162790697,True,GO:BP,215,1283,19,1.4703515781718617,0.23529411764705882
"""Any process that modulates a qualitative or quantitative trait of a biological quality. A biological quality is a measurable attribute of an organism or part of an organism, such as size, mass, shape, color, etc."" [GOC:dph, GOC:isa_complete, GOC:mah, GOC:pr, GOC:vw]",20972,24908,10,"[['IEA'], [], [], [], [], [], ['IEA'], ['IEA'], ['IEA'], [], ['ISS', 'TAS', 'IEA'], ['IDA', 'IMP', 'ISS'], ['TAS', 'NAS', 'IEA'], [], ['IEA'], ['ISS'], [], ['ISS', 'IEA']]",regulation of biological quality,GO:0065008,0.03440583023425307,['GO:0065007'],0.5882352941176471,query_1,17,0.0033749578130273373,True,GO:BP,2963,14785,28,1.4633679578930308,0.5882352941176471
Signal Transduction,11056,41633,12,"[[], [], [], [], ['REAC'], [], ['REAC'], ['REAC'], ['REAC'], [], ['REAC'], ['REAC'], ['REAC'], ['REAC'], ['REAC'], ['REAC'], ['REAC'], ['REAC']]",Signal Transduction,REAC:R-HSA-162582,0.03451454789682026,['REAC:0000000'],0.6666666666666666,query_1,18,0.004669260700389105,True,REAC,2570,2309,97,1.4619978110255571,0.6666666666666666
"""Catalysis of the transfer of a phosphorus-containing group from one compound (donor) to another (acceptor)."" [EC:2.7.-.-]",20208,2881,6,"[[], [], [], [], [], [], [], [], [], [], ['IDA', 'ISS', 'IBA', 'TAS', 'IEA'], [], ['EXP', 'IDA', 'IMP', 'ISS', 'IBA', 'TAS', 'NAS', 'IEA'], [], ['IDA', 'IBA', 'TAS', 'IEA'], ['IBA', 'TAS', 'NAS', 'IEA'], ['IDA', 'IMP', 'IBA', 'TAS', 'NAS', 'IEA'], ['IDA', 'IBA', 'TAS', 'IEA']]","transferase activity, transferring phosphorus-containing groups",GO:0016772,0.03480979288799212,['GO:0016740'],0.3333333333333333,query_1,18,0.006329113924050633,True,GO:MF,948,2881,1,1.4582985606820933,0.3333333333333333
"""A molecular function characterized by the coupling of ATP hydrolysis to other steps of a reaction mechanism to make the reaction energetically favorable, for example to catalyze a reaction or drive transport against a concentration gradient."" [PMID:24878343, PMID:25750732, PMID:32933017, PMID:33818025, PMID:33873056, PMID:33988324]",20208,9386,5,"[['IBA', 'IEA'], ['IDA', 'IEA'], ['IBA', 'IEA'], ['IDA', 'IEA'], [], [], ['IDA'], [], [], [], [], [], [], [], [], [], [], []]",ATP-dependent activity,GO:0140657,0.03610853001825952,['GO:0003674'],0.2777777777777778,query_1,18,0.008561643835616438,True,GO:MF,584,9386,3,1.4423901913835577,0.2777777777777778
"""Binding to protein tyrosine kinase."" [PMID:25499537]",20208,10056,3,"[[], [], [], [], [], [], ['IPI'], [], ['IEA'], [], [], [], [], [], ['IPI'], [], [], []]",protein tyrosine kinase binding,GO:1990782,0.03798707092185665,['GO:0019901'],0.16666666666666666,query_1,18,0.02654867256637168,True,GO:MF,113,10056,11,1.4203641924025538,0.16666666666666666
"""Cell-cell signaling to, from or within a synapse."" [GOC:dos]",20972,27992,6,"[[], [], [], [], [], [], [], ['IEA'], ['IEA'], [], [], ['ISS'], ['NAS'], [], [], ['ISS'], [], ['IEA']]",synaptic signaling,GO:0099536,0.03917384097855138,['GO:0007267'],0.35294117647058826,query_1,17,0.007471980074719801,True,GO:BP,803,17869,22,1.407003843974006,0.35294117647058826
B cell receptor signaling pathway,8716,39090,3,"[[], [], [], [], [], [], [], ['KEGG'], [], [], ['KEGG'], [], ['KEGG'], [], [], [], [], []]",B cell receptor signaling pathway,KEGG:04662,0.03932724971572042,['KEGG:00000'],0.16666666666666666,query_1,18,0.036585365853658534,True,KEGG,82,352,95,1.4053064241737936,0.16666666666666666
"""Any process that stops, prevents or reduces the rate or extent of T cell proliferation."" [GOC:jl]",20972,19466,3,"[[], [], [], [], ['IDA', 'IMP', 'IBA', 'IEA'], ['IEA'], [], [], [], [], [], [], [], [], ['IEA'], [], [], []]",negative regulation of T cell proliferation,GO:0042130,0.04069893678142854,"['GO:0042098', 'GO:0042129', 'GO:0050672', 'GO:0050868']",0.17647058823529413,query_1,17,0.04054054054054054,True,GO:BP,74,9343,19,1.3904169361307988,0.17647058823529413
"""The process whose specific outcome is the progression of an epithelium over time, from its formation to the mature structure. An epithelium is a tissue that covers the internal or external surfaces of an anatomical structure."" [GOC:dph, GOC:mtg_lung]",20972,23755,7,"[[], [], [], [], [], [], ['IEA'], ['IEA'], [], [], [], ['IMP'], ['TAS'], ['ISS'], [], ['IDA', 'IMP'], ['IEA'], []]",epithelium development,GO:0060429,0.040710457198689654,['GO:0009888'],0.4117647058823529,query_1,17,0.005672609400324149,True,GO:BP,1234,13632,29,1.3902940202500997,0.4117647058823529
"""Any process that results in a change in state or activity of a cell (in terms of movement, secretion, enzyme production, gene expression, etc.) as a result of a stimulus arising within the organism."" [GOC:mah]",20972,25713,7,"[[], [], [], [], [], [], ['IEA'], [], [], [], ['IDA', 'IGI', 'TAS', 'IEA'], [], ['IDA', 'IMP', 'ISS', 'IEA'], [], ['IDA', 'IMP', 'IEA'], ['IEA'], ['ISS', 'IEA'], ['IEA']]",cellular response to endogenous stimulus,GO:0071495,0.04157290865216736,['GO:0009719'],0.4117647058823529,query_1,17,0.005654281098546042,True,GO:BP,1238,15590,19,1.3811895889796002,0.4117647058823529
"""Binding to chromatin, the network of fibers of DNA, protein, and sometimes RNA, that make up the chromosomes of the eukaryotic nucleus during interphase."" [GOC:jl, ISBN:0198506732, PMID:20404130]",20208,316,5,"[['IDA', 'IEA'], ['IEA'], [], ['IDA'], [], [], ['IDA', 'IEA'], [], [], [], [], [], [], [], [], [], ['IDA'], []]",chromatin binding,GO:0003682,0.04196357215306729,['GO:0005488'],0.2777777777777778,query_1,18,0.008291873963515755,True,GO:MF,603,316,12,1.3771275495458377,0.2777777777777778
Developmental Biology,11056,40088,9,"[[], [], [], [], [], [], ['REAC'], [], ['REAC'], [], ['REAC'], [], ['REAC'], ['REAC'], ['REAC'], ['REAC'], ['REAC'], ['REAC']]",Developmental Biology,REAC:R-HSA-1266738,0.042011001213610975,['REAC:0000000'],0.5,query_1,18,0.006456241032998565,True,REAC,1394,764,103,1.3766369681557704,0.5
"""Any process that modulates the frequency, rate or extent of signal transduction."" [GOC:sm]",20972,13766,10,"[[], [], [], [], [], [], ['IMP', 'ISS', 'IEA'], ['IEA'], [], [], ['IGI', 'NAS'], ['IDA', 'IMP', 'ISS', 'IBA', 'TAS', 'NAS'], ['IDA', 'IMP', 'ISS', 'TAS', 'NAS', 'IEA'], ['IDA', 'ISS'], ['IDA', 'IMP', 'ISS', 'IBA', 'IEA'], ['IDA'], ['IDA', 'IMP', 'IBA', 'TAS', 'IEA'], ['IMP', 'IBA', 'TAS', 'IEA']]",regulation of signal transduction,GO:0009966,0.0421807893349784,"['GO:0007165', 'GO:0010646', 'GO:0023051', 'GO:0048583']",0.5882352941176471,query_1,17,0.003299241174529858,True,GO:BP,3031,3643,19,1.374885297507438,0.5882352941176471
"""Any process that modulates the frequency, rate or extent of microRNA (miRNA) gene transcription."" [GO_REF:0000058, GOC:dph, GOC:kmv, GOC:TermGenie, PMID:24699545]",20972,31165,3,"[[], [], [], [], [], [], ['IDA', 'IMP', 'IGI'], [], [], [], [], [], [], ['IDA'], [], [], ['IMP'], []]",regulation of miRNA transcription,GO:1902893,0.04237349033250186,"['GO:0006355', 'GO:0061614', 'GO:2000628']",0.17647058823529413,query_1,17,0.04,True,GO:BP,75,21042,19,1.372905761401092,0.17647058823529413
"""Catalysis of a biochemical reaction at physiological temperatures. In biologically catalyzed reactions, the reactants are known as substrates, and the catalysts are naturally occurring macromolecular substances known as enzymes. Enzymes possess specific binding sites for substrates, and are usually composed wholly or largely of protein, but RNA that has catalytic activity (ribozyme) is often also regarded as enzymatic."" [GOC:vw, ISBN:0198506732]",20208,356,13,"[['IBA', 'IEA'], ['IDA', 'IEA'], ['IBA', 'TAS', 'IEA'], ['IDA', 'IEA'], [], [], ['IDA'], ['IMP', 'IBA', 'TAS', 'IEA'], [], [], ['IDA', 'ISS', 'IBA', 'TAS', 'IEA'], ['IDA', 'IBA', 'TAS', 'IEA'], ['EXP', 'IDA', 'IMP', 'ISS', 'IBA', 'TAS', 'NAS', 'IEA'], [], ['IDA', 'IBA', 'TAS', 'IEA'], ['IBA', 'TAS', 'NAS', 'IEA'], ['IDA', 'IMP', 'IBA', 'TAS', 'NAS', 'IEA'], ['IDA', 'IBA', 'TAS', 'IEA']]",catalytic activity,GO:0003824,0.043295497670219854,['GO:0003674'],0.7222222222222222,query_1,18,0.002259690596210673,True,GO:MF,5753,356,13,1.3635572638924578,0.7222222222222222
Epstein-Barr virus infection,8716,39204,4,"[[], [], [], [], [], [], ['KEGG'], [], [], [], ['KEGG'], [], ['KEGG'], ['KEGG'], [], [], [], []]",Epstein-Barr virus infection,KEGG:05169,0.04332624980194852,['KEGG:00000'],0.2222222222222222,query_1,18,0.01990049751243781,True,KEGG,201,466,96,1.363248900644951,0.2222222222222222
"""The process in which a cell irreversibly increases in size over time by accretion and biosynthetic production of matter similar to that already present."" [GOC:ai]",20972,14962,5,"[[], [], [], [], [], [], ['IMP'], [], ['IEA'], [], [], [], ['IDA'], [], ['IMP'], [], ['IDA'], []]",cell growth,GO:0016049,0.04369688606748699,"['GO:0009987', 'GO:0040007']",0.29411764705882354,query_1,17,0.010460251046025104,True,GO:BP,478,4839,19,1.359549510670137,0.29411764705882354
ERBB2 Activates PTK6 Signaling,11056,40188,2,"[[], [], [], [], [], [], [], [], [], [], [], [], [], [], ['REAC'], [], ['REAC'], []]",ERBB2 Activates PTK6 Signaling,REAC:R-HSA-8847993,0.043752213961353995,"['REAC:R-HSA-1227986', 'REAC:R-HSA-8848021']",0.1111111111111111,query_1,18,0.18181818181818182,True,REAC,11,864,97,1.3589999657988918,0.1111111111111111
"""The cellular synthesis of microRNA (miRNA) transcripts. MicroRNA genes are synthesized as primary (pri) miRNA transcripts and subsequently processed to produce the ~22nt miRNAs that function in gene regulation."" [GOC:dph, GOC:kmv, PMID:18778799]",20972,24615,3,"[[], [], [], [], [], [], ['IDA', 'IMP', 'IGI'], [], [], [], [], [], [], ['IDA'], [], [], ['IMP'], []]",miRNA transcription,GO:0061614,0.04409276945530322,"['GO:0006351', 'GO:0010586']",0.17647058823529413,query_1,17,0.039473684210526314,True,GO:BP,76,14492,19,1.3556326223942992,0.17647058823529413
"""Any process that activates or increases the frequency, rate or extent of DNA recombination."" [GOC:go_curators]",20972,21053,3,"[['IEA'], [], ['IEA'], ['IEA'], [], [], [], [], [], [], [], [], [], [], [], [], [], []]",positive regulation of DNA recombination,GO:0045911,0.04409276945530322,"['GO:0000018', 'GO:0006310', 'GO:0051054']",0.17647058823529413,query_1,17,0.039473684210526314,True,GO:BP,76,10930,19,1.3556326223942992,0.17647058823529413
DNA Repair,11056,39788,5,"[['REAC'], ['REAC'], ['REAC'], ['REAC'], [], [], ['REAC'], [], [], [], [], [], [], [], [], [], [], []]",DNA Repair,REAC:R-HSA-73894,0.04515925018460211,['REAC:0000000'],0.2777777777777778,query_1,18,0.015197568389057751,True,REAC,329,464,100,1.3452532776282295,0.2777777777777778
"""Any process that decreases the frequency, rate or extent of the chemical reactions and pathways involving macromolecules, any molecule of high relative molecular mass, the structure of which essentially comprises the multiple repetition of units derived, actually or conceptually, from molecules of low relative molecular mass."" [GOC:dph, GOC:tb]",20972,14189,10,"[['IEA'], ['IDA', 'IEA'], [], ['IDA', 'ISS', 'IEA'], ['IMP'], [], ['IDA', 'IMP', 'ISS', 'NAS', 'IEA'], [], [], [], ['IEA'], ['IDA', 'IMP'], ['IMP', 'ISS', 'TAS', 'IEA'], ['IDA', 'IMP'], [], [], ['IDA'], []]",negative regulation of macromolecule metabolic process,GO:0010605,0.04869557159522938,"['GO:0009892', 'GO:0043170', 'GO:0060255']",0.5882352941176471,query_1,17,0.003246753246753247,True,GO:BP,3080,4066,19,1.3125105319928152,0.5882352941176471
"""Any process that modulates the rate or extent of progress through the mitotic cell cycle."" [GOC:dph, GOC:go_curators, GOC:tb]",20972,12842,5,"[[], [], [], ['IEA'], [], [], ['IMP', 'IEA'], [], [], [], [], ['IDA'], ['IMP'], [], [], [], ['IMP'], []]",regulation of mitotic cell cycle,GO:0007346,0.04872507535330009,"['GO:0000278', 'GO:0051726']",0.29411764705882354,query_1,17,0.010224948875255624,True,GO:BP,489,2719,30,1.3122474805736632,0.29411764705882354
"""Any process that results in a change in state or activity of a cell or an organism (in terms of movement, secretion, enzyme production, gene expression, etc.) as a result of a chemical stimulus."" [GOC:jl]",20972,19523,11,"[[], [], ['IEA'], [], ['IDA', 'IBA'], [], ['IDA', 'IMP', 'IGI', 'IEP', 'IEA'], [], ['IDA', 'IEA'], [], ['IDA', 'ISS', 'TAS', 'IEA'], [], ['IDA', 'IMP', 'ISS', 'TAS', 'IEA'], ['IDA', 'IEP'], ['IEA'], ['IDA', 'IMP', 'IEA'], ['IDA', 'IEA'], ['IDA', 'ISS', 'IBA', 'IEA']]",response to chemical,GO:0042221,0.04947037671418765,['GO:0050896'],0.6470588235294118,query_1,17,0.0028475278281128655,True,GO:BP,3863,9400,19,1.3056547824947227,0.6470588235294118
"""Any process that modulates the frequency, rate, or extent of immunoglobulin production."" [GOC:add]",20972,11235,3,"[['IEA'], [], ['IEA'], ['IEA'], [], [], [], [], [], [], [], [], [], [], [], [], [], []]",regulation of immunoglobulin production,GO:0002637,0.049524538404947346,"['GO:0002377', 'GO:0002700']",0.17647058823529413,query_1,17,0.0379746835443038,True,GO:BP,79,1112,19,1.3051795636262347,0.17647058823529413
