Database,Project ID,PMID,Title,Total Samples,preCancer,Case Cancer Untreated,Case Cancer Treated,Control Healthy,Healthy Treated,Patients / donors,Tissue Cell Type Detailed,Sample Type,Tissue,Organ,Tumor Type,Cell Line Name,Cell Line Cancer;Normal,Cell Line Organ,Tumor type for cell lines,Tissue for cell lines,Disease,Disease Subtype,Experimental Design,Short Description,Platform MS (Unified),TMT Label (Unified),Proteins Quantified,TMT Channels Used,TMT Channels Comparison,TMT Additional Channels,Samples Original N,Samples Used N,Normalization Strategy,Z-Score Level,Z-Score Scope,FASTA (Unified),FASTA Year,Modifications,FDR (Unified %),Result Files,URL,Main_Finding,Data_Caveats,Quantification_Format
IProX,IPX0002532001 (PXD022714),34129943,Age-Associated Proteomic Signatures and Potential Clinically Actionable Targets of Colorectal Cancer,100,,50.0,,50,,50,Paired Colorectal Cancer (CRC) tumor tissues and adjacent non-cancerous tissues,Tissue,Colorectal tumor and adjacent normal tissue,Colon,Colorectal carcinoma,,,,,,Colorectal Cancer,Age-stratified CRC,Paired tumor (T) vs adjacent noncancerous tissue (N); 12 TMT 10-plex batches; age-group comparison (young/middle/old),TMT 10-plex quantitative proteomic profiling of 50 paired CRC tumor/adjacent tissues to identify age-associated proteomic signatures,Q Exactive Plus,TMT 10-plex,10288.0,2,,,,,Within-batch total intensity normalization; T/N ratio calculation (adjusted protein intensities),,,UniProt,2017.0,Fixed: Carbamidomethyl (C). Variable: Oxidation (M); Acetylation (Protein N-term),0.01,result_IPX0002532001.xlsx,https://www.iprox.cn/page/project.html?id=IPX0002532000,Age-associated enhancement of MYC/E2F/G2M signatures; NHP2 identified as age-linked prognostic protein,,Not specified
IProX,IPX0004253000,35906682,Proteotranscriptomics of ocular adnexal B-cell lymphoma reveals an oncogenic role of alternative splicing and identifies a diagnostic marker,65,15.0,39.0,,11,,65,Ocular adnexal B-cell lymphoma tissue specimens; idiopathic orbital inflammation (IOI); reactive lymphoid hyperplasia (RLH); normal orbital tissue from aesthetic orbital surgery,Tissue,Ocular adnexal lymphoid tissue,Orbit,Lymphoma,,,,,,Ocular adnexal B-cell lymphoma,Extranodal marginal zone B-cell lymphoma (EMZL); Diffuse large B-cell lymphoma (DLBCL); Mantle cell lymphoma (MCL); Small lymphocytic lymphoma (SLL),"Case–control, Multi-omics (Proteome/Transcriptome), TMT batch (TMTpro)",This proteotranscriptomic study compared 40 OABLs with 31 controls (inflammation/normal tissue) using TMTpro/MS to reveal high protein-mRNA concordance associated with recurrence and identified alternative splicing regulation and DNAJC9 as a diagnostic marker for EMZL.,Q Exactive,TMTpro 16-plex,6000.0,No Sample ID Diagnosis Tissue Description 1 C.N.1 Normal Orbit Normal orbital tissue from cosmetic surgery 2 C.N.9 Normal Orbit Normal orbital tissue 3 C.N.3 Normal Orbit Normal orbital tissue 4 C.N.2 Normal Orbit Normal orbital tissue 5 C.N.16 Normal Orbit Normal orbital tissue 6 C.N.5 Normal Orbit Normal orbital tissue 7 C.N.12 Normal Orbit Normal orbital tissue 8 C.N.10 Normal Orbit Normal orbital tissue 9 C.N.11 Normal Orbit Normal orbital tissue 10 C.N.13 Normal Orbit Normal orbital tissue 11 C.N.14 Normal Orbit Normal orbital tissue 1 L.M.17 EMZL (MALT lymphoma) 2 L.DB.1 DLBCL non-GCB 3 L.MCL.1 Mantle cell lymphoma 4 L.SLL.1 CLL/SLL 5 L.M.13 EMZL 6 L.M.20 EMZL 7 L.M.11 EMZL 8 L.DB.2 DLBCL non-GCB 9 L.MCL.2 Mantle cell lymphoma 10 L.M.12 EMZL 11 L.M.23 EMZL 12 L.SLL.2 CLL/SLL 13 L.M.15 EMZL 14 L.DB.3 DLBCL non-GCB 15 L.M.4 EMZL 16 L.M.16 EMZL 17 L.M.18 EMZL 18 L.M.19 EMZL 19 L.M.1 EMZL 20 L.M.2 EMZL 21 L.DB.4 DLBCL GCB 22 L.M.14 EMZL 23 L.DB.7 DLBCL non-GCB 24 L.M.21 EMZL 25 L.M.27 EMZL 26 L.M.24 EMZL 27 L.M.22 EMZL 28 L.M.26 EMZL 29 L.M.25 EMZL 30 L.M.3 EMZL 31 L.M.6 EMZL 32 L.M.8 EMZL 33 L.M.7 EMZL 34 L.M.29 EMZL 35 L.M.28 EMZL 36 L.DB.5 DLBCL non-GCB 37 L.M.30 EMZL 38 L.DB.8 DLBCL non-GCB 39 L.DB.6 DLBCL non-GCB,,Other controls (benign / inflammatory) No Sample ID Diagnosis Description 1 C.IOI.1 IOI Idiopathic orbital inflammation 2 C.IOI.12 IOI Idiopathic orbital inflammation 3 C.IOI.10 IOI Idiopathic orbital inflammation 4 C.IOI.6 IOI Idiopathic orbital inflammation 5 C.IOI.2 IOI Idiopathic orbital inflammation 6 C.IOI.7 IOI Idiopathic orbital inflammation 7 C.IOI.3 IOI Idiopathic orbital inflammation 8 C.IOI.8 IOI Idiopathic orbital inflammation 9 C.IOI.9 IOI Idiopathic orbital inflammation 10 C.LP.1 RLH Reactive lymphoid hyperplasia 11 C.LP.5 RLH Reactive lymphoid hyperplasia 12 C.LP.3 RLH Reactive lymphoid hyperplasia 13 C.LP.2 RLH Reactive lymphoid hyperplasia 14 C.LP.4 RLH Reactive lymphoid hyperplasia 15 C.LP.6 RLH Reactive lymphoid hyperplasia,71.0,65,"Not explicitly stated; low-abundance proteins removed, proteins missing >20% removed, KNN imputation for <20% missing, limma normalization",,,RefSeq,,Fixed: Carbamidomethyl (C); Variable: Oxidation (M); Acetyl (Protein N-term),0.01,result_IPX0004253000.xlsx,https://www.iprox.cn/page/subproject.html?id=IPX0004253001,High protein-mRNA concordance in OABL recurrence; alternative splicing dysregulated; ADAR is core splicing regulator; DNAJC9 diagnostic biomarker,6 samples excluded due to plasma protein contamination; normalization strategy not explicit; TMT scheme not detailed,Not specified
CLLE,MSV000085836,31978347,Quantitative Proteomics of the Cancer Cell Line Encyclopedia,375,,375.0,0.0,0,,0,22 lineages: Lung (77); Haematopoietic and Lymphoid (40); Skin (33); Large Intestine (32); Breast (31); Pancreas (20); Ovary (17); Central Nervous System (14); Endometrium (14); Liver (14); Oesophagus (14); Stomach (14); Urinary Tract (14); Upper Aerodigestive (14); Kidney (14); Bone; Soft Tissue; Prostate; Pleura; Thyroid; Autonomic Ganglia; Biliary Tract,Cell Lines,Cancer cell line panel,Multiple organs (22 types),Cancer,CAL-33; Hs578t; SW837; WM-266-4; CAL-51; CA46; HEL; NCI-H1581; NCI-H82; SW-480; MDA-MB-468; SH-4; AU565; KMRC-1; CAL-51; RPMI-7951; RERF-LC-MS; IGR-37; VMRC-RCW; Hep 3B2.1-7; Hep G2; SK-HEP-1; WM-266-4; KMRC-20; Hs 294T; Caov-3; CAL-120; JMSU-1; PA-TU-8988T; JIMT-1; COV362; KPL-1; A-375; A2058; SW620; MDST8; huH-1; HCT 116; HLF; HT-29; ABC-1; CAMA-1; RKO; HT115; JHH-5; SK-MEL-3; PC-14; EBC-1; SK-MEL-2; MeWo; Hs 944.T; JHH-7; RVH-421; A-498; Hs 695T; NCI-H358; HT-1197; HuH-7; HGC-27; DMS-273; NCI-H1299; SK-MEL-28; Caki-2; HT55; NCI-H1048; HSC-3; SW403; BT-549; HCC-56; CAL-85-1; MDA-MB-157; SW48; IGR-39; MCF7; BICR 6; WM1799; IPC-298; NCI-H1693; HCC 1954; TYK-nu; DMS 114; TE-1; TCC-PAN2; LUDLU-1; MEL-JUSO; T-47D; LS411N; PC-3; KYSE-450; RT-112; LS513; HCC827; NCI-H2110; MIA PaCa-2; NCI-H520; SW-480; OE33; ZR-75-1; COLO-679; 786-O; HCC38; QGP-1; HCC-95; SW948; LK-2; OVCAR-4; COLO 741; NCI-H1650; UACC-257; NCIH1573; A549; SU8686; TE14; NCIH2170; HCC1500; MDA-MB-436; DV90; SNU61; SBC-5; HT-1376; CFPAC-1; NCIH3255; NCIH1975; COLO678; SNU119; CORL105; HCC70; HCC 1806; COLO-320; NCI-H1581; NCI-H1792; NCI-H2066; Sq-1; A2780; MKN1; BICR22; HCC1395; SW1417; NCI-H1435; CNI-H1568; NCI-H1944; NCI-H441; KURAMOCHI; KATO III; U-BLC1; AGS; HCC1143; NCI-H1666; NCI-H2291; NCI-H747; NCI-H838; FU-OV-1; RERF-LC-Sq1; DETROIT 562; L3.3; MKN45; MKN7; NCI-H1793; NCI-H2126; NCI-H2228; NCI-H661; SNU-C2A; TE-6; HCC1937; HCT-15; KYSE-70; NCI-H1355; NCI-H1437; NCI-H2122; TUHR4TKB; WM-793; NCI-H2030; IGROV1; LCLC-103H; LOX IMVI; MDA-MB-453; NCI-H1703; NCI-H196; NCI-H2009; NCI-H2286; SNU-C1; COLO205; COR-L47; HCC1187; HuH-6; NCI-H146; SNU-1; NCI-H23; OS-RC-2; SW948; COR-L88; HCC2218; HCC44; HSC4; NCI-H2172; TCCSUP; TE11; UACC-62; VCaP; EFM-19; HuG1-N; KYSE-510; LU65; NCI-H460; NCI-H522; PE/CA-PJ34 (clone C12); SK-MEL-30; SW1990; A-204; BxPC-3; Calu-1; HEC-251; HEL; KYSE-180; MONO-MAC-1; SF-295; SK-MEL-5; 22Rv1; A172; BT-20; Calu-6; FaDu; KP4; MONO-MAC-6; OVCAR-8; THP-1; 769-P; C32; HEC-59; K-562; NUGC-3; RD; SEM; SHP-77; TC-71; G-402; U-118 MG; KYSE-150; NCI-H1155; NCI-N87; OPM-2; PL45; SK-CO-1; SU-DHL-4; A-673; MDA-MB-231; Hey-A8; RH-41; KMS-12-BM; LN-229; LS 180; MOLM-13; KARPAS-299; CAL-120; DU 145; G-401; IM95; JHUEM-2; KARPAS-422; KASUMI-1; HCC-15; U-87 MG; AsPC-1; SNU-719; COR-L23; F-36P; HEC-50B; KNS-81; OCI-AML5; TE-10; WM-115; 697; 8305C; HCT-15; IGR-1; SUIT-2; LN-18; LNCaP clone FGC; NCI-H650; Reh; HEC-1-A; HUP-T3; KMS-27; LXF-289; CAL 27; RMUG-S; SNU-1105; CAL-33; U-937; A-704; WM-88; KMS-11; NALM-6; NCI-H2052; OV-90; SK-ES-1; SNB-19; MFE-280; EOL-1; SW 1573; HEL 92.1.7; K029AX; JHOS-2; SNU-685; NIH:OVCAR-3; Saos-2; TE-4; JHH-1; SW 1271; NCI-H226; REC-1; HT-1080; KYSE-30; U-2 OS; GB-1; IA-LM; CMK; COLO 829; NCI-H647; OV56; RH-30; RPMI 8226; SJSA-1; HEC-6; SW837; Caki-1; KP-2; KU-19-19; MFE-296; NCI-H292; NCI-H716; NU-DHL-1; OCI-LY3; SK-N-MC; ChaGo-K-1; EFM-192A; HEC-265; MOLM-16; PANC-1; SCC-25; RT4; T24; TF-1; A101D; Daoy; JM1; KASUMI-2; KYM-1; KYSE-410; CL-34; NCI-H446; SK-N-AS; DAN-G; KNS-42; HEC-108; JeKo-1; JURKAT; MSTO-211H; OCUM-1; CCK-81; SNU-449; 8505C; HCC-1833; Panc 04.03; J82; JHH-4; OVSAHO; RL; SNU-C5; SU-DHL-6; MFE-319; HD-MY-Z; HDQ-P1; JHH-6; L-428; LMSU; HUP-T4; SW 1783; UM-UC-3; SK-LU-1; Ishikawa (Heraklio) 02 ER-; SNG-M; GAMG; NCI-H929; Panc 02.03; RCH-ACV; SNU-423; SNU-1079,Mixed,Multiple organs,Multiple,Multiple,Cancer,Microsatellite Instability (MSI),Quantitative multiplexed proteomics; TMT10-plex; MS3-based quantification (SPS); 42 batches,"This study profiled 375 CCLE cancer cell lines using TMT10-plex mass spectrometry to quantify protein expression, finding that primary variation is organized by coordinated pathway expression, and investigating protein complex changes in MSI cell lines.",Orbitrap Fusion,TMT 10-plex,12755.0,TenPx_ID TMT Channel Channel Type Sample Name CCLE Code Tissue Organ Notes TenPx01 126 Sample MDA-MB-468 MDAMB468_BREAST Breast Breast cancer TenPx01 127N Sample SH-4 SH4_SKIN Skin Skin cancer TenPx01 127C Sample AU565 AU565_BREAST Breast Breast cancer TenPx01 128N Sample KMRC-1 KMRC1_KIDNEY Kidney Kidney cancer TenPx01 128C Sample CAL-51 CAL51_BREAST Breast Breast cancer TenPx01 129N Sample RPMI-7951 RPMI7951_SKIN Skin Skin cancer TenPx01 129C Sample RERF-LC-MS RERFLCMS_LUNG Lung Lung cancer TenPx01 130N Sample IGR-37 IGR37_SKIN Skin Skin cancer TenPx01 130C Sample VMRC-RCW VMRCRCW_KIDNEY Kidney Kidney cancer TenPx01 131 Bridge bridge_TenPx01 NA pooled pooled pooled reference,,Bridge channel (131 reagent) pooled from 11 lines: NCIH446; DMS79; NCIH460; DMS53; NCIH69; HCC1954; CAMA1; KYSE180; NMCG1; UACC257; AU565,375.0,375,Ratio-to-bridge normalization Summed S/N equalization (>200); log2-transformation; bridge ratio subtraction; mean centering within each ten-plex,Protein,Centered at 0 within each ten-plex,UniProt,2014.0,"Fixed: Carbamidomethyl (C); TMT (K, Protein N-term). Variable: Oxidation (M)",0.01,result_MSV000085836.xlsx,,"Quantitative Proteomics of the Cancer Cell Line Encyclopedia: 375 cancer cell lines, 12,000 proteins quantified. Pathway-driven organization; RNA-protein correlation 0.48; MSI lines show downregulation of MMR, SKI, RQC complexes",,Not specified
MassIVE,MSV000090700,37730182,Protein Kinase Signaling Networks Driven by Oncogenic Gq/11 in Uveal Melanoma Identified by Phosphoproteomic and Bioinformatic Analyses,24,,12.0,12.0,0,0.0,0,"Cell lines (MP41, MP46 PDX-derived; OCM-1A)",Cell Lines,Uveal melanoma cell lines,Eye,Eye,Melanoma,Cancer; cancer; cancer,Cancer,Eye,Uveal melanoma,Uveal melanoma cell lines,GNA11-Q209L; GNAQ-Q209L; BRAF(V600E),Treatment-control (FR900359 vs vehicle); TMT multiplex (3 plexes); phosphoproteomics,TMT-based quantitative proteome and phosphoproteome analysis of three uveal melanoma cell lines treated with FR900359 versus vehicle to identify signaling pathways driven by oncogenic Gq/11,Q Exactive Plus,TMT 11-plex,7000.0,FR Treatment (Channel 5) FR Treatment (Channel 6) FR Treatment (Channel 7) FR Treatment (Channel 10),FR vs vehicle (within each cell line),,12.0,12,Reference channel normalization (within plex) + global scaling (MSstatsTMT),,Within-plex,UniProt,2022.0,"Fixed: Carbamidomethyl (C); TMT (K, N-term). Variable: Oxidation (M); Acetyl (protein N-term)",0.01,result_MSV000090700.xlsx,https://massive.ucsd.edu/ProteoSAFe/dataset.jsp?accession=MSV000090700,Protein kinase signaling networks driven by oncogenic Gq/11 in uveal melanoma,Log2(MSStatsTMT Normalized TMT Reporter Intensity),Log-transformed
PDC,PDC000110,32529193,"Proteogenomic Characterization of Ovarian HGSC Implicates Mitotic Kinases, Replication Stress in Observed Chromosomal Instability",108,0.0,85.0,0.0,23,0.0,97,Ovarian Serous Cystadenocarcinoma,Tissue,"Ovary, Fallopian tube",Ovary; Fallopian tube,High-Grade Serous Ovarian Carcinoma,,,,,,HGSOC,High-grade serous carcinoma (HGSC),TMT10; proteome + phosphoproteome; LC-MS/MS; WXS; RNA-seq,"Proteogenomic characterization of 83 prospectively collected ovarian HGSC and 20 normal FT samples; identifies mitotic kinases (CDK1/2/4/7, AURKA) and replication stress as drivers of chromosomal instability",Q Exactive,TMT 10-plex,8515.0,10,126–130C = tumor/normal samples,131 = pooled reference,97.0,97,Universal pooled reference normalization; CDAP harmonization; log2 relative abundance ratios,,,UniProt; RefSeq,2018.0,Fixed: Carbamidomethyl(C); TMT 10-plex(K); TMT 10-plex(N-term) Variable: Oxidation(M),0.01,result_PDC000110.xlsx,https://pdc.cancer.gov/pdc/study/PDC000110,"Integrated TMT10 proteogenomic and phosphoproteomic profiling of HGSC identified increased CDK/AURKA signaling, replication stress-associated pathways, RB1 hyperphosphorylation, HRD-associated histone acetylation changes, and chromosomal instability signatures relative to normal FT controls",Relative TMT quantification dependent on pooled reference channel normalization; potential batch effects across TMT10 plexes; FT tissues represent precursor rather than adjacent ovarian normal controls; partial contribution of stromal/immune components in FT controls,Normalized
PDC,PDC000116,31031003,Proteogenomic Analysis of Human Colon Cancer Reveals New Therapeutic Opportunities,197,0.0,97.0,0.0,100,0.0,102,Primary colon adenocarcinoma tissue; mostly matched normal adjacent colon tissue (NAT) controls,Tissue,Colon,Colon,Colon Adenocarcinoma,,,,,,COAD,Colon adenocarcinoma,TMT10; proteome + phosphoproteome; LC-MS/MS; WXS; RNA-seq,"Proteogenomic study of prospectively collected colon cancer with paired normal tissue; identified cancer-associated proteins, phosphosites, drug targets including CDK4/6 and glycolytic enzymes",Q Exactive,TMT 10-plex,7418.0,10,126–130C = tumor/normal samples,131 = pooled reference,102.0,102,CDAP; median norm; log2 ratio,Gene,Per study,RefSeq,2017.0,"Fixed: Carbamidomethyl (C); TMT10 labeling (K, peptide N-terminus). Variable: Oxidation (M).",0.01,result_PDC000116.xlsx,https://pdc.cancer.gov/pdc/study/PDC000116,"First large-scale prospective CPTAC proteogenomic study of human colon cancer integrating TMT proteomics, phosphoproteomics, genomics, and transcriptomics. The study identified tumor-associated proteins and phosphosites, defined integrated molecular subtypes, linked Rb phosphorylation and glycolysis-driven immune suppression to colon cancer biology, and revealed clinically relevant therapeutic targets, neoantigens, and candidate biomarkers not detectable from genomics alone.",Cohort included only colon tumors and excluded rectal cancer; control samples were matched normal adjacent tissues (NATs) rather than independent healthy colon tissues; tumor/NAT design was not fully symmetric; relative TMT quantification depended on pooled reference channel 131; mixed LFQ and TMT platforms introduced cross-platform variability; phosphoproteome coverage was enrichment-dependent (IMAC bias); proteomics measurements remained limited by missing values and MS detection depth; therapeutic hypotheses and biomarkers were not functionally validated in vivo.,Normalized
PDC,PDC000118,32529193,"Proteogenomic Characterization of Ovarian HGSC Implicates Mitotic Kinases, Replication Stress in Observed Chromosomal Instability",103,0.0,84.0,0.0,19,0.0,95,Primary tumor tissue; normal fallopian tube (FT) tissue,Tissue,"Ovary, Fallopian tube",Ovary; Fallopian tube,High-Grade Serous Ovarian Carcinoma,,,,,,HGSC,High-grade serous carcinoma (HGSC),"Prospective CPTAC2 ovarian HGSC study using TMT10 multiplex LC-MS/MS global proteome and phosphoproteome profiling with pooled internal reference channel 131, 24 bRPLC fractions, IMAC phosphopeptide enrichment, integrated WXS and RNA-seq analysis, and matched fallopian tube controls under strict ischemia-time control ≤30 min.","Proteogenomic characterization of prospectively collected ovarian HGSC samples and matched fallopian tube precursor tissues identifying replication stress, mitotic kinase activation, RB1 hyperphosphorylation, homologous repair deficiency-associated signaling, and chromosomal instability programs",Q Exactive Plus,TMT 10-plex,8818.0,10,126–130C = tumor/normal samples,131 = pooled reference,95.0,95,CDAP; median norm; log2 ratio,Gene,Per study,RefSeq,2017.0,"Fixed: Carbamidomethyl (C); TMT10 labeling (K, peptide N-terminus). Variable: Oxidation (M).",0.01,result_PDC000118.xlsx,https://pdc.cancer.gov/pdc/study/PDC000118,"Integrated proteogenomic and phosphoproteomic analysis demonstrated increased CDK1/CDK2/CDK4/CDK7 and AURKA signaling, replication stress-associated phosphorylation, RB1 hyperphosphorylation, chromosomal instability, and altered DNA repair pathways in HGSC relative to fallopian tube precursor tissue, suggesting therapeutic relevance of CDK and Aurora kinase inhibition.","Relative TMT reporter-ion quantification may introduce ratio compression and reduced dynamic range despite deep fractionation. PDC annotation-derived sample counts (84 tumor / 19 normal) differ from publication cohort numbers (83 HGSC / 20 FT) because pooled reference channels, QC samples, duplicated annotation rows, excluded specimens, and aliquot-level accounting are included in metadata. Two normal fallopian tube samples were removed during QC filtering. Survival analyses were limited by short follow-up duration and low event count. Tumor-versus-normal comparisons may additionally reflect differences in tissue composition between HGSC tumors and fallopian tube precursor tissues.",Normalized
PDC,PDC000120,33212010,Proteogenomic Landscape of Breast Cancer Tumorigenesis and Targeted Therapy,153,0.0,125.0,0.0,18,0.0,124,Primary breast tumor tissue; adjacent normal breast tissue,Tissue,Breast,Breast,Breast Invasive Carcinoma,,,,,,Breast invasive carcinoma (BRCA),"Luminal A, Luminal B, HER2-enriched, Triple-negative breast cancer (TNBC)","CPTAC breast cancer global proteome profiling using TMT10-based LC-MS/MS. The proteomics raw data consisted of 17 TMT plexes: plexes 1–13 and 16–17 contained tumor samples only, while plexes 14–15 contained normal adjacent tissue (NAT) samples only. Results reported in the study were based exclusively on tumor-only plexes. Samples were fractionated by bRPLC and analyzed by Orbitrap Fusion MS with pooled reference-based normalization and CDAP processing.","Large-scale CPTAC breast cancer proteome study using TMT10 multiplex quantitative proteomics of primary breast tumors. Global proteome analysis included extensive peptide fractionation, pooled internal reference channels, Orbitrap Fusion DDA acquisition, and CDAP-based protein quantification for integrated proteogenomic characterization.",Orbitrap Fusion,TMT 10-plex,10491.0,10,126–130C = tumor samples (9 per plex),131 = pooled reference,127.0,127,CDAP; median norm; log2 ratio to ref,Gene,Per study,RefSeq,2017.0,"Fixed: Carbamidomethyl (C); TMT10 labeling (K, peptide N-terminus). Variable: Oxidation (M).",0.01,result_PDC000120.xlsx,https://pdc.cancer.gov/pdc/study/PDC000120,"Integrated CPTAC proteogenomic analysis of treatment-naïve breast cancers refined molecular subtype classification beyond standard clinical markers, identified proteome-defined signaling and immune subgroups, revealed discordance between genomic and proteomic tumor classification, and identified candidate therapeutic vulnerabilities associated with immune checkpoint activity and CDK4/6 inhibitor responsiveness.","Normal adjacent tissue (NAT) samples were processed in separate NAT-only plexes (14–15), while reported study results were generated only from tumor-only plexes, limiting direct tumor-versus-NAT comparisons within the same multiplex batches. MS2-based TMT quantification on Orbitrap Fusion may be susceptible to ratio compression/co-isolation interference compared with SPS-MS3 workflows.",Normalized
PDC,PDC000125,32059776,Proteogenomic Characterization of Endometrial Carcinoma,153,0.0,104.0,0.0,49,0.0,123,"The cohort included 95 primary endometrial carcinomas (83 endometrioid and 12 serous tumors) and 49 normal uterine tissue samples, including 18 normal endometrium samples, 25 mixed endometrium-myometrium samples, and 6 myometrium samples.",Tissue,Endometrium,Uterus,Uterine Corpus Endometrial Carcinoma,,,,,,Endometrial carcinoma (EC),Endometrioid endometrial carcinoma (n=83); Serous endometrial carcinoma (n=12),"Prospective CPTAC UCEC multi-omics study integrating TMT10-based proteome, phosphoproteome, acetylome, WXS/WGS, RNA-seq, miRNA-seq, and DNA methylation profiling of primary endometrial carcinomas and normal uterine tissues","Comprehensive proteogenomic characterization of 95 treatment-naïve endometrial carcinomas (83 endometrioid, 12 serous) and 49 normal uterine tissues identifying subtype-specific TP53, CTNNB1/Wnt, DDR, acetylation, EMT/circRNA, and immune-evasion mechanisms using integrated proteomic and genomic analyses",Orbitrap Fusion Lumos,TMT 10-plex,10768.0,10,126–130C = tumor/NAT samples,131 = CompRef (pooled normal uterus),123.0,123,CDAP; median norm; log2 ratio to CompRef,Gene,Per study,RefSeq,2018.0,"Fixed: Carbamidomethyl (C), TMT (K/N-term); Variable: Oxidation (M)",0.01,result_PDC000125.xlsx,https://pdc.cancer.gov/pdc/study/PDC000125,"The genomic characteristics of the prospective EC cohort were largely consistent with TCGA-defined molecular subtypes, while integrated proteomics revealed subtype-specific TP53, CTNNB1/Wnt, DDR, acetylation, EMT/circRNA, and immune-associated alterations with potential therapeutic relevance","PDC aliquot counts exceed biological tissue counts because of pooled reference and auxiliary channels; heterogeneous normal tissue categories were included (endometrium, mixed endometrium-myometrium, myometrium); observational cohort; single-site tumor sampling may underrepresent intratumoral heterogeneity",Normalized
PDC,PDC000127,31675502,Integrated Proteogenomic Characterization of Clear Cell Renal Cell Carcinoma,199,0.0,110.0,0.0,84,0.0,124,"Primary clear cell renal cell carcinoma tumor tissue, normal adjacent tissue (NAT), and interspersed NCI7 QC cell line samples",Tissue,Kidney tumor tissue; normal adjacent kidney tissue,Kidney,Clear cell renal cell carcinoma (ccRCC),NCI7-1; NCI7-2; NCI7-3; NCI7-4; NCI7-5,Cancer,Multiple,Multiple,Multiple,CcRCC,Clear cell renal cell carcinoma (ccRCC),"TMT10-based global proteome and phosphoproteome profiling with integrated WGS, WXS, RNA-seq, DNA methylation, and proteogenomic analysis of treatment-naive ccRCC tumors and NATs","Large-scale CPTAC proteogenomic characterization of treatment-naive ccRCC integrating proteome, phosphoproteome, genome, transcriptome, and methylome data; identified immune-based subtypes, metabolic rewiring, OXPHOS suppression, genomic instability, and EGFR/MAPK/mTOR signaling alterations",Orbitrap Fusion Lumos,TMT 10-plex,9964.0,10,126–130C = tumor samples; one plex has NAT as sample,131 = CompRef (pooled normal kidney),124.0,124,CDAP; median norm; log2 ratio to CompRef,Gene,Per study,UniProt; RefSeq,2019.0,"Fixed: Carbamidomethyl (C); TMT10 labeling (K, peptide N-terminus). Variable: Oxidation (M).",0.01,result_PDC000127.xlsx,https://pdc.cancer.gov/pdc/study/PDC000127,"Proteogenomic integration identified ccRCC-specific metabolic rewiring, immune-based tumor subtypes, genomic instability-associated tumors, OXPHOS suppression at the protein level, and activated EGFR/MAPK/mTOR signaling pathways not fully captured by transcriptomics",Seven molecularly atypical non-ccRCC tumors and three corresponding NAT samples were excluded from downstream proteogenomic analyses,Normalized
PDC,PDC000153,40749670,Integrative analysis of lung adenocarcinoma across diverse ethnicities and exposures,215,0.0,113.0,0.0,102,0.0,115,Primary LUAD tumor tissues and normal adjacent tissues (NAT); partially paired cohort,Tissue,Lung,Lung,Lung Adenocarcinoma,,,,,,Lung adenocarcinoma,Non-small cell lung cancer adenocarcinoma,"TMT10-based proteome, phosphoproteome, acetylproteome, and ubiquitylome profiling of LUAD tumors and NAT controls with pooled CompRef channel, integrated with WXS, RNA-seq, and DNA methylation","Large-scale CPTAC LUAD proteogenomic study integrating TMT10 LC-MS/MS proteomics with genomic and epigenomic profiling to characterize molecular heterogeneity, carcinogen exposure signatures, KRAS/EGFR-associated pathways, chromosomal instability, PTM remodeling, and immune signaling differences across diverse populations",Q Exactive HF-X,TMT 10-plex,11029.0,10,126–130C = tumor/NAT samples,131 = CompRef (pooled normal lung),115.0,115,CDAP; median norm; log2 ratio to CompRef,Gene,Per study,RefSeq,2018.0,"Fixed: Carbamidomethyl (C); TMT10 labeling (K, peptide N-terminus). Variable: Oxidation (M).",0.01,result_PDC000153.xlsx,https://pdc.cancer.gov/pdc/study/PDC000153,"Integrated proteogenomic analysis identified lung adenocarcinoma molecular subtypes associated with KRAS and epidermal growth factor receptor signaling, carcinogen exposure signatures, chromosomal instability, post-translational modification remodeling, immune signaling alterations, and early-stage tumors with advanced molecular features.","PDC000153 contains only the Clinical Proteomic Tumor Analysis Consortium lung adenocarcinoma discovery proteome cohort and not the full integrated multi-ethnic 2025 study cohort; normal adjacent tissue samples were available only for a subset of tumors, and bulk tissue tandem mass tag profiling may obscure intratumoral heterogeneity and cell-type-specific proteomic signals.",Normalized
PDC,PDC000180,33242424,Integrated Proteogenomic Characterization across Major Histological Types of Pediatric Brain Cancer,230,0.0,230.0,0.0,0,0.0,227,"Pediatric brain tumor tissue from multiple histological subtypes including low-grade glioma (LGG), ependymoma (EP), high-grade glioma (HGG), medulloblastoma (MB), ganglioglioma (GG), craniopharyngioma (CP), and atypical teratoid/rhabdoid tumor (ATRT)",Tissue,Brain,Brain,"Pediatric brain tumors including low-grade glioma, ependymoma, high-grade glioma, medulloblastoma, ganglioglioma, craniopharyngioma, and atypical teratoid/rhabdoid tumor",,,,,,Pediatric/AYA Brain Tumors,Low-grade glioma (LGG); ependymoma (EP); high-grade glioma (HGG); medulloblastoma (MB); ganglioglioma (GG); craniopharyngioma (CP); atypical teratoid/rhabdoid tumor (ATRT),TMT11-based SPS-MS3 proteome and phosphoproteome profiling of pediatric brain tumors with integrated whole-genome sequencing (WGS) and RNA-seq analysis,"Integrated pediatric brain tumor proteogenomic study combining WGS, RNA-seq, proteome and phosphoproteome profiling across seven major histological tumor subtypes to identify shared signaling pathways, immune microenvironment differences, and therapeutically relevant molecular features.",Orbitrap Fusion Lumos,TMT 11-plex,7154.0,11,126–131N = tumor samples (10 per plex),131C = pooled reference,207.0,207,Median norm; log2 ratio,Gene,Per study,RefSeq,2018.0,"Fixed: Carbamidomethyl (C); TMT11 labeling (K, peptide N-terminus). Variable: Oxidation (M)",0.01,result_PDC000180.xlsx,https://pdc.cancer.gov/pdc/study/PDC000180,"Integrated Proteogenomic Characterization across Major Histological Types of Pediatric Brain Cancer A full list of authors and affiliations appears at the end of the article. SUMMARY We report a comprehensive proteogenomic analysis, including whole genome sequencing, RNA sequencing, proteomic and","No healthy pediatric brain controls; cohort included initial, recurrent, progressive, and secondary tumors; uneven subgroup sizes across histological entities; several rare tumor types had limited sample numbers; relative TMT quantification rather than absolute protein abundance; retrospective multicenter cohort may introduce batch and preanalytical variability.",Normalized
PDC,PDC000198,31585088,Integrated Proteogenomic Characterization of HBV-Related Hepatocellular Carcinoma,330,0.0,165.0,0.0,165,0.0,171,Primary hepatitis B virus-related hepatocellular carcinoma tumor tissues paired with adjacent histologically non-tumorous liver tissues from the same patients,Tissue,Liver tumor tissue; adjacent non-tumorous liver tissue,Liver,Hepatitis B virus-related hepatocellular carcinoma,,,,,,Hepatocellular carcinoma,Hepatitis B virus-related hepatocellular carcinoma,Tandem mass tag 11-plex proteome and phosphoproteome profiling with liquid chromatography-tandem mass spectrometry integrated with whole-exome sequencing and RNA sequencing using paired tumor and adjacent liver tissues,"First integrated proteogenomic characterization of hepatitis B virus-related hepatocellular carcinoma identifying proteomic subgroups associated with survival, metabolic reprogramming, microenvironment dysregulation, and CTNNB1-associated ALDOA phosphorylation signaling",Q Exactive HF,TMT 11-plex,10249.0,11,126–131N = tumor/normal samples (10 per plex),131C = pooled reference,171.0,171,Median norm; log2 ratio to pooled ref,Gene,Per study,RefSeq,2018.0,"Fixed: Carbamidomethyl (C); TMT11 labeling (K, peptide N-terminus). Variable: Oxidation (M)",0.01,result_PDC000198.xlsx,https://pdc.cancer.gov/pdc/study/PDC000198,"First integrated proteogenomic characterization of hepatitis B virus-related hepatocellular carcinoma identified three proteomic subgroups associated with patient survival, liver-specific metabolic reprogramming, tumor microenvironment dysregulation, and proliferation; CTNNB1 mutation-associated ALDOA phosphorylation was shown to promote glycolysis and tumor cell proliferation.First integrated proteogenomic characterization of hepatitis B virus-related hepatocellular carcinoma identified three proteomic subgroups associated with patient survival, liver-specific metabolic reprogramming, tumor microenvironment dysregulation, and proliferation; CTNNB1 mutation-associated ALDOA phosphorylation was shown to promote glycolysis and tumor cell proliferation.","Adjacent non-tumorous liver tissues rather than healthy donor tissues were used as controls; only 159 paired tumor/non-tumor samples passed integrated multi-omics quality-control filtering; phosphoproteome data were deposited separately from the global proteome dataset; cohort consisted predominantly of hepatitis B virus-associated hepatocellular carcinoma patients, potentially limiting generalizability to non-hepatitis B virus hepatocellular carcinoma populations.",Normalized
PDC,PDC000204,33577785,Proteogenomic and metabolomic characterization of human glioblastoma,110,0.0,100.0,0.0,10,0.0,110,Primary glioblastoma tumor tissue; normal brain tissue (GTEx),Tissue,Brain,Brain,Glioblastoma,,,,,,Glioblastoma multiforme (GBM),Untreated glioblastoma with and without isocitrate dehydrogenase 1 and 2 mutations.,"CPTAC glioblastoma discovery study using TMT11-based global proteome, phosphoproteome, and acetylome profiling of treatment-naïve primary GBM tissues and GTEx normal brain controls. Samples were analyzed by multidimensional LC-MS/MS with bRPLC fractionation and Orbitrap-based DDA acquisition. Integrated multi-omics analysis included whole-genome/exome sequencing, RNA-seq, single-nucleus RNA-seq, DNA methylation, lipidomics, and metabolomics to characterize signaling pathways, immune microenvironment, metabolic reprogramming, and subtype-specific molecular features in glioblastoma.","Comprehensive CPTAC proteogenomic and metabolomic characterization of human glioblastoma integrating proteome, phosphoproteome, acetylome, genomics, transcriptomics, epigenomics, lipidomics, and metabolomics from treatment-naïve GBM tumors and normal brain tissues. The study identified immune-associated and metabolic GBM subtypes, subtype-specific kinase signaling networks, lipid remodeling patterns, and proteome-level heterogeneity not fully explained by genomic alterations alone.",Orbitrap Fusion Lumos,TMT 11-plex,10977.0,11,126–131N = tumor samples (10 per plex),131C = CompRef (pooled normal brain),111.0,111,CDAP; median norm; log2 ratio to CompRef,Gene,Per study,RefSeq,2018.0,"Fixed: Carbamidomethyl (C); TMT11 labeling (K, peptide N-terminus). Variable: Oxidation (M)",0.01,result_PDC000204.xlsx,https://pdc.cancer.gov/pdc/study/PDC000204,"Integrated proteogenomic and metabolomic profiling identified molecular subtypes of glioblastoma associated with survival, immune microenvironment remodeling, metabolic reprogramming, and distinct signaling pathway activation patterns.","Normal brain controls were partially derived from Genotype-Tissue Expression Project datasets rather than fully matched adjacent tissues, introducing potential batch effects and differences in sample procurement, processing, and donor composition relative to glioblastoma specimens.",Normalized
PDC,PDC000219,40749670,Integrative analysis of lung adenocarcinoma across diverse ethnicities and exposures,0,0.0,216.0,0.0,216,0.0,110,Primary lung adenocarcinoma tumor tissue and matched normal adjacent tissue,Tissue,Lung,Lung,Lung Adenocarcinoma,,,,,,Lung adenocarcinoma,Non-small cell lung cancer adenocarcinoma from Taiwanese patients,"Tandem mass tag 10-plex global proteome profiling with liquid chromatography tandem mass spectrometry, whole exome sequencing, and ribonucleic acid sequencing","Proteogenomic profiling of Taiwanese lung adenocarcinoma tumors and matched normal adjacent lung tissues using tandem mass tag 10-plex liquid chromatography tandem mass spectrometry integrated with genomic and transcriptomic analyses to characterize ethnicity-specific molecular subtypes, smoking-associated alterations, epidermal growth factor receptor signaling, and mutational processes associated with apolipoprotein B messenger ribonucleic acid editing catalytic polypeptide-like enzymes.",Q Exactive,TMT 10-plex,11208.0,10,126–130C = tumor/NAT samples,131 = pooled reference,110.0,110,Median norm; log2 ratio,Gene,Per study,RefSeq,2018.0,"Fixed: Carbamidomethyl (C); TMT10 labeling (K, peptide N-terminus). Variable: Oxidation (M)",0.01,result_PDC000219.xlsx,https://pdc.cancer.gov/pdc/study/PDC000219,"Taiwanese lung adenocarcinoma demonstrated distinct proteogenomic subtypes associated with smoking exposure, epidermal growth factor receptor alterations, apolipoprotein B messenger ribonucleic acid editing catalytic polypeptide-like mutagenesis, immune remodeling, and metabolic pathway dysregulation linked to tumor progression and clinical outcome.",The dataset contains relative tandem mass tag reporter ion quantification with pooled reference normalization rather than absolute protein abundance values; several quality control pooled samples and non-lung adenocarcinoma annotations remain present in metadata tables; five low-quality or corrupted raw mass spectrometry files were removed and one replacement raw data file was added in study version 2.,Normalized
PDC,PDC000221,33417831,Proteogenomic insights into the biology and treatment of HPV-negative head and neck squamous cell carcinoma,186,0.0,112.0,0.0,74,,124,Primary human papillomavirus-negative head and neck squamous cell carcinoma tumor tissue and matched normal (adjacent or not) squamous epithelium from oral cavity and larynx,Tissue,Head and neck squamous epithelium,Head and neck,Head and Neck Squamous Cell Carcinoma,,,,,,Head and Neck Squamous Cell Carcinoma,Human papillomavirus-negative head and neck squamous cell carcinoma,"Tandem mass tag 11-plex global proteome and phosphoproteome profiling of human papillomavirus-negative head and neck squamous cell carcinoma tumors and matched normal adjacent tissues integrated with whole-exome sequencing, whole-genome sequencing, ribonucleic acid sequencing, micro ribonucleic acid sequencing, and deoxyribonucleic acid methylation analysis","Integrated Clinical Proteomic Tumor Analysis Consortium proteogenomic study of human papillomavirus-negative head and neck squamous cell carcinoma identifying molecular subtypes, epidermal growth factor receptor signaling mechanisms, chromosome instability patterns, immune phenotypes, and potential therapeutic vulnerabilities using multi-omics profiling",Orbitrap Fusion Lumos,TMT 11-plex,10250.0,11,126–131N = tumor/normal samples,131C = CompRef (pooled normal),124.0,124,CDAP; median norm; log2 ratio to CompRef,Gene,Per study,RefSeq,2018.0,"Fixed: Carbamidomethyl (C); TMT11 labeling (K, peptide N-terminus). Variable: Oxidation (M)",0.01,result_PDC000221.xlsx,https://pdc.cancer.gov/pdc/study/PDC000221,"Integrated proteogenomic analysis identified chromosome instability, Basal, and Immune molecular subtypes of human papillomavirus-negative head and neck squamous cell carcinoma associated with distinct epidermal growth factor receptor activation mechanisms, immune phenotypes, cell cycle regulation patterns, and subtype-specific therapeutic vulnerabilities including cyclin dependent kinase 4 and 6 inhibition, epidermal growth factor receptor-targeted therapy, and immunotherapy.",Cohort restricted to human papillomavirus-negative tumors; substantial molecular and anatomical heterogeneity between tumors; limited matched normal adjacent tissues after quality control filtering; tandem mass tag-based proteomics provides relative rather than absolute protein quantification; annotation tables contain duplicated sample entries and additional quality control samples.,Normalized
PDC,PDC000234,34358469,A Proteogenomic Portrait of Lung Squamous Cell Carcinoma,212,0.0,110.0,0.0,102,0.0,115,Primary untreated lung squamous cell carcinoma tumor tissues and both matched (n = 99) and unmatched normal adjacent lung tissues.,Tissue,Lung,Lung,Lung Squamous Cell Carcinoma,,,,,,Lung squamous cell carcinoma,Squamous cell carcinoma of the lung belonging to the non-small cell lung cancer group,"Prospective Clinical Proteomic Tumor Analysis Consortium cohort with tandem mass tag 11-plex deep proteome profiling of primary untreated lung squamous cell carcinoma tumors and normal adjacent lung tissues, including 99 matched tumor–normal pairs, integrated with phosphoproteome, acetylproteome, ubiquitylome, whole-exome sequencing, whole-genome sequencing, ribonucleic acid sequencing, DNA methylation, imaging, and clinical annotation.","Large-scale Clinical Proteomic Tumor Analysis Consortium proteogenomic characterization of lung squamous cell carcinoma integrating tandem mass tag 11-plex liquid chromatography tandem mass spectrometry proteomics with genomic, transcriptomic, DNA methylation, and post-translational modification analyses to identify molecular subtypes, immune states, signaling pathways, metabolic remodeling, therapeutic vulnerabilities, and candidate biomarkers associated with lung squamous cell carcinoma progression and treatment response.",Q Exactive HF-X,TMT 11-plex,11485.0,11,126–131N = tumor/NAT samples,131C = CompRef (pooled normal lung),115.0,115,CDAP; median norm; log2 ratio to CompRef,Gene,Per study,RefSeq,2018.0,"Fixed: Carbamidomethyl (C); TMT11 labeling (K, peptide N-terminus). Variable: Oxidation (M)",0.01,result_PDC000234.xlsx,https://pdc.cancer.gov/pdc/study/PDC000234,"Integrated proteogenomic analysis identified five molecular subtypes of lung squamous cell carcinoma, including an epithelial-to-mesenchymal transition-enriched subtype with PDGFRB and ROR2 signaling activation, NSD3 as a candidate driver within FGFR1-amplified tumors, survivin overexpression in TP63-low tumors, SOX2-associated chromatin vulnerabilities involving LSD1 and EZH2, heterogeneous RB1 phosphorylation linked to cyclin-dependent kinase 4 and 6 inhibitor response, and extensive immune and metabolic remodeling regulated through phosphorylation, acetylation, and ubiquitylation signaling networks.","The cohort included both matched and unmatched tumor and normal adjacent tissue samples, with fewer normal adjacent tissues than tumor samples, limiting fully paired tumor–normal comparisons across the complete dataset. Bulk tissue tandem mass tag proteomics may also obscure intratumoral heterogeneity and stromal contamination.",Normalized
PDC,PDC000248,36550235,Proteogenomic landscape of human pancreatic ductal adenocarcinoma in an Asian population reveals tumor cell-enriched and immune-rich subtypes,153,0.0,153.0,0.0,0,0.0,153,Primary pancreatic ductal adenocarcinoma tumor tissue,Tissue,Pancreas,Pancreas,Pancreatic Ductal Adenocarcinoma,,,,,,Pancreatic ductal adenocarcinoma,Pancreatic ductal adenocarcinoma in an Asian patient cohort with tumor cell-enriched and immune-rich molecular subtypes,TMT10-based global proteome profiling of primary pancreatic ductal adenocarcinoma tumor tissues using two-dimensional liquid chromatography and Orbitrap mass spectrometry integrated with whole-exome sequencing and RNA sequencing,"Large-scale Asian pancreatic ductal adenocarcinoma proteogenomic study integrating TMT10 LC-MS/MS proteomics with genomic and transcriptomic profiling to define molecular subtypes, immune composition, and signaling pathway alterations",Q Exactive HF-X,TMT 10-plex,10518.0,10,126–130C = tumor/normal samples,131 = pooled reference,154.0,154,Median norm; log2 ratio,Gene,Per study,UniProt,2018.0,"Fixed: Carbamidomethyl (C); TMT10 labeling (K, peptide N-terminus). Variable: Oxidation (M).",0.01,result_PDC000248.xlsx,https://pdc.cancer.gov/pdc/study/PDC000248,"Integrated proteogenomic analysis identified tumor cell-enriched and immune-rich pancreatic ductal adenocarcinoma subtypes and revealed associations between genomic alterations, proteomic signaling pathways, and immune microenvironment composition linked to potential therapeutic vulnerabilities.",Proteome dataset contains only tumor tissues without matched healthy pancreatic controls in the PDC proteome cohort; TMT-based relative quantification may be affected by ratio compression and batch effects associated with pooled reference normalization.,Normalized
PDC,PDC000270,34534465,Proteogenomic characterization of pancreatic ductal adenocarcinoma,244,0.0,153.0,0.0,91,0.0,166,Primary pancreatic ductal adenocarcinoma tumor tissue; normal adjacent pancreatic tissue; normal pancreatic duct tissue,Tissue,Pancreas,Pancreas,Pancreatic Ductal Adenocarcinoma,,,,,,Pancreatic ductal adenocarcinoma,Pancreatic ductal adenocarcinoma; pancreatic adenosquamous carcinoma,"TMT11-based proteome, phosphoproteome, and glycoproteome profiling of treatment-naive pancreatic tumors, adjacent normal pancreatic tissues, and normal pancreatic duct tissues integrated with whole-genome sequencing, whole-exome sequencing, RNA sequencing, microRNA sequencing, and DNA methylation analysis","CPTAC multi-omics proteogenomic characterization of pancreatic ductal adenocarcinoma identifying molecular subtypes, glycoprotein biomarkers, kinase signaling vulnerabilities, immune microenvironment states, and candidate therapeutic targets",Orbitrap Fusion Lumos,TMT 11-plex,10116.0,11,126–131N = tumor/NAT samples,131C = CompRef (pooled NAT),166.0,166,CDAP; median norm; log2 ratio to CompRef,Gene,Per study,RefSeq,2018.0,"Fixed: Carbamidomethyl (C); TMT1 labeling (K, peptide N-terminus). Variable: Oxidation (M).",0.01,result_PDC000270.xlsx,https://pdc.cancer.gov/pdc/study/PDC000270,"Integrated proteogenomic analysis identified PDAC molecular subtypes, glycoprotein biomarkers, kinase signaling vulnerabilities, immune-hot and immune-cold tumor microenvironment states, and candidate subtype-specific therapeutic targets","Low tumor purity, extensive stromal and acinar contamination, and strong tissue heterogeneity complicated PDAC proteome analysis. Additional bridge and reference tumor samples (KoreanReference and WU-PDA controls) were included for TMT inter-plex normalization, increasing technical aliquot counts beyond the biological cohort size.",Normalized
PDC,PDC000295,29718670,Evaluation of NCI-7 Cell Line Panel as a Reference Material for Clinical Proteomics,9,0.0,9.0,0.0,0,0.0,7,"Pooled lysates from seven cancer cell lines (NCI-H23, RPMI-8226, T47D, A549, COLO205, NCI-H226, CCRF-CEM) used as a proteomic reference standard",Cell Lines,Lung; Breast; Colon; Peripheral blood,Lung; Breast; Colon; Blood,Lung adenocarcinoma; Breast ductal carcinoma; Colon adenocarcinoma; Acute lymphoblastic leukemia; Plasmacytoma/Myeloma; Mesothelioma,,,,,,Multiple cancer cell lines,Lung adenocarcinoma; Breast ductal carcinoma; Colon adenocarcinoma; Acute lymphoblastic leukemia; Plasmacytoma/Myeloma; Mesothelioma,"TMT10-based pooled cancer cell line reference proteome generated from seven NCI-60-derived cell lines for benchmarking proteomic reproducibility, sample preparation, digestion efficiency, TMT labeling accuracy, and LC-MS/MS performance","CPTAC reference proteomics study using pooled lysates from seven human cancer cell lines (NCI-7 panel) analyzed by TMT10 LC-MS/MS to establish a reproducible universal proteomic reference standard for quality control, benchmarking, and cross-study normalization in clinical proteomics workflows",Orbitrap Fusion Lumos,TMT 10-plex,5714.0,10,126–130C = cell lines and mixes,131 = pooled reference,1.0,1,Median norm; log2 ratio,Gene,Per study,RefSeq,2018.0,"Fixed: Carbamidomethyl (C); TMT10 labeling (K, peptide N-terminus). Variable: Oxidation (M).",0.01,result_PDC000295.xlsx,https://pdc.cancer.gov/pdc/study/PDC000295,"The NCI-7 pooled cancer cell line panel demonstrated highly reproducible global proteome and phosphoproteome profiles and provided broad human proteome coverage, supporting its use as a universal CPTAC-compatible reference standard for benchmarking LC-MS/MS workflows, TMT quantification, sample preparation reproducibility, and interlaboratory quality control",Reference-standard study based on pooled cancer cell lines rather than clinical tissues; limited biological heterogeneity compared with patient-derived tumors; benchmarking-oriented design with extensive technical replication; phosphoproteome and proteome generated under controlled experimental conditions that may not fully reflect clinical sample complexity; partial dependence on historical CellMiner annotations and mixed database usage (RefSeq/UniProt),Normalized
PDC,PDC000315,34171263,The AML Microenvironment Catalyzes a Step-wise Evolution to Gilteritinib Resistance,40,0.0,9.0,31.0,0,0.0,3,"FLT3-mutated acute myeloid leukemia cell lines MOLM14 and MV411 with parental state, early gilteritinib-resistant state under fibroblast growth factor 2 or FLT3 ligand stimulation, and late gilteritinib-resistant state",Cell Lines,Blood,Hematopoietic system,Acute Myeloid Leukemia (AML),,,,,,Acute Myeloid Leukemia (AML),FLT3-mutated acute myeloid leukemia with stepwise acquisition of resistance to gilteritinib mediated by bone marrow microenvironment signaling,"TMT11-based proteome and phosphoproteome profiling of FLT3-mutated acute myeloid leukemia cell lines MOLM14 and MV411 during stepwise development of resistance to gilteritinib. The dataset includes parental control states, early resistant states induced by fibroblast growth factor 2 or FLT3 ligand stimulation, and late resistant states with stable autonomous resistance.",Proteomic and phosphoproteomic characterization of early microenvironment-dependent and late autonomous resistance to gilteritinib in FLT3-mutated acute myeloid leukemia cell line models.,Orbitrap Fusion Lumos,TMT 11-plex,6561.0,11,126–131N = cell line conditions/timepoints,131C = pooled reference,3.0,3,CDAP; median norm; log2 ratio,Gene,Per study,RefSeq,2018.0,"Fixed: Carbamidomethyl (C); TMT11 labeling (K, peptide N-terminus). Variable: Oxidation (M).",0.01,result_PDC000315.xlsx,https://pdc.cancer.gov/pdc/study/PDC000315,"Proteomic and phosphoproteomic profiling of MOLM14 and MV411 acute myeloid leukemia cell lines identified distinct molecular programs associated with parental, early gilteritinib-resistant, and late gilteritinib-resistant states, including altered signaling pathways, metabolic adaptation, and Aurora kinase B dependency in resistant cell populations.","The dataset is entirely based on acute myeloid leukemia cell line models and does not represent a clinical patient cohort. Samples correspond to experimentally induced parental, early resistant, and late resistant states in MOLM14 and MV411 leukemia cell lines under controlled in vitro conditions. Proteomic changes may therefore reflect cell culture adaptation and resistance modeling rather than in vivo tumor heterogeneity.",Normalized
PDC,PDC000316,34171263,The AML Microenvironment Catalyzes a Step-wise Evolution to Gilteritinib Resistance,30,0.0,10.0,20.0,0,0.0,2,Cancer cell line: FLT3-mutated acute myeloid leukemia MOLM14 cell line under parental control conditions and resistance-associated states induced by fibroblast growth factor 2 or FLT3 ligand stimulation,Cell Lines,Blood,Hematopoietic system,Acute Myeloid Leukemia (AML),,,,,,Acute Myeloid Leukemia (AML),FLT3-mutated Acute Myeloid Leukemia with microenvironment-associated early resistance signaling induced by fibroblast growth factor 2 or FLT3 ligand,TMT11-based proteome profiling of the FLT3-mutated Acute Myeloid Leukemia MOLM14 cell line under parental control conditions and resistance-associated states induced by fibroblast growth factor 2 or FLT3 ligand stimulation. The dataset includes longitudinal resistance-associated cellular states analyzed across multiple TMT11 plexes and fractionated liquid chromatography–mass spectrometry measurements.,Proteomic characterization of parental and microenvironment-primed resistance-associated states in the FLT3-mutated Acute Myeloid Leukemia MOLM14 cell line.,Orbitrap Fusion Lumos,TMT 11-plex,6931.0,11,126–131N = time points per plex,131C = pooled reference,2.0,2,CDAP; median norm; log2 ratio,Gene,Per study,RefSeq,2018.0,"Fixed: Carbamidomethyl (C); TMT11 labeling (K, peptide N-terminus). Variable: Oxidation (M).",0.01,result_PDC000316.xlsx,https://pdc.cancer.gov/pdc/study/PDC000316,"Proteome profiling of the FLT3-mutated Acute Myeloid Leukemia MOLM14 cell line identified proteomic remodeling associated with fibroblast growth factor 2-primed and FLT3 ligand-primed resistance-associated states, including altered protein expression patterns linked to early resistance adaptation.",The dataset contains only proteome measurements from experimentally induced MOLM14 leukemia cell line resistance-associated states under controlled in vitro conditions and does not represent independent clinical patient-derived tumor samples.,Normalized
PDC,PDC000317,34171263,The AML Microenvironment Catalyzes a Step-wise Evolution to Gilteritinib Resistance,20,0.0,4.0,16.0,0,0.0,2,FLT3-mutated Acute Myeloid Leukemia MOLM14 cell line under parental control conditions and quizartinib resistance-associated states induced by fibroblast growth factor 2 or FLT3 ligand stimulation,Cell Lines,Blood,Hematopoietic system,Acute Myeloid Leukemia (AML),,,,,,Acute Myeloid Leukemia (AML),FLT3-mutated Acute Myeloid Leukemia with acquired resistance to quizartinib mediated by microenvironment-associated signaling,"TMT11-based proteome profiling of the FLT3-mutated Acute Myeloid Leukemia MOLM14 cell line under parental control conditions and quizartinib resistance-associated states induced by fibroblast growth factor 2 or FLT3 ligand stimulation, including late resistant leukemia cell populations analyzed by fractionated liquid chromatography–mass spectrometry across two TMT11 plexes.",Proteomic characterization of parental and quizartinib resistance-associated states in the FLT3-mutated Acute Myeloid Leukemia MOLM14 cell line.,Orbitrap Fusion Lumos,TMT 11-plex,6198.0,11,126–131N = cell line conditions,131C = pooled reference,2.0,2,CDAP; median norm; log2 ratio,Gene,Per study,RefSeq,2018.0,"Fixed: Carbamidomethyl (C); TMT11 labeling (K, peptide N-terminus). Variable: Oxidation (M).",0.01,result_PDC000317.xlsx,https://pdc.cancer.gov/pdc/study/PDC000317,"Proteome profiling identified distinct protein expression changes associated with fibroblast growth factor 2-induced and FLT3 ligand-induced quizartinib resistance-associated states, as well as stable proteomic remodeling in late quizartinib-resistant MOLM14 Acute Myeloid Leukemia cell populations.",The dataset contains only experimentally induced MOLM14 Acute Myeloid Leukemia cell line resistance-associated states analyzed under controlled in vitro conditions and does not include independent patient-derived tumor samples or healthy controls. Multiple annotation rows correspond to duplicated analytical measurements rather than independent biological samples.,Normalized
PDC,PDC000325,31988290,Microscaled proteogenomic methods for precision oncology,30,0.0,30.0,0.0,0,0.0,17,Core needle biopsy tumor samples from ERBB2-positive breast cancer patients collected before trastuzumab-based therapy,Tissue,Breast tumor biopsy,Breast,Breast invasive carcinoma (ERBB2-positive),,,,,,Breast invasive carcinoma,ERBB2-positive breast cancer treated with trastuzumab-based neoadjuvant therapy,"Microscaled proteogenomic profiling of pre-treatment and early on-treatment core needle biopsies from ERBB2-positive breast cancer patients using integrated proteome, phosphoproteome, whole-exome sequencing, and RNA-seq analysis",Pilot biopsy-scale proteogenomic study demonstrating deep molecular profiling of ERBB2-positive breast cancer core biopsies to evaluate early therapeutic response and candidate resistance mechanisms during trastuzumab-based therapy,Orbitrap Fusion Lumos,TMT 11-plex,8842.0,11,126–131N = biopsy samples,131C = pooled reference,17.0,17,Median norm; log2 ratio,Gene,Per study,RefSeq,2018.0,"Fixed: Carbamidomethyl (C); TMT11 labeling (K, peptide N-terminus). Variable: Oxidation (M).",0.01,result_PDC000325.xlsx,https://pdc.cancer.gov/pdc/study/PDC000325,"Microscaled proteogenomic analysis of core needle biopsies identified ERBB2 and mTOR signaling suppression in treatment-responsive tumors and revealed candidate resistance mechanisms including false or pseudo-ERBB2 positivity, mucin overexpression, androgen receptor signaling, EGFR signaling, and immune-desert phenotypes","Small pilot cohort with limited statistical power and incomplete clinical annotation; several biopsies were excluded because tumor content was below 50%; phosphoproteome coverage was lower than bulk-tissue CPTAC workflows; metadata tables contained pooled reference channels (CR4/CR5), withdrawn entries, and duplicated aliquot-level annotations requiring filtering before downstream analysis; findings require validation in larger independent cohorts",Normalized
PDC,PDC000342,40087745,Proteogenomic characterization of molecular and cellular targets for treatment-resistant subtypes in locally advanced cervical cancers,150,,150.0,,,,150,"Primary locally advanced cervical cancer tumor tissues including squamous cell carcinoma, adenocarcinoma, and adenosquamous carcinoma.",Tissue,Cervix,Cervix,Cervical squamous cell carcinoma; endocervical adenocarcinoma; adenosquamous carcinoma,,,,,,Cervical cancer,"Locally advanced cervical cancer (LACC); squamous cell carcinoma, adenocarcinoma, and adenosquamous carcinoma","TMT11-based global proteome and phosphoproteome profiling integrated with whole-exome sequencing, RNA-seq, and single-cell RNA-seq for molecular characterization of treatment-resistant locally advanced cervical cancer subtypes","Multi-omics characterization of locally advanced cervical cancer identified six molecular subtypes associated with treatment resistance, stromal activation, immune suppression, EMT remodeling, and mucin glycosylation",Orbitrap Fusion Lumos,TMT 11-plex,11406.0,11,126–131N = tumor samples (10 per plex),131C = pooled reference,151.0,151,N/A — no processed mass spectra in PDC,Gene,Per study,RefSeq,2018.0,"Fixed: Carbamidomethyl (C); TMT11 labeling (K, peptide N-terminus). Variable: Oxidation (M).",0.01,result_PDC000342.xlsx,https://pdc.cancer.gov/pdc/study/PDC000342,"Global proteome and phosphoproteome profiling identified treatment-resistant cervical cancer subtypes associated with stromal activation, EMT remodeling, immune suppression, and mucin O-glycosylation signatures","Proteome cohort included only tumor tissues without matched normal controls; proteomics was available for only 146–150 tumors from the full cohort; strong stromal and immune cell infiltration may influence bulk protein abundance profiles; substantial histological heterogeneity between squamous cell carcinoma, adenocarcinoma, and adenosquamous carcinoma; subtype associations are largely correlative rather than mechanistically validate. The study identified elevated expression of MUC5AC-associated epithelial populations together with enrichment of mucin O-glycosylation pathways in treatment-resistant adenocarcinoma-enriched tumors. Cohort consisted predominantly of Asian patients, which may limit population generalizability. Subtype associations were largely correlative rather than mechanistically validated.",Normalized
PDC,PDC000356,36898552,Refining Classification of Cholangiocarcinoma Subtypes via Proteogenomic Integration Reveals New Therapeutic Prospects,0,0.0,104.0,0.0,104,0.0,106,Primary intrahepatic cholangiocarcinoma tumor tissues and adjacent non-tumorous liver tissues,Tissue,Liver (intrahepatic bile duct),Liver,Intrahepatic Cholangiocarcinoma; HCC,,,,,,Cholangiocarcinoma,"Intrahepatic cholangiocarcinoma classified into stem-like, poorly immunogenic, and metabolism subtypes","TMT10-based proteome and phosphoproteome profiling of intrahepatic cholangiocarcinoma tissues integrated with whole-exome sequencing, RNA-seq, metabolomics, and organoid validation; proteome + phosphoproteome; LC-MS/MS; WES; RNA-seq; organoid models","Multi-omics characterization of intrahepatic cholangiocarcinoma identifying clinically distinct proteogenomic subtypes associated with stemness, immune suppression, metabolic remodeling, and therapeutic vulnerabilities including ALDH1A1-targeted strategies",Orbitrap Fusion Lumos,TMT 10-plex,8282.0,10,126–130C = tumor/normal samples,131 = pooled reference,106.0,106,Median norm; log2 ratio,Gene,Per study,UniProt; RefSeq,2023.0,"Fixed: Carbamidomethyl (C); TMT10 labeling (K, peptide N-terminus). Variable: Oxidation (M).",0.01,result_PDC000356.xlsx,https://pdc.cancer.gov/pdc/study/PDC000356,"Proteogenomic analysis identified three clinically distinct intrahepatic cholangiocarcinoma subtypes associated with stemness, immune suppression, and metabolic remodeling. ALDH1A1 overexpression characterized the stem-like subtype, and ALDH1A1 inhibition synergized with nab-paclitaxel in organoid models. Multi-omics integration refined molecular stratification beyond transcriptomics alone and revealed subtype-specific therapeutic vulnerabilities.","PDC metadata contains heterogeneous annotations including reference/disqualified samples and non-iCC labels despite the study focus on intrahepatic cholangiocarcinoma. Sample numbers differed across proteome, transcriptome, phosphoproteome, and WES datasets. Adjacent non-tumorous tissues rather than independent healthy controls were used. TMT-based relative quantification may introduce ratio compression. Cohort consisted predominantly of Asian patients, which may limit population generalizability.",Normalized
PDC,PDC000358,37541199,Proteogenomic analysis of chemo-refractory high-grade serous ovarian cancer,20,0.0,20.0,0.0,0,0.0,20,Primary formalin-fixed paraffin-embedded ovarian high-grade serous carcinoma tumor tissues from female patients with stage II–IV disease,Tissue,Ovary,Ovary,High-Grade Serous Ovarian Carcinoma,,,,,,High-Grade Serous Ovarian Carcinoma,Treatment-naive high-grade serous ovarian carcinoma,TMT11-based LC-MS/MS global proteome profiling of pre-treatment FFPE primary HGSOC tumor tissues,FFPE validation proteome cohort of primary untreated HGSOC tumor samples analyzed using CPTAC harmonized TMT11 proteomics workflow,Orbitrap Fusion Lumos,TMT 11-plex,6738.0,11,126–131N = FFPE tumor samples,131C = pooled reference,21.0,21,CDAP; FFPE-adjusted norm; log2 ratio,Gene,Per study,RefSeq,2018.0,"Fixed: Carbamidomethyl (C); TMT11 labeling (K, peptide N-terminus). Variable: Oxidation (M).",0.01,result_PDC000358.xlsx,https://pdc.cancer.gov/pdc/study/PDC000358,"Main_Finding Data_Caveats TMT11-based proteome profiling of pre-treatment FFPE HGSOC tumors supported identification and validation of protein signatures, pathway-level stratification, and molecular features associated with platinum-refractory ovarian cancer, including metabolic, immune, hypoxia, EMT, and TGF-β-associated proteomic states",Small FFPE validation cohort; archival FFPE material may reduce proteome and post-translational modification coverage; proteomic associations are correlative and derived from pre-treatment bulk tumor tissues with substantial biological heterogeneity,Normalized
PDC,PDC000360,37541199,Proteogenomic analysis of chemo-refractory high-grade serous ovarian cancer,168,0.0,168.0,0.0,0,0.0,178,Primary formalin-fixed paraffin-embedded ovarian high-grade serous carcinoma tumor tissues from female patients with stage II–IV disease,Tissue,Ovary,Ovary,High-Grade Serous Ovarian Carcinoma,,,,,,High-Grade Serous Ovarian Carcinoma,Treatment-naive high-grade serous ovarian carcinoma,TMT11-based LC-MS/MS global proteome profiling of pre-treatment FFPE primary HGSOC tumor tissues,FFPE validation proteome cohort of primary untreated HGSOC tumor samples analyzed using CPTAC harmonized TMT11 proteomics workflow,Orbitrap Fusion Lumos,TMT 11-plex,9235.0,11,126–131N = FFPE tumor samples (10 per plex),131C = pooled reference,161.0,161,CDAP; FFPE-adjusted norm; log2 ratio,Gene,Per study,RefSeq,2018.0,"Fixed: Carbamidomethyl (C); TMT10 labeling (K, peptide N-terminus). Variable: Oxidation (M).",0.01,result_PDC000360.xlsx,https://pdc.cancer.gov/pdc/study/PDC000360,"Large-scale TMT11 proteome profiling of treatment-naive FFPE HGSOC tumors identified proteomic subtypes and molecular programs associated with platinum refractoriness, including immune remodeling, extracellular matrix organization, EMT, hypoxia, metabolism, and TGF-β signaling, and enabled development of a 64-protein predictive signature",FFPE archival tissue may reduce proteome and PTM coverage; cohort includes both primary and metastatic lesions with substantial biological heterogeneity; analyses are observational and derived from bulk tumor proteomes rather than therapy-perturbation experiments,Normalized
PDC,PDC000362,37541199,Proteogenomic analysis of chemo-refractory high-grade serous ovarian cancer,72,0.0,72.0,0.0,0,0.0,82,Primary frozen high-grade serous ovarian carcinoma tumor tissues from female patients with stage II–IV disease,Tissue,Ovary,Ovary,High-Grade Serous Ovarian Carcinoma,,,,,,High-Grade Serous Ovarian Carcinoma,Treatment-naive high-grade serous ovarian carcinoma,TMT11-based LC-MS/MS global proteome profiling of pre-treatment frozen HGSOC tumor tissues using CPTAC harmonized workflow,Frozen validation proteome cohort of untreated HGSOC tumors analyzed to validate proteomic molecular features and platinum-response-associated signatures identified in the discovery cohort,Orbitrap Fusion Lumos,TMT 11-plex,8081.0,11,126–131N = tumor samples (10 per plex),131C = pooled reference,66.0,66,Median norm; log2 ratio,Gene,Per study,UniProt,2018.0,"Fixed: Carbamidomethyl (C); TMT11 labeling (K, peptide N-terminus). Variable: Oxidation (M).",0.01,result_PDC000362.xlsx,https://pdc.cancer.gov/pdc/study/PDC000362,"Frozen-tissue TMT11 proteome profiling validated proteomic programs and molecular signatures associated with platinum refractoriness in HGSOC, including immune remodeling, extracellular matrix organization, EMT, hypoxia, and metabolic pathway alterations identified in the discovery cohort",Cohort consists of heterogeneous bulk tumor tissues from advanced-stage HGSOC patients; analyses are observational and based on pre-treatment samples without therapy perturbation; partial overlap with the discovery cohort may reduce complete external independence of validation,Normalized
PDC,PDC000393,36266629,Neoplastic cell enrichment of tumor tissues using coring and laser microdissection for proteomic and genomic analyses of pancreatic ductal adenocarcinoma,27,0.0,18.0,0.0,0,9.0,6,"Primary pancreatic ductal adenocarcinoma tumor tissues and matched normal adjacent pancreatic tissues processed using bulk sampling, tissue coring, and laser microdissection (LMD)",Tissue,Pancreas,Pancreas,Pancreatic Ductal Adenocarcinoma,,,,,,Pancreatic ductal adenocarcinoma,PDAC with variable neoplastic cellularity and stromal composition,"TMT10-based quantitative proteomics and whole-exome sequencing of PDAC tumors and matched normal adjacent tissues processed using bulk sampling, tissue coring, and laser microdissection (LMD) to evaluate neoplastic cell enrichment effects on proteogenomic profiling","Comparative proteogenomic study assessing how bulk tissue sampling, coring, and laser microdissection influence tumor cellularity, KRAS mutation enrichment, and proteomic composition in pancreatic ductal adenocarcinoma",Orbitrap Fusion Lumos,TMT 10-plex,7411.0,10,126–130C = LCM/macro samples,131 = pooled reference,7.0,7,Median norm; log2 ratio,Gene,Per study,RefSeq,2018.0,"Fixed: Carbamidomethyl (C); TMT10 labeling (K, peptide N-terminus). Variable: Oxidation (M).",0.01,result_PDC000393.xlsx,https://pdc.cancer.gov/pdc/study/PDC000393,"Laser microdissection (LMD) provided the strongest enrichment of neoplastic cellularity and produced the most distinct proteomic profile compared with bulk and cored PDAC tissues. Bulk and coring samples showed highly similar proteomic patterns, while LMD improved KRAS mutation enrichment, especially in low-cellularity tumors. Distinct PDAC-associated proteins including COL17A1, VSNL1, LYPD3, and VCAN were preferentially identified in LMD-enriched samples.","Small cohort size with only 3 paired PDAC/NAT cases for proteomics and 8 tumors for KRAS/WES validation limits statistical power. Bulk tumors contained substantial stromal and non-neoplastic contamination due to highly variable tumor cellularity characteristic of PDAC. Sampling strategy strongly affected detected protein composition, complicating interpretation of tumor-specific signals. Coring failed to effectively enrich neoplastic cells in low-cellularity tumors, whereas LMD produced limited material yield and may introduce preparation-related bias. Metadata structure in PDC incompletely annotates sampling strategy and replicate relationships.",Normalized
PDC,PDC000398,35896960,Proteomic and phosphoproteomic measurements enhance ability to predict ex vivo drug response in AML,16,0.0,10.0,6.0,0,0.0,16,"Primary AML patient-derived mononuclear/cancer cells from bone marrow and peripheral blood, including post-treatment samples",Primary cells,Bone marrow; peripheral blood,Hematopoietic system,Acute Myeloid Leukemia (AML),,,,,,Acute Myeloid Leukemia (AML),Primary AML blood/bone marrow cancer samples with ex vivo drug-response profiling; untreated and post-treatment samples,TMT10-based LC–MS/MS global proteome profiling of primary AML patient-derived bone marrow and peripheral blood cancer samples from the Beat AML/PTRC cohort. Two baseline TMT10 plexes were analyzed with 24 fractions per plex; patient channels were quantified relative to reference channels.,"Proteomic profiling of primary AML patient samples to evaluate whether protein-level signatures improve prediction of ex vivo drug sensitivity, especially for targeted AML therapies such as quizartinib/FLT3 and trametinib/Ras–MEK pathway inhibition.",Orbitrap Fusion Lumos,TMT 10-plex,7015.0,10,126–130C = patient samples (9 per plex),131 = pooled reference,32.0,32,CDAP; median norm; log2 ratio,Gene,Per study,RefSeq,2018.0,"Fixed: Carbamidomethyl (C); TMT10 labeling (K, peptide N-terminus). Variable: Oxidation (M).",0.01,result_PDC000398.xlsx,https://pdc.cancer.gov/pdc/study/PDC000398,"Proteomic profiling of primary AML patient-derived blood/bone marrow samples supported prediction of ex vivo drug sensitivity. Protein-level signatures were informative for AML drug-response modeling, especially for targeted agents such as quizartinib/FLT3 and trametinib/Ras–MEK pathway inhibition.","Small pilot proteome cohort; PDC000398 contains 16 patient samples in the TMT channel mapping, with no healthy controls. Untreated and post-treatment AML samples are mixed. Samples are primary patient-derived AML cells, not cell lines. Cell lines MOLM13/MOLM14 are discussed in the publication only as validation models, not as the main PDC000398 biospecimens.",Normalized
PDC,PDC000400,35896960,Proteomic and phosphoproteomic measurements enhance ability to predict ex vivo drug response in AML,4,0.0,2.0,2.0,0,0.0,4,"AML patient-derived blood cancer cells; peripheral blood AML samples, including baseline and post-treatment aliquots",Primary cells,Bone marrow; peripheral blood,Hematopoietic system,Acute Myeloid Leukemia (AML),,,,,,Acute Myeloid Leukemia (AML),"Acute myeloid leukemia; mainly AML with mutated NPM1, with one case annotated as acute myeloid leukemia with minimal differentiation","TMT10-based global proteome profiling of AML patient-derived peripheral blood cancer samples in an ex vivo sorafenib-treatment drug-response setting. The dataset includes two TMT10 plexes, 12 fractions per plex, 4 biological AML patients, 16 AML aliquots, and Universal Ref channels for normalization.",Small PTRC/Beat AML proteomics substudy measuring protein abundance in baseline and post-treatment AML peripheral blood-derived cancer samples to support analysis of ex vivo sorafenib-associated drug response.,Orbitrap Fusion Lumos,TMT 10-plex,6483.0,10,126–130C = treated samples,131 = pooled reference,16.0,16,CDAP; median norm; log2 ratio,Gene,Per study,RefSeq,2018.0,"Fixed: Carbamidomethyl (C); TMT11 labeling (K, peptide N-terminus). Variable: Oxidation (M).",0.01,result_PDC000400.xlsx,https://pdc.cancer.gov/pdc/study/PDC000400,Proteomic profiling of AML ex vivo sorafenib-treatment samples provides TMT10-based protein abundance data for drug-response signature analysis; broader PTRC/Beat AML analysis showed added predictive value of proteomic/phosphoproteomic measurements for AML drug sensitivity.,"Small N; 4 AML patients plus Universal Ref; no healthy controls; no tumor-normal design; 16 samples are aliquots from 4 patients, not independent patients; post-treatment reflects ex vivo sorafenib exposure; Log Ratio/Unshared Log Ratio are duplicated metrics, not separate samples.",Normalized
PDC,PDC000402,35896960,Proteomic and phosphoproteomic measurements enhance ability to predict ex vivo drug response in AML,20,0.0,15.0,5.0,0,0.0,19,AML patient-derived leukemic mononuclear cells from bone marrow and peripheral blood,Primary cells,Bone marrow; peripheral blood,Hematopoietic system,Acute Myeloid Leukemia (AML),,,,,,Acute Myeloid Leukemia (AML),Acute myeloid leukemia; ex vivo combination-treatment drug-response cohort,"TMT11-based global proteome profiling of AML patient-derived blood and bone marrow cancer samples in an ex vivo combination-treatment drug-response study; 2 TMT11 plexes, 12 fractions per plex, 10 patient sample channels plus 1 universal reference channel per plex.","Proteome dataset of AML patient-derived leukemic samples from bone marrow and peripheral blood, including baseline/untreated blood-derived cancer samples and post-treatment peripheral blood cancer samples, used to assess protein-level signatures associated with ex vivo response to combination drug treatment.",Q Exactive HF-X,TMT 11-plex,6338.0,11,126–131N = treated samples (10 per plex),131C = pooled reference,20.0,20,CDAP; median norm; log2 ratio to pooled ref,Gene,Per study,RefSeq,2018.0,"Fixed: Carbamidomethyl (C); TMT11 labeling (K, peptide N-terminus). Variable: Oxidation (M).",0.01,result_PDC000402.xlsx,https://pdc.cancer.gov/pdc/study/PDC000402,TMT11 proteome profiling of AML patient-derived blood/bone marrow samples identified protein-level signatures associated with ex vivo response to combination drug treatment. The dataset supports evaluation of proteomic predictors of AML therapeutic sensitivity beyond clinical metadata alone.,"Small pilot cohort; 20 patient sample channels but 19 unique patients/donors because 16-00278 is included in two TMT channels. Exposure status is inferred from PDC sample status: 5 post-treatment / combination-treatment exposed samples and 15 baseline / untreated sample channels. No healthy controls. Tumor grade, tumor stage, morphology and tumor classification are not reported. Universal reference channels are not patient samples.",Normalized
PDC,PDC000408,36001024,Proteogenomic markers of chemotherapy resistance and response in triple negative breast cancer,72,0.0,56.0,16.0,0,0.0,56,Triple-negative breast cancer primary tumor tissue,Tissue,Breast,Breast,Triple-negative breast cancer; Breast invasive carcinoma,,,,,,Breast invasive carcinoma,Triple-negative breast cancer (TNBC),"TMT11-based proteome profiling of primary TNBC tumor tissues collected at baseline before neoadjuvant carboplatin/docetaxel therapy and, for a subset of patients, at Cycle 1 Day 3 after treatment initiation. The design used 8 TMT11 plexes with 72 fractions per plex and common reference channels.",Proteomic analysis of primary TNBC tumor tissues to identify molecular features associated with response or resistance to neoadjuvant carboplatin/docetaxel therapy. Baseline tumor tissues represent untreated cancer samples; Cycle1Day3 tissues represent early on-treatment cancer samples.,Orbitrap Fusion Lumos,TMT 11-plex,8844.0,11,126–131N = tumor samples (10 per plex),131C = pooled reference,58.0,58,CDAP; median norm; log2 ratio,Gene,Per study,RefSeq,2018.0,"Fixed: Carbamidomethyl (C); TMT11 labeling (K, peptide N-terminus). Variable: Oxidation (M).",0.01,result_PDC000408.xlsx,https://pdc.cancer.gov/pdc/study/PDC000408,"Proteomic profiling of primary TNBC tumor tissues showed that chemotherapy-resistant / non-pCR tumors were enriched for metabolic programs, including oxidative phosphorylation, fatty acid metabolism and glycolysis. Therapy-sensitive / pCR tumors showed higher DNA repair, E2F targets, G2/M checkpoint, interferon-gamma response and immune-checkpoint signatures. Proteogenomic analysis identified a resistance-associated 19q13.31–33 deletion involving LIG1, POLD1 and XRCC1; low LIG1 / LIG1 loss was linked to poor pathological response, chromosomal instability and carboplatin-selective resistance.","Dataset contains tumor tissues only; no healthy controls and no matched normal breast tissue. Baseline samples are untreated tumor tissues, while Cycle1Day3 samples are early on-treatment tumor tissues after carboplatin/docetaxel initiation. Reference channels Core CR and Pros BRCA CR should not be counted as patient samples. Some patients have both baseline and Cycle1Day3 samples, so aliquot/sample count exceeds patient count.",Normalized
PDC,PDC000434,36384096,"Proteogenomic analysis of lung adenocarcinoma reveals tumor heterogeneity, survival determinants, and therapeutically relevant pathways",100,0.0,100.0,0.0,0,0.0,100,Primary lung adenocarcinoma tumor tissue,Tissue,Lung tumor tissue,Lung,Lung Adenocarcinoma,,,,,,Lung adenocarcinoma,"Primary lung adenocarcinoma; LUAD molecular/expression subtypes including TRU, PI and PP","TMT11-based proteome profiling of primary LUAD tumor tissues, integrated in the study with WGS, RNA-seq, phosphoproteomics and RPPA","Proteogenomic study of primary lung adenocarcinoma tumors identifying molecular heterogeneity, RNA–protein relationships, survival-associated protein/RNA signatures and subtype-specific therapeutic vulnerabilities",Q Exactive HF,TMT 11-plex,9009.0,11,126–131N = tumor samples (10 per plex),131C = pooled reference,101.0,101,Median norm; log2 ratio,Gene,Per study,UniProt; RefSeq,2018.0,"Fixed: Carbamidomethyl (C); TMT11 labeling (K, peptide N-terminus). Variable: Oxidation (M).",0.01,result_PDC000434.xlsx,https://pdc.cancer.gov/pdc/study/PDC000434,"Proteogenomic profiling of LUAD identified molecular heterogeneity, smoking-associated genomic subtypes, RNA/protein survival signatures, and subtype-specific therapeutic vulnerabilities including immune-checkpoint, EGFR-signaling, cell-cycle and metabolic pathways.","No matched normal lung proteome was analyzed in this proteome dataset; treatment-response data were limited; PDC lists 101 cases/aliquots, but the usable tumor cohort in the article is 87 cases and the annotation table contains duplicated tumor entries plus a Pool/reference entry.",Normalized
PDC,PDC000439,37567170,Proteogenomic insights suggest druggable pathways in endometrial carcinoma,160,0.0,140.0,0.0,20,0.0,159,Primary endometrial carcinoma tumor tissue and solid normal endometrial tissue,Tissue,Endometrium,Uterus,Uterine Corpus Endometrial Carcinoma,,,,,,Endometrial carcinoma,"Endometrioid, serous, clear cell; molecular/genomic subtypes: POLE ultramutated, MSI-H, CNV-L, CNV-H","Prospective CPTAC proteogenomic study of 138 endometrial carcinoma tumors and 20 enriched normal endometrium samples using 10 omics platforms: WGS, WES, methylation array, RNA-seq, miRNA-seq, targeted proteomics, global proteomics, phosphoproteomics, acetylproteomics, and glycoproteomics","Comprehensive proteogenomic analysis of an independent endometrial carcinoma cohort identifying clinically relevant molecular and imaging markers, including APM/SRM markers for immunotherapy stratification, PIK3R1 in-frame indels associated with AKT phosphorylation and AKT inhibitor sensitivity, MYC activity as a potential biomarker of metformin response, CTNNB1 hotspot mutations affecting Wnt/β-catenin signaling, PARP1/1q gain as a possible PARP inhibitor biomarker, and deep-learning prediction of EC subtypes from histopathology images.",Orbitrap Fusion Lumos,TMT 11-plex,10934.0,11,126–131N = tumor samples (10 per plex),131C = CompRef,159.0,159,CDAP; median norm; log2 ratio to CompRef,Gene,Per study,RefSeq,2018.0,"Fixed: Carbamidomethyl (C); TMT11 labeling (K, peptide N-terminus). Variable: Oxidation (M).",0.01,result_PDC000439.xlsx,https://pdc.cancer.gov/pdc/study/PDC000439,"The study identified clinically relevant molecular and imaging markers for precision stratification of endometrial carcinoma, including: SRM-based APM markers for potential immunotherapy selection; PIK3R1 in-frame indels associated with increased AKT phosphorylation and sensitivity to AKT inhibitors; high MYC activity as a potential biomarker for metformin response; CTNNB1 hotspot mutations linked to altered Wnt/β-catenin signaling and possible resistance to Wnt-FZD antagonists; 1q/PARP1 gain as a possible biomarker of PARP inhibitor sensitivity; and deep-learning prediction of EC molecular subtypes and mutations from histopathology images.","Prospective CPTAC cohort with 140 EC tumors and 20 enriched normal endometrium samples; normal tissues were enriched normal endometrium from healthy donors, not necessarily matched adjacent normals for every tumor. Several therapeutic conclusions are biomarker-generating and require further clinical validation, especially SRM/APM prediction, MYC–metformin response, AKT inhibitor sensitivity for PIK3R1 indels, PARP inhibitor sensitivity for PARP1/1q gain, and histopathology deep-learning models",Normalized
PDC,PDC000446,38981438,Multi-scale signaling and tumor evolution in high-grade gliomas,149,0.0,115.0,26.0,4,0.0,116,Brain tumor tissue; glioblastoma / glioma tissue; includes primary and recurrent tumor tissue; some metastatic brain-resected tumor samples,Tissue,Brain tissue,Brain,Glioblastoma; high-grade glioma; brain metastasis,,,,,,Glioblastoma; Gliomas; Astrocytoma; Gliosarcoma; Meningioma; brain metastases,"High-grade glioma; primary GBM; recurrent GBM; IDH-mutant/IDH-wildtype status when available; brain metastases from lung, breast, uterus, colon/other primary sites;","TMT11-based LC–MS/MS proteome profiling of CPTAC GBM confirmatory samples; 24 fractions per TMT plex; channels include pooled reference, primary tumors, recurrent tumors, metastatic brain-resected tumors, and solid tissue normal controls","Proteomic profiling of GBM/high-grade glioma cohort with primary and recurrent tumor specimens, limited normal brain tissue controls, and a subset of brain metastasis samples. The study is designed to characterize tumor evolution, recurrence-associated proteomic changes, and molecular heterogeneity in glioblastoma.",Orbitrap Fusion Lumos,TMT 11-plex,11159.0,11,126–131N = tumor samples (10 per plex),131C = CompRef (pooled normal brain),118.0,118,CDAP; median norm; log2 ratio to CompRef,Gene,Per study,RefSeq,2018.0,"Fixed: Carbamidomethyl (C); TMT11 labeling (K, peptide N-terminus). Variable: Oxidation (M).",0.01,result_PDC000446.xlsx,https://pdc.cancer.gov/pdc/study/PDC000446,"The study identifies proteomic features associated with GBM biology and tumor evolution, including differences between primary and recurrent tumors, recurrence-related signaling changes, IDH-associated molecular differences, and pathway-level alterations involving RTK signaling, EGFR, PTEN/TERT-related downstream effects, and PTPN11-centered signaling networks.","The proteome cohort is heterogeneous: it includes primary GBM/high-grade glioma samples, recurrent tumors, limited solid tissue normal controls, and brain metastasis samples from non-GBM primary cancers. Treatment/exposure information is not available for all samples in the channel mapping table; it appears mainly in the clinical annotation for a subset of recurrent/CHOP retrospective cases. Therefore, treatment-related conclusions should be made only for samples with explicit treatment metadata, not for the entire TMT proteome cohort.",Normalized
PDC,PDC000464,38703764,Comprehensive proteogenomic characterization of rare kidney tumors,68,0.0,49.0,19.0,0,0.0,41,Primary kidney tumor tissue and adjacent normal kidney tissue from renal cell carcinoma cohort,Tissue,Kidney tissue,Kidney,Non-clear cell renal cell carcinoma; renal oncocytoma; other rare renal tumors,,,,,,Kidney cancer,Non-clear cell kidney cancer; clear cell kidney cancer; papillary kidney cancer; chromophobe kidney cancer; renal oncocytoma; other rare kidney tumors,"Tandem mass tag 11-plex proteome profiling using liquid chromatography with tandem mass spectrometry; integrated with phosphoproteome, glycoproteome, metabolome, genome, transcriptome, methylation and single-nucleus transcriptome data","Proteomic analysis of rare kidney tumors and non-clear cell kidney cancer subtypes to compare protein abundance profiles between tumor subtypes and adjacent normal tissue, define subtype-specific proteomic signatures, and identify candidate diagnostic and prognostic protein biomarkers.",Orbitrap Fusion Lumos,TMT 11-plex,8317.0,11,126–131N = tumor samples (10 per plex),131C = CompRef,44.0,44,CDAP; median norm; log2 ratio to CompRef,Gene,Per study,RefSeq,2018.0,"Fixed: Carbamidomethyl (C); TMT11 labeling (K, peptide N-terminus). Variable: Oxidation (M).",0.01,result_PDC000464.xlsx,https://pdc.cancer.gov/pdc/study/PDC000464,"TMT11 proteomic profiling identified subtype-specific protein abundance patterns in rare kidney tumors. The study detected 12,299 proteins, with 9,528 proteins quantified in more than half of samples, and showed clear proteomic separation between tumor subtypes and normal adjacent tissues. Key protein biomarkers included PYCR1 and IGF2BP3 for genome instability, MAPRE3 and ADGRF5 for renal oncocytoma, GPNMB for chromophobe kidney cancer, and PIGR and SOSTDC1 for papillary kidney cancer.","Proteomic dataset is limited by small sample size for several rare kidney tumor subtypes, with some subtypes represented by only one or two samples. PDC000464 contains the proteome component, while several conclusions in the article rely on integration with additional omics layers and related cohorts. Therefore, subtype-specific proteomic biomarkers and pathway signatures should be considered exploratory and require validation in independent cohorts.",Normalized
PDC,PDC000477,38232702,Mapping the proteogenomic landscape enables prediction of drug response in acute myeloid leukemia,186,0.0,128.0,58.0,0,0.0,210,Freshly isolated primary acute myeloid leukemia blasts; mononuclear leukemia cells,Primary cells,Bone marrow; peripheral blood; leukapheresis sample,Hematopoietic and reticuloendothelial system,Acute myeloid leukemia; myelodysplastic syndromes; non-specified leukemia cases included in the cohort,,,,,,Acute Myeloid Leukemia (AML),Acute myeloid leukemia; myelodysplastic syndromes; non-specified leukemia cases included in the cohort,"Tandem mass tag 11-plex global proteome profiling of primary patient-derived leukemia cells by liquid chromatography with tandem mass spectrometry; paired phosphoproteome data were generated in the related study; proteomic data were integrated in the article with whole-exome sequencing, RNA sequencing, clinical annotation and ex vivo drug sensitivity screening across small-molecule inhibitors","Proteogenomic study of primary acute myeloid leukemia patient samples from the Beat AML cohort. The study used proteome and phosphoproteome measurements to define four proteogenomic leukemia subtypes, compare them with genetic classifications, and link subtype structure to ex vivo drug-response patterns, including response models for venetoclax, panobinostat and other inhibitors. PDC000477 represents the global proteome component of the study",Orbitrap Fusion Lumos,TMT 11-plex,9149.0,11,126–131N = patient samples (10 per plex),131C = pooled reference,211.0,211,CDAP pipeline; median normalization; log2 ratio to pooled ref,Gene,Per study,UniProt; RefSeq,2023.0,"Fixed: Carbamidomethyl (C); TMT11 labeling (K, peptide N-terminus). Variable: Oxidation (M).",0.01,result_PDC000477.xlsx,https://pdc.cancer.gov/pdc/study/PDC000477,"Tandem mass tag 11-plex proteomic profiling of primary patient-derived acute myeloid leukemia cells identified four proteogenomic leukemia subtypes that complemented genomic mutation-based classification and were associated with distinct ex vivo drug-response patterns. The study measured 9,412 unique proteins, retained 8,521 proteins after missingness filtering, and used corrected proteomic and phosphoproteomic data to classify 210 patient samples. Proteomic subtype information improved interpretation of drug sensitivity, including venetoclax, panobinostat and sorafenib response patterns, and supported models for predicting therapy response.","PDC000477 represents the global proteome component only; several biological conclusions in the article rely on integration with the related phosphoproteome study, transcriptomics, whole-exome sequencing, clinical annotation and ex vivo drug-response data. PDC reports 211 cases and 211 aliquots, whereas the article analyzes 210 patient samples; the uploaded annotation contains 378 rows and gives 189 deduplicated sample entries by sample type, so sample accounting differs across PDC metadata, annotation rows and article-level cohort description. The cohort consists of bulk primary leukemia cell preparations, so clonal heterogeneity and variation in leukemic versus stromal cell composition are not resolved. The study is also limited by single-time-point profiling for most patient samples, while dynamic treatment-response conclusions are supported mainly by MOLM14 cell-line validation rather than longitudinal patient sampling.",Normalized
PDC,PDC000489,40749670,Integrative analysis of lung adenocarcinoma across diverse ethnicities and exposures,0,0.0,122.0,0.0,113,0.0,120,Primary lung adenocarcinoma tumor tissue; matched normal adjacent lung tissue; internal reference/control samples,Tissue,Lung tisssue,Lung,Lung tumor tissue; normal adjacent lung tissue,,,,,,Lung adenocarcinoma,Non-small cell lung cancer; adenocarcinoma,TMT11-based LC-MS/MS proteome profiling of primary lung adenocarcinoma tumor tissues and matched normal adjacent lung tissues; pooled/internal reference samples were included for cross-plex normalization; data are part of the CPTAC LUAD Confirmatory proteome cohort and were integrated with genomic and transcriptomic data in the broader CPTAC–ICPC LUAD study.,"CPTAC LUAD Confirmatory proteome dataset containing lung adenocarcinoma tumor tissues, matched normal adjacent lung tissues, and internal reference/control samples; used in a larger 406-patient proteogenomic LUAD analysis across diverse ethnicities and environmental exposures.",Q Exactive HF-X,TMT 11-plex,11418.0,11,126–131N = tumor samples (10 per plex),131C = CompRef,131.0,131,CDAP; median norm; log2 ratio to CompRef,Gene,Per study,UniProt; RefSeq,2023.0,"Fixed: Carbamidomethyl (C); TMT11 labeling (K, peptide N-terminus). Variable: Oxidation (M).",0.01,result_PDC000489.xlsx,https://pdc.cancer.gov/pdc/study/PDC000489,"Integrated LUAD proteogenomic analysis identified molecular heterogeneity associated with driver mutations, chromosomal instability, immune signaling, carcinogen exposure signatures, and early-stage tumors with late-like molecular features; candidate protein biomarkers were proposed for genome-fragmented tumors and carcinogen-associated LUAD.","PDC000489 represents only the CPTAC LUAD Confirmatory proteome component of the broader CPTAC–ICPC LUAD integration; the full publication also includes other related LUAD projects, including CPTAC Discovery and Academia Sinica/ICPC cohorts. Therefore, conclusions from the 406-patient study should not be attributed only to PDC000489. In addition, PDC000489 contains internal reference/control/bridging entries, so biological LUAD patient samples must be separated from technical/reference samples",Normalized
PDC,PDC000514,38215747,Integrated proteogenomic characterization of glioblastoma evolution,221,0.0,112.0,109.0,0,0.0,109,Primary glioblastoma tumor tissue; recurrent glioblastoma tumor tissue; paired longitudinal tumor tissue,Tissue,Brain tumor tissue,Brain,Glioblastoma,,,,,,Glioblastoma,Glioblastoma multiforme; longitudinal primary and recurrent glioblastoma,TMT11-based LC-MS/MS global proteome profiling of glioblastoma tissue samples collected at diagnosis and recurrence; primary and recurrent tumor samples were quantified relative to pooled reference channels across TMT11 plexes.,Global proteome dataset comparing primary glioblastoma tumors collected at diagnosis with recurrent glioblastoma tumors collected after treatment.,Q Exactive HF-X,TMT 11-plex,11320.0,11,126–131N = tumor samples per plex,131C = pooled reference,111.0,111,Median norm; log2 ratio,Gene,Per study,UniProt; RefSeq,2023.0,"Fixed: Carbamidomethyl (C); TMT11 labeling (K, peptide N-terminus). Variable: Oxidation (M).",0.01,result_PDC000514.xlsx,https://pdc.cancer.gov/pdc/study/PDC000514,"Global proteome analysis showed that primary glioblastoma tumors are enriched in proliferation-, cell-cycle-, DNA replication- and EGFR-related programs, whereas recurrent tumors show increased abundance of proteins associated with neuronal transition, synaptic activity and neuron-like functions. Proteomic data also indicated reduced EGFR protein/signaling at recurrence and increased activity of BRAF/MAPK- and WNT/PCP-related proteins, supporting a shift from proliferative primary GBM toward a neuronal recurrent state.","Proteome-only dataset; no healthy brain tissue controls or adjacent normal tissue were included. Recurrent tumors are post-treatment samples, so proteomic differences may reflect both tumor evolution and therapy-associated selection. Reference/pool channels are technical normalization references, not biological controls. The publication reports a larger integrative cohort, while the proteome analysis was performed on a subset of longitudinal GBM pairs.",Normalized
PDC,PDC000519,39842500,Integrated multi-omics analyses of oral squamous cell carcinoma reveal precision patient stratification and personalized treatment strategies,448,0.0,224.0,1.0,224,0.0,105,Primary oral squamous cell carcinoma tumor tissue; paired/adjacent solid normal oral cavity tissue; pooled tissue internal reference; pooled cell-line internal reference,Tissue,"Oral cavity tumor tissue; oral cavity solid normal tissue; subsites include tongue, cheek mucosa, gum, floor of mouth, retromolar area, lip",Oral cavity,"Oral squamous cell carcinoma; primary sites include tongue, cheek mucosa, gum, floor of mouth, retromolar area, and lip.",,,,,,Oral squamous cell carcinoma,"Head and neck squamous cell carcinoma, oral cavity; squamous cell carcinoma, not otherwise specified; A3A/EGFR-stratified OSCC groups","TMT10-based proteomic profiling of pretreatment OSCC tumor tissues and solid normal tissue samples from oral cavity subsites, including tongue, cheek mucosa, gum, floor of mouth, retromolar area, and lip; tumor samples were stratified by A3A/APOBEC3A and EGFR expression and integrated with RNA-seq, whole-exome sequencing/copy-number alteration analysis, phosphoproteomics, immunohistochemistry, qRT-PCR, cell-based assays, and PDX validation","Integrated multi-omics study of OSCC identifying inverse A3A/APOBEC3A and EGFR expression as patient-stratification markers. A3A-high tumors were associated with immune-hot phenotype and anti-PD-1 response, whereas EGFR-high and RRAS-high tumors were linked to DNA repair alterations, EGFR/RRAS/AKT/ERK signaling, local recurrence, and potential anti-EGFR treatment relevance",Orbitrap Fusion Lumos,TMT 10-plex,11877.0,10,126–130C = tumor/NAT samples,131 = pooled reference,107.0,107,Median norm; log2 ratio,Gene,Per study,UniProt; RefSeq,2023.0,"Fixed: Carbamidomethyl (C); TMT10 labeling (K, peptide N-terminus). Variable: Oxidation (M).",0.01,result_PDC000519.xlsx,https://pdc.cancer.gov/pdc/study/PDC000519,"A3A/APOBEC3A and EGFR were identified as inversely expressed RNA/protein-level markers for OSCC patient stratification. A3A-high tumors showed immune-hot features and were associated with improved anti-PD-1 response, whereas EGFR-high tumors showed chromosome 7p11.2 gains and DNA repair alterations. RRAS-high tumors were linked to local recurrence through EGFR/RRAS/AKT/ERK signaling and AKT/ERK phosphorylation, suggesting potential relevance for anti-EGFR treatment response.","PDC000519 is the proteome study; phosphoproteome data are related but separate PDC projects. The dataset includes primary tumor, solid normal tissue, pooled tissue internal reference, and pooled cell-line internal reference channels; reference channels should not be interpreted as patient samples. Several tumor/normal biospecimens are marked as disqualified and should be excluded from biological interpretation. Clinical metadata are incomplete for several fields, with many values reported as “Not Reported",Normalized
PDC,PDC000563,40749670,Integrative analysis of lung adenocarcinoma across diverse ethnicities and exposures,248,0.0,124.0,0.0,124,0.0,124,Primary lung adenocarcinoma tumor tissue — 98; matched solid normal lung tissue from lung adenocarcinoma cases — 98; primary lung squamous cell carcinoma tumor tissue — 13; matched solid normal lung tissue from lung squamous cell carcinoma cases — 13; other primary lung tumor tissue — 13; matched solid normal lung tissue from other lung tumor cases — 13.,Tissue,Lung tumor tissue; normal adjacent lung tissue,Lung,Lung adenocarcinoma; lung squamous cell carcinoma; other lung tumor,,,,,,Lung adenocarcinoma,"Non-small cell lung cancer, adenocarcinoma (Asian/Taiwanese cohort B)","TMT10-based quantitative proteome profiling of paired lung tumor and matched solid normal lung tissue samples from the Academia Sinica LUAD ICPC-B cohort. The biospecimen table contains 248 unique tissue samples: 124 primary tumors and 124 matched solid normal lung tissues, including 98 lung adenocarcinoma cases, 13 lung squamous cell carcinoma cases and 13 other lung tumor cases.","CGU OSCC APOBEC3A proteome dataset; PDC000519; TMT10 oral squamous cell carcinoma tissue proteome study with 224 tumor/normal tissue samples in the curated annotation: 112 primary tumors and 112 matched solid normal oral tissues, plus pooled internal reference entries.",Orbitrap Fusion Lumos,TMT 10-plex,11724.0,10,126–130C = tumor/NAT samples,131 = pooled reference,127.0,127,Median norm; log2 ratio,Gene,Per study,UniProt; RefSeq,2023.0,"Fixed: Carbamidomethyl (C); TMT10 labeling (K, peptide N-terminus). Variable: Oxidation (M).",0.01,result_PDC000563.xlsx,https://pdc.cancer.gov/pdc/study/PDC000563,"Proteomic profiling of oral squamous cell carcinoma identified APOBEC3A-associated molecular features and supported integrative tumor–normal comparison in OSCC tissue samples. The dataset provides a TMT10 proteome resource for studying OSCC biology, tumor-associated protein alterations, and APOBEC3A-related proteomic patterns.","PDC000563 represents the Academia Sinica LUAD ICPC-B proteome component, but the associated publication integrates multiple related PDC datasets from CPTAC and ICPC Academia Sinica programs. Therefore, conclusions from the paper refer to the broader 406-patient multi-cohort LUAD analysis, not only to PDC000563. Related studies include CPTAC LUAD proteome, phosphoproteome, acetylome and ubiquitylome datasets, as well as Academia Sinica LUAD100 proteome/phosphoproteome and ICPC-B phosphoproteome datasets. Taiwanese IR was used as a bridging internal reference for cross-cohort comparison. For the curated biospecimen count, use the project-level tissue annotation separately from the publication-level integrated cohort size.",Normalized
PDC,PDC000582,40480221,Proteogenomic analysis of the CALGB 40601 (Alliance) HER2+ breast cancer,75,0.0,75.0,0.0,0,0.0,59,Pretreatment needle-core biopsies from primary HER2-positive breast invasive carcinoma tumors; fresh-frozen OCT-embedded tumor tissue; no cell lines; no mouse samples.,Tissue,Breast,Breast,HER2-positive breast invasive carcinoma,,,,,,Breast invasive carcinoma,HER2-positive breast cancer; neoadjuvant anti-HER2 therapy cohort,"TMT16-based proteomic analysis of pretreatment primary tumor biopsies from patients with HER2-positive breast cancer enrolled in the CALGB 40601 neoadjuvant trial. The PDC proteome dataset includes 59 cases and 80 aliquots, analyzed across 5 TMT16 plexes with 24 fractions per plex. The study was designed to identify protein-level biomarkers associated with pathological complete response versus non-pCR after anti-HER2 therapy","Proteomic profiling of pretreatment HER2-positive breast cancer biopsies from the CALGB 40601 trial identified resistance-associated features, including lack of ERBB2 amplification/HER2 protein overexpression in some non-pCR cases and increased EMT, Notch, and WNT/β-catenin signaling in non-pCR tumors. GPRC5A and TPBG were validated as reproducible markers associated with lack of pathological complete response.",Orbitrap Fusion Lumos,TMTpro 16-plex,9186.0,16,126–134N = patient samples (15 per plex),134C = pooled reference,59.0,59,Median norm; log2 ratio,Gene,Per study,UniProt; RefSeq,2023.0,"Fixed: Carbamidomethyl (C); TMT16 labeling (K, peptide N-terminus). Variable: Oxidation (M).",0.01,result_PDC000582.xlsx,https://pdc.cancer.gov/pdc/study/PDC000582,"Proteogenomic profiling of pretreatment HER2-positive breast cancer biopsies identified molecular features associated with resistance to neoadjuvant anti-HER2 therapy. Non-pCR tumors included cases lacking ERBB2 amplification and HER2 protein overexpression, suggesting possible false HER2-positive classification by standard diagnostics. In proteogenomics-confirmed HER2-positive tumors, non-pCR was associated with increased EMT, Notch, WNT/β-catenin and extracellular matrix/tumor microenvironment-related signaling. GPRC5A and TPBG were validated across independent datasets as reproducible markers of lack of pathological complete response.","This proteome dataset contains tumor biopsies only: no healthy controls and no normal adjacent tissue. PDC reports 59 cases and 80 aliquots, while the article states that 75 of 80 QC-passed biopsies yielded TMT-based proteomic/phosphoproteomic data. Several patients had 1–2 biopsies, so case count and biopsy/aliquot count differ. The PDC proteome study is linked to a separate phosphoproteome study, PDC000583. The study is response-focused and correlative, with limited sample size per treatment arm.",Normalized
PDC,PDC000585,38480868,Proteogenomic analysis of enriched HGSOC tumor epithelium identifies prognostic signatures and therapeutic vulnerabilities,70,0.0,70.0,0.0,0,0.0,70,Bulk high-grade serous carcinoma tumor tissue; laser microdissection-enriched high-grade serous carcinoma tumor epithelium; laser microdissection-enriched stromal compartment in a subset.,Tissue,"High-grade serous carcinoma tumor tissue from ovary, peritoneum, and abdominal/metastatic sites.",Ovary,High-Grade Serous Ovarian Carcinoma,,,,,,Ovarian cancer,High-grade serous ovarian cancer (HGSOC; APOLLO-2 cohort),"TMT11-based global proteome profiling of untreated high-grade serous ovarian carcinoma tumors, including matched bulk tumor tissue and laser microdissection-enriched tumor epithelial fractions; integrated with whole-genome sequencing, RNA sequencing, reverse phase protein array data, tumor purity assessment, homologous recombination deficiency/proficiency classification, and survival analysis.","Proteogenomic study of 70 chemo-naive high-grade serous ovarian carcinoma tumors from primary/adnexal and metastatic sites. The study compared bulk tumor tissue with laser microdissection-enriched tumor epithelium to evaluate how tumor purity, stromal admixture, immune infiltration, molecular subtype reclassification, homologous recombination deficiency-associated metabolic pathways, and BMI1 expression relate to prognosis and therapeutic vulnerability. Стромальные фракции анализировались только в subset, поэтому в краткое описание можно добавить, но не считать их отдельной основной группой samples.",Q Exactive HF-X,TMT 11-plex,9533.0,11,126–131N = tumor samples (10 per plex),131C = pooled reference,72.0,72,Median norm; log2 ratio,Gene,Per study,UniProt; RefSeq,2023.0,"Fixed: Carbamidomethyl (C); TMT11 labeling (K, peptide N-terminus). Variable: Oxidation (M).",0.01,result_PDC000585.xlsx,https://pdc.cancer.gov/pdc/study/PDC000585,"Laser microdissection-enriched tumor epithelium increased tumor purity and improved detection of somatic variants, structural variants, and predicted neoepitopes compared with bulk tumor. Bulk mesenchymal subtype calls were strongly affected by stromal admixture and often changed after epithelial enrichment. Longer progression-free survival was associated with immune/TIL-related proteomic signatures. HRD tumors showed enrichment of mitochondrial metabolism and oxidative phosphorylation pathways. HRP tumors showed elevated BMI1; high BMI1 correlated with poorer outcome in HRP tumors, and HRP HGSOC cells were more sensitive to BMI1 inhibitors","Main analytical cohort contains 70 chemo-naive HGSOC tumors, although PDC metadata may include duplicated sample-level entries and non-biological/service entries such as Pool/Withheld. Samples are tumor-only: no healthy controls or precancer samples. The study includes both bulk tumor and laser microdissection-enriched tumor epithelial fractions; stromal fractions were analyzed only in a subset and should not be counted as a separate main sample group. Tumor purity, stromal admixture, immune-cell admixture, and primary versus metastatic site can strongly affect interpretation. Some reported validations use independent cohorts and cell-line BMI1 inhibitor assays, not the primary TMT11 APOLLO-OV proteome cohort",Normalized
PDC,PDC000588,40185092,Proteogenomic characterization of non-functional pancreatic neuroendocrine tumors unravels clinically relevant subgroups,74,0.0,37.0,0.0,37,0.0,41,Well-differentiated non-functional pancreatic neuroendocrine tumor tissue; matched pancreatic solid normal tissue,Tissue,Primary pancreatic tumor tissue; matched pancreatic solid normal tissue,Pancreas,Well-differentiated non-functional pancreatic neuroendocrine tumor,,,,,,Neuroendocrine Neoplasms,Well-differentiated non-functional pancreatic neuroendocrine tumor,TMT16-based global proteome profiling of primary NF-PanNET tumor tissue and matched pancreatic solid normal tissue; MS2 reporter-ion quantification; trypsin digestion; iodoacetamide alkylation; bRPLC/RPLC fractionation; Q Exactive HF-X; DDA-HCD acquisition,"Proteome PhaseII arm of a proteogenomic NF-PanNET discovery study. The usable pancreatic cohort in this PDC part includes paired primary pancreatic neuroendocrine tumors and matched solid normal pancreatic tissue; the broader study integrates genomic, transcriptomic, proteomic and phosphoproteomic data to define molecular subgroups, prognostic proteins and therapeutic vulnerabilities.",Q Exactive HF-X,TMTpro 16-plex,10057.0,16,126–134N = tumor samples (15 per plex),134C = pooled reference,53.0,53,Median norm; log2 ratio,Gene,Per study,UniProt; RefSeq,2023.0,"Fixed: Carbamidomethyl (C); TMT16 labeling (K, peptide N-terminus). Variable: Oxidation (M).",0.01,result_PDC000588.xlsx,https://pdc.cancer.gov/pdc/study/PDC000588,"Integrated proteogenomic analysis of NF-PanNETs identified functional effects of recurrent driver alterations, especially MEN1-related changes; a three-protein prognostic signature; four proteomic/phosphoproteomic molecular subtypes with distinct immune and clinicopathological features; and candidate therapeutic vulnerabilities, including CDK5 and CACNA1D/CACNA4D-related subtype-specific targeting.","PDC000588 is only the Proteome PhaseII part of the broader Cancer Cell 2025 study, not the whole 108-case multi-omic article. PDC lists 53 cases / 94 aliquots, but many samples in the export are Disqualified or Not Reported; for clean pancreatic tumor–normal proteome analysis, use only the non-disqualified pancreatic pairs. The usable tumor samples are well-differentiated pancreatic neuroendocrine tumors, mostly G1/G2, with matched pancreatic solid normal tissue.",Normalized
PDC,PDC000590,40185092,Proteogenomic characterization of non-functional pancreatic neuroendocrine tumors unravels clinically relevant subgroups,230,0.0,115.0,0.0,115,0.0,115,Primary NF-PanNET tumor tissue and matched/adjacent normal pancreatic tissue,Tissue,Pancreas,Pancreas,Non-functional pancreatic neuroendocrine tumor / well-differentiated pancreatic neuroendocrine tumor,,,,,,Neuroendocrine Neoplasms,"Non-functional pancreatic neuroendocrine tumors / NF-PanNETs; mostly well-differentiated pancreatic neuroendocrine tumors, G1–G","TMT11-based global proteome profiling of primary NF-PanNET tumors and matched/adjacent normal pancreatic tissues; isobaric MS2 reporter ion quantitation, 2D-LC-MS/MS, DDA on Q Exactive HF-X","Proteome Phase I discovery cohort for molecular characterization of NF-PanNETs. Dataset includes pancreatic primary tumor and solid tissue normal samples; used to support proteomic stratification, prognostic protein signatures, and therapeutic vulnerability analysis",Q Exactive HF-X,TMT 11-plex,10826.0,11,126–131N = tumor samples (10 per plex),131C = pooled reference,138.0,138,Median norm; log2 ratio,Gene,Per study,UniProt; RefSeq,2023.0,"Fixed: Carbamidomethyl (C); TMT11 labeling (K, peptide N-terminus). Variable: Oxidation (M).",0.01,result_PDC000590.xlsx,https://pdc.cancer.gov/pdc/study/PDC000590,"Proteome profiling of NF-PanNET supports molecular stratification of pancreatic neuroendocrine tumors and helps identify prognosis-associated protein signatures and potential therapeutic vulnerabilities. The broader study description reports proteomic/phosphoproteomic subtype analysis, a three-protein prognostic signature, and candidate targets including CDK5 and CACNA4D.","PDC000590 is Proteome Phase I only. Although the study description mentions genomics, transcriptomics, phosphoproteomics, mouse models, PDOs and xenografts, these are not all contained in this PDC entry. Biospecimens include Primary Tumor and Solid Tissue Normal pancreas samples, plus M1–M23 Not Reported / Other samples. Clinical metadata describe NF-PanNET cases, mostly well-differentiated pancreatic neuroendocrine tumors with grades G1–G3 and stages I–IV, but part of cases have grade/stage/morphology as Not Reported. Some samples are marked Disqualified, so counts should be checked separately for total vs usable samples",Normalized
PRIDE,PXD002004,29367434,Proteomics Profiling of CLL Versus Healthy B-cells Identifies Putative Therapeutic Targets and a Subtype-independent Signature of Spliceosome Dysregulation,16,,13.0,,3,,16,Isolated B-cells (B-cell material) from PBMCs of CLL patients and healthy donors,Tissue,Primary B cells,Blood,Chronic lymphocytic leukaemia (CLL),,,,,,Chronic lymphocytic leukaemia (CLL),"IGHV-mutated, IGHV-unmutated, Trisomy 12, NOTCH1-mutant, SF3B1-mutant, CD38+","Case-control, TMT batch, quantitative proteomics",Discovery-stage study using TMT 10-plex and LC-MS to characterize isolated B-cells from CLL patients and healthy donors to identify disease-specific protein signatures,LTQ-Orbitrap Elite,TMT 10-plex,8694.0,"10-plex A (CLL: 4621, 3999, 2497, 568, 653, 3405, 3156; Healthy donors: HD1, HD2, HD3) 10-plex B (CLL: 2886, 2483, 625, 4140, 1194, 1125, 2459; Healthy donors: HD1, HD2, HD3)",,,17.0,16,SPIQuE (weighted PSM contributions); Regulation score (Rs); Batch effect reduction via bridging controls; platelet protein filtering,Protein,,UniProt,2015.0,"Fixed: Methylthio (C); TMT (K, Protein N-term). Variable: TMT (Y); Oxidation (M); Deamidation (N, Q); Phosphorylation (S, T, Y)",0.01,result_PXD002004.xlsx,https://www.omicsdi.org/dataset/pride/PXD002004,Identified a 544-protein CLL signature and independent spliceosome dysregulation as a therapeutic target,,Not specified
PRIDE,PXD005361,27862958,Nicotine-induced protein expression profiling reveals mutually altered proteins across four human cell lines,5,,2.0,,3,,0,Embryonic kidney (HEK293); Cervical adenocarcinoma (HeLa); Pancreatic stellate cells (RLT-PSC); Bone marrow-derived neuroblastoma (SH-SY5Y),Cell Lines,Kidney; Cervix; Pancreas; Bone marrow,Kidney; Cervix; Pancreas; Bone marrow,Normal; Carcinoma; Normal; Neuroblastoma,HEK293; HeLa; RLT-PSC; SH-SY5Y,Normal; cancer; normal; cancer,Kidney; Cervix; Pancreas; Bone marrow,Normal; Carcinoma; Neuroblastoma,Kidney; Cervix; Pancreas; Bone marrow,,None; Adenocarcinoma; None; Neuroblastoma,"Drug-treatment (Nicotine), TMT 10-plex, SPS-MS3, Multi-cell line comparison Mock-treatment (sterile water); Orbitrap Fusion","The study quantified 8590 proteins across four human cell lines (HEK, HeLa, PaSC, SH-SY5Y), each mock- or nicotine-treated, using TMT 10-plex and SPS-MS3 to profile nicotine-induced proteomic alterations.",Orbitrap Fusion,TMT 10-plex,8590.0,127C; 128C; 126 (130C); 129C,127N; 128N; 129N; 130N; 131 (Nicotine-treated),,10.0,5,Summed reporter ion intensity normalization per channel,,,UniProt,,"Fixed: Carbamidomethyl (C); TMT 10-plex (K, Protein N-term). Variable: Oxidation (M)",0.01,result_PXD005361.xlsx,https://www.omicsdi.org/dataset/pride/PXD005361,"Nicotine increased 31 proteins (e.g., APP, APLP2, LAPTM4B, NCOA4) across all four cell lines; ~40% membrane/signaling; autophagy-related pathways","Excluded from quantification: poor PSMs, MS3 with >8 missing TMT channels, MS3 summed reporter S/N <100, or no MS3. log2_* columns are derived nicotine/mock ratios, not TMT channels.",Normalized summed TMT reporter ion S/N per channel (126-131); protein abundance = sum of reporter counts across PSMs; log2(nicotine/null) per cell line from summed S/N (MS3; Sequest + LDA; 1% protein FDR)
PRIDE,PXD005410,28674419,Isoelectric point-based fractionation by HiRIEF coupled to LC-MS allows for in-depth quantitative analysis of the phosphoproteome,4,,4.0,,0,,0,HeLa human cervix adenocarcinoma cell line; Epithelial cell line; harvested in exponential growth phase,Cell Lines,Cervix,Cervix,Carcinoma,HeLa,Cancer,Cervix,Carcinoma,Epithelial Tissues,Cervix adenocarcinoma,Untreated asynchronous state,"TMT 10-plex non-phospho HiRIEF (pH 3–10), asynchronous untreated HeLa cell line",Non-phospho HiRIEF LC-MS/MS TMT 10-plex dataset on asynchronous untreated HeLa cervix adenocarcinoma cells; from full 10-plex design only 4 untreated channels retained for atlas,Q Exactive,TMT 10-plex,9350.0,126 (Control 1); 127N (Control 2); 127C (Control 3); 128N (Control 4),128C (Pervanadate 1); 129N (Pervanadate 2); 129C (Pervanadate 3); 130N (Mitotic 1); 130C (Mitotic 2); 131 (Mitotic 3),,10.0,4,Reporter ion median normalization per channel,,,UniProt,2017.0,"Fixed: Carbamidomethyl (C); TMT 10-plex (K, Protein N-term). Variable: Oxidation (M)",0.01,result_PXD005410.rar,https://www.omicsdi.org/dataset/pride/PXD005410,"Identified 22,712 phosphorylation sites via HiRIEF, including 1,264 novel sites functional in mitosis",,Not specified
PRIDE,PXD006291,29500430,Discovery of coding regions in the human genome by integrated proteogenomics analysis workflow,17,,0.0,,17,,17,"5 normal tissues (placenta, liver, kidney, tonsil, testis) 17 individual donors (all tissue samples from different individuals)",Tissue,Multiple organs (Tissues),"Multiple organs Placenta, Liver, Kidney, Tonsil, Testis",Normal,,,,,,,,Deep proteogenomics using HiRIEF fractionation and IPAW workflow to discover novel protein-coding regions,"Applied the IPAW proteogenomics workflow to deep proteomics data from an A431 cell line time-course (EGFR inhibitor treatment) and five normal tissues, utilizing HiRIEF fractionation and TMT 10-plex, to discover and validate novel protein-coding regions.",Q Exactive,TMT 10-plex,0.0,126 = placenta (donor_1) 127N = placenta (donor_2) 127C = placenta (donor_3) 128N = liver (donor_4) 128C = liver (donor_5) 129N = kidney (donor_6) 129C = kidney (donor_7) 130N = tonsil (donor_8) 130C = tonsil (donor_9) 131 = pooled standard 126 = tonsil (donor_10) 127C = liver (donor_11) 128N = liver (donor_12) 128C = kidney (donor_13) 129N = kidney (donor_14) 129C = testis (donor_15) 130N = testis (donor_16) 130C = testis (donor_17) 131 = pooled standard,A431 (Gefitinib time course) 126 = control (rep1) 127N = control (rep2) 127C = control (rep3) 128N = 2h (rep1) 128C = 2h (rep2) 129N = 6h (rep1) 129C = 6h (rep2) 130N = 24h (rep1) 130C = 24h (rep2) 131 = 24h (rep3),,27.0,17,Pooled (internal standard) ratio normalization at protein level,Protein,Row (across tissues),Ensembl,2014.0,"Fixed: Carbamidomethyl (C); TMT 10-plex (K, Protein N-term). Variable: Oxidation (M)",0.01,result_PXD006291.xlsx,https://www.omicsdi.org/dataset/pride/PXD006291,"IPAW workflow provided protein-level evidence for translation of pseudogenes, lncRNAs, and AltORFs",,Not specified
PRIDE,PXD006430,28915803,Tartrate-resistant acid phosphatase (TRAP/ACP5) promotes metastasis-related properties via TGFβ2/TβR and CD44 in MDA-MB-231 breast cancer cells,4,,4.0,,0,,0,MDA-MB-231 invasive breast cancer cell line; harvested at equal confluence,Cell Lines,Breast,Breast,Carcinoma,MDA-MB-231,Cancer,Breast,Carcinoma,Epithelial Tissues,Breast cancer,,"Case-control, perturbation (overexpression/knockdown), multi-omics (proteomics/phosphoproteomics), SILAC, TMT batch","Used quantitative SILAC/TMT proteomics and phosphoproteomics, coupled with HiRIEF fractionation, to study molecular changes caused by TRAP overexpression or knockdown in MDA-MB-231 breast cancer cells. TMT 10-plex; HiRIEF (pH 3–10) fractionation",Q Exactive,TMT 10-plex,9848.0,126; 127N; 127C; 128N,128C → TRAP sh2 (Knockdown Replicate 1) — Excluded • 129N → TRAP sh2 (Knockdown Replicate 2) — Excluded • 129C → TRAP sh2 (Knockdown Replicate 3) — Excluded • 130N → TRAP sh3 + 4 (Knockdown Replicate 1) — Excluded • 130C → TRAP sh3 + 4 (Knockdown Replicate 2) — Excluded • 131 → TRAP sh3 + 4 (Knockdown Replicate 3) — Excluded,,10.0,4,Median across channels (protein level),,,UniProt,2016.0,"Fixed: Carbamidomethyl (C); TMT 10-plex (K, Protein N-term). Variable: Oxidation (M)",0.01,result_PXD006430.xlsx,https://www.omicsdi.org/dataset/pride/PXD006430,TRAP/ACP5 promotes breast cancer metastasis by activating TGFβ2/TβR and phosphorylating CD44,,Not specified
PRIDE,PXD006895,30609389,SubCellBarCode: Proteome-wide Mapping of Protein Localization and Relocalization,5,,5.0,,0,,0,"Epidermoid carcinoma (A431), breast cancer (MCF7), glioblastoma (U251), lung cancer (NCI-H322 and HCC827) cell lines",Cell Lines,Multiple organs,Multiple organs,Carcinoma; Adenocarcinoma; Glioblastoma; Carcinoma; Carcinoma,A-431; MCF-7; U-251MG; NCI-H322; HCC827,Cancer; cancer; cancer; cancer; cancer,Skin; Breast; Brain; Lung,Epidermoid carcinoma; Breast adenocarcinoma; Glioblastoma; NSCLC,Epithelial Tissues; Neural,Cancer,Epidermoid carcinoma; Adenocarcinoma; Glioblastoma; Non-small cell lung cancer,Subcellular fractionation (5 fractions); TMT 10-plex labeling; HiRIEF peptide fractionation; LC-MS/MS; SVM-based classification,Developed a method using subcellular fractionation and TMT quantitative proteomics to map subcellular localization across five cancer cell lines and analyze protein relocalization after EGFR inhibition.,Q Exactive HF,TMT 10-plex,10859.0,• 126; 127N: A431 (Replicate A; B) • 127C; 128N: MCF7 (Replicate A; B) • 128C; 129N: U-251 (Replicate A; B) • 129C; 130N: NCI-H322 (Replicate A; B) • 130C; 131: HCC827 (Replicate A; B),"126–131 HCC827 subcellular fractions (5×2) Gefitinib 2.5 µM, 2h drug-treated cancer fila HCC827gef_protein_table_symbolcentric and amount table of 5 fraction | Cell line | Organ | System | | --------- | ---------------------- | ------------- | | A431 | Skin (Epidermis) | Integumentary | | MCF7 | Breast (Mammary gland) | Reproductive | | U-251 | Brain (Cerebrum) | CNS | | NCI-H322 | Lung | Respiratory | | HCC-827 | Lung | Respiratory |",,7.0,5,Normalized to sample median,,,Ensembl,2014.0,"Fixed: Carbamidomethyl (C); TMT 10-plex (K, Protein N-term). Variable: Oxidation (M)",0.01,result_PXD006895.xlsx,https://www.omicsdi.org/dataset/pride/PXD006895,"SubCellBarCode atlas of 12,418 proteins revealed large-scale protein relocalization (e.g. GRB2) upon EGFR inhibition",,Not specified
PRIDE,PXD008378,29439554,Pilot Study on Mass Spectrometry Based Analysis of the Proteome of CD34+CD123+ Progenitor Cells for the Identification of Potential Targets for Immunotherapy in Acute Myeloid Leukemia,10,,5.0,,5,,10,FACS-sorted CD34+CD123+ leukemic and normal hematopoietic progenitor cells,Tissue,Hematopoietic progenitor cells,Blood; Bone marrow,Acute Myeloid Leukemia (AML),,,,,,Acute Myeloid Leukemia (AML),"The AML group is clinically heterogeneous: it includes FAB M1, FAB M4, FAB M5, and one secondary AML case transformed from CMML. Because only five AML cases were analyzed, subtype-specific proteomic conclusions are not supported.",Case-control; TMT 10-plex; cellular fractionation (cytosolic vs membrane),TMT 10-plex quantitative proteomics on FACS-sorted CD34+CD123+ progenitors with cytosolic and membrane fractions,Q Exactive HF,TMT 10-plex,2070.0,DON_004 — donor — TMT-126 DON_005 — donor — TMT-127N DON_012 — donor — TMT-127C DON_013 — donor — TMT-128N DON_011 — donor — TMT-128C AML_037 — AML (FAB M5) — TMT-129N AML_033 — AML (FAB M4) — TMT-129C AML_036 — AML (sAML from CMML) — TMT-130N AML_044 — AML (FAB M1) — TMT-130C AML_049 — AML (FAB M1) — TMT-131,,,10.0,10,Median normalized; log2-transformed reporter ion intensities,,,UniProt,2017.0,Fixed: Carbamidomethyl (C); TMT 6-plex (K). Variable: TMT 6-plex (Protein N-term); Oxidation (M),0.05,result_PXD008378.xlsx,https://www.omicsdi.org/dataset/pride/PXD008378,CD34+CD123+ AML progenitors show upregulation of Rho GTPase signaling and actin cytoskeleton reorganization,,Median-normalized; log2-transformed TMT reporter ion intensities
PRIDE,PXD010557,33910018,Erosion of human X chromosome inactivation causes major remodeling of the iPSC proteome,135,,0.0,,135,,120,Human induced pluripotent stem cells (iPSCs) derived from adult fibroblasts,Cell Lines,Skin (Original source: primary skin fibroblasts),,Normal,HipSci iPSC panel (HPSIxxxx lines),,Skin (fibroblast-derived),Normal,Fibroblast-derived pluripotent stem cells,Normal population cohort,No cancer disease,Parallel RNA-seq and Proteomic analysis of female iPSCs stratified by XIST expression (High vs. Low) and compared with male lines,"Quantitative proteomics analyzed 120 human iPSC lines (TMT 10-plex, SPS-MS3) stratified by XIST RNA levels, demonstrating that erosion of X-chromosome inactivation leads to a global increase in protein synthesis and total protein levels.",Orbitrap Fusion,TMT 10-plex,8908.0,HPSIXXXXi.clone = HPSI0114i vabj_3; rozh_5; iisa_1; iisa_3; kolf_2 HPSI0115i iiyk_4; iiyk_2; qoog_4; hecn_6; aion_3; vazt_2 HPSI0214i poih_4; poih_2; kucg_2 HPSI0215i fawm_2; fawm_4; yoch_6 HPSI0216i aiid_6; vieg_3; vieg_5; dacv_6 HPSI0314i sojd_3; fafq_1 HPSI0316i qeti_2; qeti_1 HPSI0413i corn_1; yotv_2 HPSI0414i sebn_3; sebn_4; seru_7; seru_1; oikd_5; oikd_2; xojn_3; oaqd_3; oaqd_2; cekz_1; fixm_2; oulr_2 HPSI0513i uoxz_4; oibg_1; giuf_1; fejf_2; oarz_22 HPSI0514i kuco_1; toco_5; sohd_3; puie_5; puie_4; naah_4; letw_1; qajt_2; qajt_5; tavh_2 HPSI0613i febc_1; xavk_3; bawa_1; nukw_1; hegp_3; zisa_33; ueah_1; bohf_1; giuo_5 HPSI0614i lepk_1; lepk_4; ciwj_2; ciwj_1; liqa_1; liqa_6; paab_3; paab_4; fovu_2; fovu_5; miaj_4; miaj_6; denw_6; lipl_5; lipl_2 HPSI0713i aehn_22; aehn_2; terl_1 HPSI0714i iudw_1; iudw_4; keui_4; nufh_3; nufh_4; kute_4; xiry_5; xiry_1 HPSI0715i zaie_1; zaie_5; aowh_2; meue_4 HPSI0813i aizi_3; aizi_1; vajx_2 HPSI0913i eika_2 HPSI0914i zerv_7; zerv_8; gine_2; jejf_3; jejf_2; kajh_3; kajh_2; laey_6; laey_4; iezw_2; ouvb_2; suop_2 HPSI1013i yemz_3; yemz_1; kuxp_1; pamv_1; zagm_1 HPSI1014i tixi_4; nosn_6; tuju_1; tuju_4; qayj_4; qayj_3; babz_3; sehl_6; roug_3; quls_2 HPSI1113i wahn_2; wahn_1; nibo_3; hayt_3; hayt_1; qorq_2 HPSI1114i ualf_2 HPSI1213i xuja_2; tolg_6; tolg_4,,,135.0,135,"Proteomic ruler"" approach (estimation of copy numbers without spike-ins) and batch correction",,,UniProt,2018.0,Fixed: Carbamidomethyl (C). Variable: Oxidation (M); Acetylation (Protein N-term); Deamidation (NQ); Gln (pyro-Glu) (Protein N-term),0.01,result_PXD010557.xlsx,https://www.omicsdi.org/dataset/pride/PXD010557,"XCI erosion causes 27% increase in X-linked proteins and 13% increase in total protein via upregulated translation factors EIF1AX, EIF2S3","Not a cancer dataset. The study uses normal human iPSC lines derived from skin fibroblasts and focuses on X chromosome inactivation erosion, XIST expression, dosage compensation, and global translation remodeling. TMT channel assignments are not clear from the pasted metadata and should not be over-interpreted without the original metadata/result table.",Protein-group-level quantification; proteomic ruler-based scaling using histone signal as an internal standard; batch correction for each TMT experiment
PRIDE,PXD010744,31011308,Quantitative proteomic analysis of prostate tissue specimens identifies deregulated protein complexes in primary prostate cancer,27,,18.0,,9 adjacent normal prostate controls,,27,Human prostate tissue (epithelial cell purity ≥ 60%),Tissue,Prostate,Prostate,Prostate adenocarcinoma,,,,,,Prostate cancer (PCa),Low-grade (Gleason score 6) and High-grade (Gleason score 8 or 9);,"Sample annotation from Additional file 2, Table S1: 9 PCa-adjacent normal prostate controls, 9 low-grade PCa samples, and 9 high-grade PCa samples with tumor content, age, Gleason score, surgery year, and histological epithelial/stromal cell percentages.","TMT-SPS-MS3 quantitative proteomics combined with differential expression and co-regulation analyses Comparison of protein complexes in normal, low-grade, and high-grade PCa specimens using 10-plex TMT labeling and high-pH LC fractionation on an Orbitrap Fusion Lumos",Orbitrap Fusion Lumos,TMT 10-plex,5562.0,Reporter count tmt sample class count 0 126 Pool pooled count 1 127N N7 normal count 2 127C N8 normal count 3 128N N9 normal count 4 128C LG7 low-grade count 5 129N LG8 low-grade count 6 129C LG9 low-grade count 7 130N HG7 high-grade count 8 130C HG8 high-grade count 9 131 HG9 high-grade,,,27.0,27,"Protein ratios against the internal standard (TMT126 channel) were computed and then log2-transformed. For each sample, the log2-transformed ratios were normalized against the Tukey’s bi-weight mean, which calculates a robust average that is unaffected by outliers, with the assumption that most identified cellular proteins are not significantly differentially expressed across the samples",Protein,Within individual CORUM (v3.0) complexes,UniProt,2018.0,"Fixed: Carbamidomethyl (C). Variable: TMT 10-plex (K, Protein N-term); Acetylation (Protein N-term); Deamidation (N, Q); Oxidation (M, P)",0.01,result_PXD010744.xlsx,https://www.omicsdi.org/dataset/pride/PXD010744,"Integrin cell-adhesion protein complexes were downregulated in both low-grade and high-grade PCa compared with adjacent normal prostate, while Prothymosin alpha complexes were upregulated in high-grade PCa. Co-regulation analysis additionally showed increased assembly of RNA-splicing complexes in low-grade PCa and mitochondrial complex I subcomplexes in high-grade PCa.","Samples LG1, N5, and HG9 were excluded as outliers before differential statistical analysis.",RAW
PRIDE,PXD010779,30617155,Quantitative Mass Spectrometry to Interrogate Proteomic Heterogeneity in Metastatic Lung Adenocarcinoma and Validate a Novel Somatic Mutation CDK12-G879V,1,,1.0,,0,,1,Metastatic Lung Adenocarcinoma Tumor tissue (Lung and Lymph Nodes),Tissue,Lung,Lung; Lymph nodes,Metastatic Adenocarcinoma,,,,,,Lung adenocarcinoma (LUAD),Metastatic LUAD; exceptional responder,Longitudinal and spatial analysis (7 years); TMT 10-plex; LC-MS/MS; TiO2 phosphopeptide enrichment,Characterization of tumor heterogeneity across 9 metastatic sites collected over 7 years from a single patient using proteomic and phosphoproteomic profiling,LTQ-Orbitrap Elite,TMT 10-plex,4061.0,Канал Биосемпл Орган/контекст Время Фенотип 126 Pool mix из всех 9 — Reference 127N LN1 Lymph node May 2011 Cancer 127C Lung Lung metastasis Nov 2011 Cancer 128N LN2 Lymph node Nov 2013 Cancer 129N MET1 Autopsy LN1 Feb 2015 Cancer 129C MET2 Autopsy LN2 Feb 2015 Cancer 130N MET3 Autopsy LN3 Feb 2015 Cancer 130C MET4 Autopsy LN4 Feb 2015 Cancer 131 MET5 Autopsy LN5 Feb 2015 Cancer,128C PDX Xenograft (LN) Sep 2014 Cancer,,1.0,1,Relative ratios of each channel to the reference pool,,,RefSeq,2017.0,"Fixed: Carbamidomethyl (C). Variable: Phosphorylation (S, T, Y); Deamidation (N, Q); Oxidation (M); Acetylation (Protein N-term)",0.01,result_PXD010779.xlsx,https://www.omicsdi.org/dataset/pride/PXD010779,Validated CDK12-G879V mutation as a driver of exceptional chemotherapy sensitivity in metastatic lung cancer,,Not specified
PRIDE,PXD010846,30778261,"Data Descriptor: A dynamic view of the proteomic landscape during differentiation of ReNcell VM cells, an immortalized human neural progenitor line",1,,0.0,,1,,0,"Immortalized human neural progenitor cell line (hNPCs) derived from the ventral mesencephalon of the developing human brain; differentiates into a mixed population of neurons, astrocytes, and oligodendrocytes",Cell Lines,Brain,Brain,Normal,ReNcell VM (RRID:CVCL_E921),Normal,Brain,Normal,Neural,,,"Time-course (10 points); replicate design ReNcell VM neural progenitors differentiate into a functional mixed population of neurons, astrocytes, and oligodendrocytes over a 15-day period following growth factor withdrawal. This maturation process transitions through three distinct stages, culminating in the development of complex neurite networks and the expression of synaptic markers","Proteomic and phosphoproteomic landscape of neural differentiation into neurons, astrocytes, and oligodendrocytes over 15 days",Orbitrap Fusion Lumos,TMT 10-plex,8000.0,126 → Day0 127N → Day0.25 127C → Day1 128N → Day2 128C → Day3 129N → Day4 129C → Day7 130N → Day10 130C → Day14 131 → Day15 10 channels (126–131) × 2 biological sets,,PhosphoMS_baseline.xlsx Phosphopeptides were then subjected to TMT labelling. Phosphotyrosine-containing peptides were enriched using a p-Tyr- 1000 rabbit antibody.,0.0,1,Sum-normalization + median scaling (per set); relative to Day 0,Protein,Within-set,UniProt,2014.0,"Fixed: Carbamidomethyl (C). Variable: Oxidation (M); Phosphorylation (S, T, Y)",0.01,result_PXD010846.xlsx,https://www.omicsdi.org/dataset/pride/PXD010846,"Mapped 8,876 proteins and ~6,800 phospho-sites during 15-day neural differentiation; defined early/mid/late stages.",CHECK: Used N > Original N,Not specified
PRIDE,PXD011456,30846556,Global analysis of methionine oxidation provides a census of folding stabilities for the human proteome,1,,0.0,,0,,0,Human diploid fibroblasts (HCA2-hTert),Cell Lines,Skin,Skin,,HCA2-hTert,Normal,Skin,Normal,Connective Tissue,,,"HR-SPROX (High-Resolution Stability of Proteins from Rates of Oxidation + GdmCl 126 = 0M, no H₂O₂ (blank) 127N = 0M + H₂O₂ (baseline Met oxidation) 127C = 0.125M + H₂O₂ 128N = 0.5M + H₂O₂ 128C = 0.875M + H₂O₂ 129N = 1.25M + H₂O₂ 129C = 1.625M + H₂O₂ 130N = 2.0M + H₂O₂ 130C = 2.375M + H₂O₂ 131 = 2.75M + H₂O₂","TMT-10 multiplex quantification of methionine oxidation across 30 denaturation conditions to infer ΔG_folding for >10,000 peptides from fibroblast lysate.",Orbitrap Fusion Lumos,TMT 10-plex,3260.0,"126 = 0M, no H₂O₂ (blank reference) 127N = 0M + H₂O₂ (baseline oxidation)",(GdmCl gradient + H₂O₂): 127C = 0.125 M 128N = 0.5 M 128C = 0.875 M 129N = 1.25 M 129C = 1.625 M 130N = 2.0 M 130C = 2.375 M 131 = 2.75 M,Set 2 3 4 no data,1.0,1,Internal channel normalization to 126 (blank,,,UniProt,2017.0,"Fixed: Carbamidomethyl (C); TMT 10-plex (K, Protein N-term). Variable: Oxidation (M)",0.01,result_PXD011456.xlsx,https://www.omicsdi.org/dataset/pride/PXD011456,"Measured folding stabilities for ~10,000 domains",,Not specified
PRIDE,PXD012173,31848187,The Proteomic Landscape of Pancreatic Ductal Adenocarcinoma Liver Metastases Identifies Molecular Subtypes and Associations with Clinical Response,68,,6.0,59.0,9,,68,"Pancreatic ductal adenocarcinoma (PDAC) liver metastases tissue, corresponding tumor-adjacent tissues, Pancreatic Neuroendocrine Tumors (PanNET)",Mixed,Liver metastases; matched primary tumor; tumor-adjacent liver,Liver; Pancreas,Pancreatic ductal adenocarcinoma; Pancreatic neuroendocrine tumor,MIA PaCa-2; Panc10.05,Cancer; cancer,Pancreas,Pancreatic ductal adenocarcinoma,Epithelial Tissues,Pancreatic ductal adenocarcinoma,Liver metastases,Quantitative TMT-based proteomics; PCA-based molecular subtyping; survival regression; in vitro gemcitabine resistance study with shRNA knockdown,"Used TMT 10-plex quantitative proteomics on 59 metastatic tumor and adjacent tissue samples to identify PDAC molecular subtypes and assess their correlation with clinical response, using cell lines for validation. All patients Metabolic Progenitor-like Proliferative Inflammatory Number of patients 56 7 21 11 17 Gender  Male 39 6 10 9 14 Female 17 1 11 2 3 Age (+/− SEM) 66.2 (1.5) 64.1 (5.5) 66.6 (2.7) 68.3 (3.8) 65.1 (1.9) Survival days (+/− SEM) 333.1 (41.6) 283.4 (88.1) 362.8 (94.7) 252.5 (47.8) 369.0 (56.4) Stage at diagnosis  IB 1 0 1 0 0 IIA 1 0 1 0 0 IIB 11 2 2 2 5 III 5 0 1 1 3 IV 37 5 15 8 9",LTQ Orbitrap Velos,TMT 10-plex,3960.0,127N; 127C; 128N; 128C; 129N; 129C; 130N; 130C; 131,NA (not given as a fixed channel-pair scheme; Table S2 provides per-batch sample↔tag mapping),,68.0,68,,,,,2017.0,Fixed: Carbamidomethyl (C); TMT 6-plex (Protein N-term). Variable: Oxidation (M),0.01,result_PXD012173.xlsx,https://www.omicsdi.org/dataset/pride/PXD012173,Defined 4 molecular subtypes of PDAC liver metastases; SHMT1 levels linked to gemcitabine resistance,"Only normalized values (log2-ratios/normalized intensities per TMT channels + averages/p-values), no raw TMT reporter ion intensities",Log-transformed
PRIDE,PXD012845,30840888,APOBEC Mutagenesis and Copy-Number Alterations Are Drivers of Proteogenomic Tumor Evolution and Heterogeneity in Metastatic Thoracic Tumors,36,,36.0,,0,,5,"Metastatic tumor tissue (Lung adenocarcinoma (LUAD) and Thymic Carcinoma (TC)) collected through rapid autopsy, harvested from multiple organs",Tissue,Lung,Lung; liver; kidney; bone; lymph node; adrenal; pleura; spleen; pancreas; thymus,Metastatic lung adenocarcinoma;metastatic lung adenocarcinoma;metastatic lung adenocarcinoma;metastatic lung adenocarcinoma;metastatic lung adenocarcinoma;metastatic lung adenocarcinoma;metastatic lung adenocarcinoma;metastatic lung adenocarcinoma;metastatic lung adenocarcinoma;metastatic thymic carcinoma,,,,,,"Thoracic malignancies (LUAD, TC)",Metastatic LUAD/TC,RA000: Lung(L); Pleura(PL); Liver(Li); Kidney(K); Adrenal(Ad); Lymph node(LN) RA003: Lung(L); Pleura(PL); Liver(Li); Pancreas(Pa); Bone(Bo); Lymph node(LN) RA004: Lung(L); Pleura(PL); Kidney(K); Liver(Li); Bone(Bo); Spleen(Sp); Lymph node(LN) RA005: Lung(L); Pleura(PL); Liver(Li); Bone(Bo); Lymph node(LN) RA006: Thymus(Th); Lung(L); Liver(Li); Lymph node(LN); Bone(Bo),"Integrated exome, transcriptome, CNA, and quantitative proteomics (TMT 10-plex) analyses of 36 metastatic tumors from 5 patients with thoracic malignancies acquired through rapid autopsy to characterize multi-dimensional heterogeneity drivers (APOBEC mutagenesis, CNAs).",LTQ-Orbitrap Elite,TMT 10-plex,3040.0,126=pooled metastatic tumor reference (LUAD+thymic carcinoma; lung+liver+bone+lymph node+kidney+adrenal);127N=RA000 LUAD metastatic lesion (lung+liver+bone+lymph node);127C=RA003 LUAD metastatic lesion (lung+bone+lymph node);128N=RA004 LUAD metastatic lesion (lung+liver+kidney+lymph node);128C=RA005 LUAD metastatic lesion (lung+bone+lymph node);129N=RA006 thymic carcinoma metastatic lesion (lung+liver+kidney+bone+lymph node+adrenal);129C=RA000 LUAD metastatic lesion (lung+liver+bone+lymph node);130N=RA003 LUAD metastatic lesion (lung+bone+lymph node);130C=RA004 LUAD metastatic lesion (lung+liver+kidney+lymph node);131=RA005 LUAD metastatic lesion (lung+bone+lymph node),,,36.0,36,TMT reference channel normalization (126) followed by per-plex median centering,,,UniProt,2013.0,Fixed: Carbamidomethyl (C). Variable: Oxidation (M); Acetyl (Protein N-term),0.01,result_PXD012845.xlsx,https://www.omicsdi.org/dataset/pride/PXD012845,Identified APOBEC mutagenesis and late CNAs as key mechanisms driving proteogenomic evolution and heterogeneity in metastases.,,Not specified
PRIDE,PXD013024,31406256,Proteomics identifies neddylation as a potential therapy target in small intestinal neuroendocrine tumors,1,,1.0,,0,,0,CNDT2 small intestinal neuroendocrine tumor (SI-NET) cell line,Cell Lines,,Small intestine,Neuroendocrine tumor (SI-NET),CNDT2,Cancer,Small intestine,Neuroendocrine tumor (SI-NET),Epithelial Tissues,Small intestinal neuroendocrine tumor,Neddylation-dependent SI-NET phenotype,"Drug perturbation (proteasome + neddylation inhibition) in CNDT2 cell line, TMT10",TMT10 HiRIEF-LC-MS proteomics on CNDT2 cell line treated with Bortezomib and Bortezomib+Pevonedistat for 12h vs untreated controls,Q Exactive,TMT 10-plex,6500.0,"Control (126,127N,127C,128N)","Vs Bortezomib (128C,129N,129C) vs Bortezomib+Pevonedistat (130N,130C,131)",Part 1 and 2,3.0,1,Reporter-ion median normalization per channel (OpenMS IsobaricAnalyzer10) 126,,,Ensembl,2019.0,"Fixed: Carbamidomethyl (C); TMT 10-plex (K, Protein N-term). Variable: Oxidation (M)",0.01,result_PXD013024.xlsx,https://www.ebi.ac.uk/pride/archive/projects/PXD013024,X-chromosome inactivation erosion leads to a 13% increase in cell protein mass via hyperactive ribosome biogenesis,,Not specified
PRIDE,PXD013284,31849937,TcellSubC: An Atlas of the Subcellular Proteome of Human T Cells,3,,0.0,6.0,3,,3,Primary human CD4+CD25− T cells isolated from PBMCs,Tissue,Primary T cells,Blood,,,,,,,,,Time-course TCR stimulation (ctrl; 15 min; 60 min); subcellular fractionation (cytosol; membrane; nucleus); TMT 10-plex; HiRIEF,"Subcellular TMT-based proteomic profiling of primary human CD4+CD25− T cells under TCR stimulation to identify treatment-induced protein relocalization DONOR 1 (TMT10) 126 → cyto_Ctrl_donor1 (cytosol, ctrl/untreated) 127N → cyto_15_donor1 (cytosol, 15 min TCR stimulation) 127C → cyto_60_donor1 (cytosol, 60 min TCR stimulation) 128N → mem_Ctrl_donor1 (membrane, ctrl/untreated) 128C → mem_15_donor1 (membrane, 15 min TCR stimulation) 129N → mem_60_donor1 (membrane, 60 min TCR stimulation) 129C → nuc_Ctrl_donor1 (nucleus, ctrl/untreated) 130N → nuc_15_donor1 (nucleus, 15 min TCR stimulation) 130C → nuc_60_donor1 (nucleus, 60 min TCR stimulation) 131 → IS_donor1 (pooled internal standard; logistic/normalization channel) DONOR 2 (TMT10) 126 → cyto_Ctrl_donor2 127N → cyto_15_donor2 127C → cyto_60_donor2 128N → mem_Ctrl_donor2 128C → mem_15_donor2 129N → mem_60_donor2 129C → nuc_Ctrl_donor2 130N → nuc_15_donor2 130C → nuc_60_donor2 131 → IS_donor2 (pooled internal standard) DONOR 4 (TMT10) 126 → cyto_Ctrl_donor4 127N → cyto_15_donor4 127C → cyto_60_donor4 128N → mem_Ctrl_donor4 128C → mem_15_donor4 129N → mem_60_donor4 129C → nuc_Ctrl_donor4 130N → nuc_15_donor4 130C → nuc_60_donor4 131 → IS_donor4 (pooled internal standard)",Q Exactive,TMT 10-plex,6572.0,126 → cyto_Ctrl 128N → mem_Ctrl 129C → nuc_Ctrl,15 MIN 127N → cyto_15 128C → mem_15 130N → nuc_15 60 MIN 127C → cyto_60 129N → mem_60 130C → nuc_60,131 → IS (internal pooled standard),,,131 (internal pooled standard; normalization )TMT reporter ion ratios normalized to pooled internal standard (channel 131); median normalization,,,Ensembl,2015.0,"Fixed: Carbamidomethyl (C); TMT 10-plex (K, Protein N-term). Variable: Oxidation (M)",0.01,result_PXD013284.xlsx,https://www.omicsdi.org/dataset/pride/PXD013284,"TcellSubC atlas identified 237 proteins (e.g., NFATC2, C3) that rapidly translocate upon TCR stimulation",,Not specified
PRIDE,PXD013408,32576205,Quantitative phosphoproteomics reveals extensive phosphorylation dynamics in Hedgehog-driven medulloblastoma,12,,3.0,9.0,0,,0,Human medulloblastoma cell line DAOY,Cell Lines,Medulloblastoma cell line,Brain,Medulloblastoma,Daoy,Cancer,Brain,Medulloblastoma,Neural,Medulloblastoma,Sonic Hedgehog–driven,"Time-course (5 min, 15 min); drug-treatment (SAG, vismodegib); TMT-based quantitative phosphoproteomics","TMT-based phosphoproteomics of DAOY medulloblastoma cells treated with Smoothened agonist SAG or inhibitor vismodegib, with DMSO control and pooled EGF reference, at 5 and 15 min to characterize early Hedgehog signaling",Q Exactive HF,TMT 10-plex,7000.0,"Abundance_1 126 DMSO, cancer, biological replicate 1 abundance_2 127N DMSO, cancer, biological replicate 2 abundance_3 127C DMSO, cancer, biological replicate 3","Abundance_4 128N SAG, cancer treated, biological replicate 1 abundance_5 128C SAG, cancer treated, biological replicate 2 abundance_6 129N SAG, cancer treated, biological replicate 3 abundance_7 129C Vismodegib, cancer treated, biological replicate 1 abundance_8 130N Vismodegib, cancer treated, biological replicate 2 abundance_9 130C Vismodegib, cancer treated, biological replicate 3","131 = pooled EGF (5+15 min, cross-time reference)",18.0,3,Proteome-based median normalization (pH8 global proteome) 131 = pooled EGF (cross-time reference),,,UniProt,2018.0,"Fixed: Carbamidomethyl (C); TMT (K, Protein N-term). Variable: Oxidation (M)",0.01,result_PXD013408.xlsx,https://www.omicsdi.org/dataset/pride/PXD013408,"TMT phosphoproteomics of DAOY medulloblastoma cells: rapid phosphorylation dynamics in Hedgehog signaling. 7,696 phosphosites (5 min), 9,976 (15 min). PKA, ERK/MAPK, mTOR, JAK/STAT, PTEN/PI3K-AKT differential regulation",,Not specified
PRIDE,PXD014186,31792063,Phenotypic proteomic profiling identifies a landscape of targets for circadian clock modulating compounds,10,,8.0,,2,,0,U2OS osteosarcoma cells,Cell Lines,Bone,Bone,Sarcoma,U2OS; Per2-dLuc U2OS; Bmal1-dLuc U2OS,Cancer; cancer; cancer,Bone,Sarcoma,Connective Tissue,Osteosarcoma,,"Drug-treatment, Case-control, Multi-omics (Proteomics, Phosphoproteomics, Kinome profiling, TPP), TMT 10-plex batch TMT Channels : DMSO; Longdaysin; Roscovitine; SP600125","This study used Phenotypic Proteomic Profiling (PPP), combining quantitative proteomics, phosphoproteomics, kinome mapping, and TPP with TMT 10-plex labeling in U2OS cells, to identify molecular targets and mechanisms of action for four circadian period-lengthening compounds. PPP approach for circadian clock drug MoA in U2OS cells",Orbitrap Fusion,TMT 10-plex,6000.0,Experiment Condition Replicate Exp 1 DMSO (контроль) Rep 1 Exp 2 DMSO (контроль) Rep 2,Exp 3 Longdaysin Rep 1 Exp 4 Longdaysin Rep 2 Exp 5 Roscovitine Rep 1 Exp 6 Roscovitine Rep 2 Exp 7 SP600125 Rep 1 Exp 8 SP600125 Rep 2,,2.0,6,Internal TPP normalization,,,UniProt,2018.0,Fixed: Carbamidomethyl (C). Variable: Oxidation (M); Acetylation (Protein N-term),0.01,result_PXD014186.xlsx,https://www.omicsdi.org/dataset/pride/PXD014186,"Identified kinases (CKId, ERK1/2, MST4) as convergent targets for compounds that lengthen the circadian period",CHECK: Used N > Original N,Not specified
PRIDE,PXD015359,32302559,Cell-Surface Proteomics Identifies Differences in Signaling and Adhesion Protein Expression between Naive and Primed Human Pluripotent Stem Cells,7,,0.0,0.0,7,,0,Cell Type Detailed Cell-surface associated proteins from naive and primed human pluripotent stem cells (H9),Cell Lines,Human pluripotent stem cells,,,H9,,,Normal,Embryonic stem cell,,Embryonic stem cells,"Case–control, TMT labeling, Plasma membrane profiling",Plasma membrane profiling combined with TMT-based quantitative proteomics quantified 1715 cell-surface proteins and revealed state-specific differences between naive and primed H9 human pluripotent stem cells,Orbitrap Fusion Lumos,TMT 10-plex,1715.0,Comparison naive (N1–N3),"Primed (P1A,P2A,P1E,P2E)",,7.0,3,RRollup (InfernoRDN) + LIMMA,,,UniProt,2017.0,"Fixed: Carbamidomethyl (C); TMT (K, Protein N-term). Variable: Oxidation (M)",0.01,result_PXD015359.xlsx,https://www.omicsdi.org/dataset/pride/PXD015359,Naive hPSC show enrichment of cytokine receptors and JAK-STAT3 signaling; primed hPSC enriched in RTK and adhesion pathways,"Two files: 1) All - complete protein list with contaminants, not main result. 2) Plasma membrane - filtered subset ~1715 proteins for conclusions",Not specified
PRIDE,PXD016192,32071147,Tandem Mass Tag Approach Utilizing Pervanadate BOOST Channels Delivers Deeper Quantitative Characterization of the Tyrosine Phosphoproteome,11,,0.0,11.0,0,,0,Jurkat E6.1 T cells (TCR-stimulated); Jurkat E6.1 T cells (Pervanadate-treated),Cell Lines,T cells,Blood,T-cell leukemia,Jurkat E6.1,Cancer; cancer,Blood; Bone marrow,Leukemia,Blood; Lymphoid Cells,Leukemia,T-cell Acute Lymphoblastic Leukemia; T-cell Acute Lymphoblastic Leukemia,TMT 11-plex BOOST methodological design; TCR stimulation experiment; pervanadate BOOST experiment,Phosphotyrosine proteomics of TCR-stimulated Jurkat E6.1 cells; pervanadate-treated Jurkat E6.1 cells used as BOOST channels for selective MS/MS triggering,Orbitrap Fusion,TMT 11-plex,5154.0,0,"Experimental (TCR-stimulated Jurkat E6.1) 126 → Jurkat E6.1, TCR-stimulated, 0.1 mg protein 127N → Jurkat E6.1, TCR-stimulated, 0.1 mg 127C → Jurkat E6.1, TCR-stimulated, 0.1 mg 128N → Jurkat E6.1, TCR-stimulated, 0.3 mg 128C → Jurkat E6.1, TCR-stimulated, 0.3 mg 129N → Jurkat E6.1, TCR-stimulated, 0.3 mg 129C → Jurkat E6.1, TCR-stimulated, 1.0 mg 130N → Jurkat E6.1, TCR-stimulated, 1.0 mg 130C → Jurkat E6.1, TCR-stimulated, 1.0 mg","131N → Jurkat E6.1, pervanadate-treated (PV), 1.0 mg → BOOST 131C → Jurkat E6.1, pervanadate-treated (PV), 1.0 mg → BOOST",11.0,0,,,,UniProt,2017.0,"Fixed: Carbamidomethyl (C). Variable: Oxidation (M); Phosphorylation (S, T, Y)",0.01,result_PXD016192.xlsx,https://www.omicsdi.org/dataset/pride/PXD016192,BOOST strategy achieved up to 6.3-fold increase in pTyr quantitation depth,All samples with treatment. Channels 126-130C (9 samples) Jurkat E6.1 TCR-stimulation; 131N-131C (2 samples) Pervanadate (BOOST),Not specified
PRIDE,PXD016563,32132230,Quantitative Profiling of the Human Substantia Nigra Proteome from Laser-capture Microdissected FFPE Tissue,15,,0.0,0.0,15,,15,Dopaminergic neurons (neuromelanin-positive substantia nigra),Tissue,Substantia nigra tissue,Brain,,,,,,,,Healthy donors,Baseline human tissue proteome; laser-capture microdissection; multi-batch TMT quantitative profiling,Quantitative reference proteome of human substantia nigra dopaminergic neurons from 15 healthy donors,Orbitrap Fusion,TMT 10-plex,5677.0,Donor 1 = 4 replicates Donor 2 = 4 replicates Donor 3 = 4 replicates Donor 4 = 6 replicates Donor 5 = 7 replicates Donor 6 = 4 replicates Donor 7 = 2 replicates Donor 8 = 2 replicates Donor 9 = 2 replicates Donor 10 = 2 replicates Donor 11 = 1 replicate Donor 12 = 2 replicates Donor 13 = 2 replicates Donor 14 = 2 replicates Donor 15 = 2 replicates,,,15.0,15,Median normalization + batch normalization,,,UniProt,2018.0,"Fixed: Carbamidomethyl (C). Variable: Oxidation (M); Deamidation (NQ); Acetyl (Protein N-term); Formyl (K); Methyl (K,R); TMT (K, N-term)",0.01,result_PXD016563.xlsx,https://www.omicsdi.org/dataset/pride/PXD016563,Baseline neuronal proteome of human substantia nigra (reference dataset),,Not specified
GTEx,PXD016999,32916130,A Quantitative Proteome Map of the Human Body,201,,201.0,,201,,14,32 normal human tissues covering all major organs. 201 unique biological samples (from 420 total mass spectrometry runs including technical replicates),Tissue,Normal human tissues,Adrenal Gland; Artery Aorta; Artery Coronary; Artery Tibial; Brain Cerebellum; Brain Cortex; Breast Mammary Tissue; Colon Sigmoid; Colon Transverse; Esophagus Gastroesophageal Junction; Esophagus Mucosa; Esophagus Muscularis; Heart Atrial Appendage; Heart Left Ventricle; Liver; Lung; Minor Salivary Gland; Muscle Skeletal; Nerve Tibial; Ovary; Pancreas; Pituitary; Prostate; Skin Not Sun Exposed Suprapubic; Skin Sun Exposed Lower leg; Small Intestine Terminal Ileum; Spleen; Stomach; Testis; Thyroid; Uterus; Vagina,Normal,,,,,,Normal,Normal,Quantitative proteome profiling of 32 healthy tissues using TMT 10plex/MS3 mass spectrometry matched with RNA-seq (GTEx v8) data from the same tissue specimens,"A comprehensive quantitative human proteome map quantifying proteins from >12,000 genes across 32 tissues, revealing insights into protein/RNA discordance, metabolism, secretome, and the molecular basis of genetic diseases",Orbitrap Fusion,TMT 10-plex,12627.0,Run1: 126=reference; 127N=Muscle - Skeletal (GTEX-12WSD-0526-SM-9KNJH); 127C=Esophagus - Gastroesophageal Junction (GTEX-11DXX-1226-SM-9KI3K); 128N=Artery - Aorta (GTEX-12WSD-1326-SM-9KMWZ); 128C=Thyroid (GTEX-13D11-0226-SM-9KI5R); 129N=Heart - Atrial Appendage (GTEX-1211K-0226-SM-9KMWV); 129C=Stomach (GTEX-YEC4-1426-SM-9KI3B); 130N=Liver (GTEX-12WSD-1426-SM-9KMX4); 130C=Colon - Sigmoid (GTEX-12WSD-2626-SM-9KMX7); 131=reference Run2: 126=reference; 127N=Nerve - Tibial (GTEX-13D11-2626-SM-9KNJO); 127C=Esophagus - Mucosa (GTEX-1211K-0926-SM-9KI3U); 128N=Muscle - Skeletal (GTEX-XUJ4-2626-SM-9KI57); 128C=Skin - Not Sun Exposed (Suprapubic) (GTEX-12WSD-0626-SM-9KNJI); 129N=Uterus (GTEX-12WSD-2826-SM-9KI3H); 129C=Lung (GTEX-12WSD-0826-SM-9KNJF); 130N=Artery - Aorta (GTEX-11GSP-1126-SM-9KMWC); 130C=Muscle - Skeletal (GTEX-1122O-2426-SM-9KMW8); 131=reference Run3: 126=reference; 127N=Esophagus - Mucosa (GTEX-13FTW-1626-SM-9KNJU); 127C=Uterus (GTEX-13D11-1226-SM-9KNIX); 128N=Liver (GTEX-YEC4-0826-SM-9KNJL); 128C=Colon - Sigmoid (GTEX-1122O-1426-SM-9KI42); 129N=Heart - Left Ventricle (GTEX-YEC4-0326-SM-9KMW7); 129C=Brain - Cerebellum (GTEX-11GSP-3126-SM-9KMWE); 130N=Thyroid (GTEX-13FTW-0626-SM-9KNJ7); 130C=Artery - Aorta (GTEX-1122O-1126-SM-9KI3X); 131=reference Run4: 126=reference; 127N=Muscle - Skeletal (GTEX-13FTW-2326-SM-9KNKU); 127C=Ovary (GTEX-11GSP-0226-SM-9KI3T); 128N=Uterus (GTEX-1399U-1326-SM-9KI5Y); 128C=Artery - Aorta (GTEX-U3ZN-0526-SM-9KI5N); 129N=Esophagus - Gastroesophageal Junction (GTEX-1399R-0926-SM-9KI5W); 129C=Heart - Atrial Appendage (GTEX-1399R-1726-SM-9KMWM); 130N=Artery - Aorta (GTEX-11GSP-1126-SM-9KMWC); 130C=Colon - Sigmoid (GTEX-1399R-2126-SM-9KI3P); 131=reference Run5: 126=reference; 127N=Vagina (GTEX-11DXX-1726-SM-9KI45); 127C=Heart - Left Ventricle (GTEX-1211K-0626-SM-9KMWW); 128N=Minor Salivary Gland (GTEX-XV7Q-2426-SM-9KI49); 128C=Thyroid (GTEX-1399R-0126-SM-9KI3R); 129N=Lung (GTEX-YEC4-0526-SM-9KI4T); 129C=Colon - Sigmoid (GTEX-11DXX-1926-SM-9KMWB); 130N=Pancreas (GTEX-1399U-0926-SM-9KI3Q); 130C=Adrenal Gland (GTEX-1211K-0126-SM-9KI3D); 131=reference Run6: 126=reference; 127N=Esophagus - Muscularis (GTEX-XV7Q-1026-SM-9KI4Y); 127C=Artery - Aorta (GTEX-1211K-0326-SM-9KMWF); 128N=Thyroid (GTEX-1399U-0326-SM-9KI5T); 128C=Heart - Atrial Appendage (GTEX-1122O-0626-SM-9KMX9); 129N=Nerve - Tibial (GTEX-1211K-2326-SM-9KI5L); 129C=Colon - Sigmoid (GTEX-1211K-1826-SM-9KMWX); 130N=Vagina (GTEX-XV7Q-1626-SM-9KMX2); 130C=Brain - Cerebellum (GTEX-13OW8-2926-SM-9KNJ2); 131=reference Run7: 126=reference; 127N=Artery - Aorta (GTEX-YEC4-2426-SM-9KMWO); 127C=Thyroid (GTEX-YEC4-0626-SM-9KI3E); 128N=Skin - Sun Exposed (Lower leg) (GTEX-13FTW-2626-SM-9KNKV); 128C=Vagina (GTEX-13D11-1326-SM-9KNIY); 129N=Skin - Not Sun Exposed (Suprapubic) (GTEX-13D11-0926-SM-9KNIW); 129C=Muscle - Skeletal (GTEX-11DXX-2726-SM-9KMXG); 130N=Esophagus - Mucosa (GTEX-13OW8-2326-SM-9KNJ1); 130C=Uterus (GTEX-U3ZN-0726-SM-9KI4L); 131=reference Run8: 126=reference; 127N=Uterus (GTEX-XUJ4-1526-SM-9KI59); 127C=Brain - Cortex (GTEX-13OW8-2826-SM-9KI4G); 128N=Heart - Atrial Appendage (GTEX-12WSD-1226-SM-9KNJG); 128C=Adrenal Gland (GTEX-XUJ4-0126-SM-9KI4O); 129N=Spleen (GTEX-XUJ4-0226-SM-9KI4P); 129C=Breast - Mammary Tissue (GTEX-13D11-1026-SM-9KNK9); 130N=Esophagus - Muscularis (GTEX-1399R-0726-SM-9KI5G); 130C=Artery - Aorta (GTEX-11DXX-0426-SM-9KMW9); 131=reference Run9: 126=reference; 127N=Lung (GTEX-1211K-0826-SM-9KNK2); 127C=Adrenal Gland (GTEX-XV7Q-0226-SM-9KI55); 128N=Ovary (GTEX-XUJ4-1326-SM-9KI5A); 128C=Pancreas (GTEX-13FTW-0526-SM-9KNJC); 129N=Artery - Aorta (GTEX-XUJ4-0326-SM-9KMW5); 129C=Skin - Not Sun Exposed (Suprapubic) (GTEX-13FTW-0326-SM-9KNKM); 130N=Esophagus - Gastroesophageal Junction (GTEX-XV7Q-1226-SM-9KI4Z); 130C=Spleen (GTEX-11DXX-0726-SM-9KI47); 131=reference Run10: 126=reference; 127N=Thyroid (GTEX-1211K-0726-SM-9KI5D); 127C=Pancreas (GTEX-XV7Q-0926-SM-9KI4X); 128N=Spleen (GTEX-YEC4-0126-SM-9KI4U); 128C=Skin - Sun Exposed (Lower leg) (GTEX-13D11-2426-SM-9KNJN); 129N=Heart - Left Ventricle (GTEX-U3ZN-1426-SM-9KNKY); 129C=Artery - Aorta (GTEX-13D11-1426-SM-9KNKE); 130N=Colon - Transverse (GTEX-U3ZN-2126-SM-9KNKQ); 130C=Esophagus - Mucosa (GTEX-12WSD-1826-SM-9KMWI); 131=reference Run11: 126=reference; 127N=Adrenal Gland (GTEX-12WSD-2126-SM-9KMWL); 127C=Spleen (GTEX-U3ZN-0126-SM-9KI4I); 128N=Vagina (GTEX-12WSD-2926-SM-9KMX8); 128C=Esophagus - Muscularis (GTEX-11DXX-1026-SM-9KNK1); 129N=Breast - Mammary Tissue (GTEX-XUJ4-1926-SM-9KMWQ); 129C=Heart - Atrial Appendage (GTEX-13D11-1526-SM-9KNKJ); 130N=Skin - Sun Exposed (Lower leg) (GTEX-1211K-2026-SM-9KMWG); 130C=Muscle - Skeletal (GTEX-XV7Q-2926-SM-9KI4B); 131=reference Run12: 126=reference; 127N=Stomach (GTEX-13D11-2126-SM-9KNJP); 127C=Skin - Not Sun Exposed (Suprapubic) (GTEX-11GSP-2326-SM-9KNKZ); 128N=Esophagus - Gastroesophageal Junction (GTEX-XUJ4-1126-SM-9KI4R); 129N=Thyroid (GTEX-XV7Q-0326-SM-9KI54); 129C=Liver (GTEX-11GSP-0626-SM-9KI3C); 130N=Heart - Left Ventricle (GTEX-13D11-1726-SM-9KNIV); 130C=Pancreas (GTEX-1122O-0726-SM-9KNJM); 131=reference Run13: 126=reference; 127C=Muscle - Skeletal (GTEX-U3ZN-2226-SM-9KNKW); 128N=Colon - Transverse (GTEX-1211K-1726-SM-9KI5K); 128C=Breast - Mammary Tissue (GTEX-13FTW-1426-SM-9KNKC); 129N=Muscle - Skeletal (GTEX-1399R-2526-SM-9KNK8); 129C=Pancreas (GTEX-1211K-1126-SM-9KI3S); 130N=Thyroid (GTEX-13OW8-0126-SM-9KNJE); 130C=Heart - Atrial Appendage (GTEX-11DXX-0526-SM-9KMWA); 131=reference Run14: 126=reference; 127N=Stomach (GTEX-1399R-1126-SM-9KI5V); 127C=Skin - Sun Exposed (Lower leg) (GTEX-1399R-2726-SM-9KNKI); 128N=Esophagus - Gastroesophageal Junction (GTEX-13FTW-1926-SM-9KNKS); 128C=Stomach (GTEX-13FTW-1726-SM-9KNJS); 129N=Vagina (GTEX-XUJ4-1626-SM-9KI58); 129C=Spleen (GTEX-1211K-0426-SM-9KI3M); 130C=Nerve - Tibial (GTEX-11DXX-2526-SM-9KI5Z); 131=reference Run15: 126=reference; 127N=Pancreas (GTEX-13D11-2226-SM-9KNJQ); 127C=Esophagus - Muscularis (GTEX-1122O-1626-SM-9KMXA); 128N=Testis (GTEX-YEC4-1526-SM-9KI4W); 128C=Heart - Atrial Appendage (GTEX-YEC4-0226-SM-9KNK7); 129N=Artery - Tibial (GTEX-13OW8-1626-SM-9KNJR); 130N=Adrenal Gland (GTEX-1399R-0626-SM-9KI5P); 130C=Stomach (GTEX-1399U-1626-SM-9KNL1); 131=reference Run16: 126=reference; 127N=Stomach (GTEX-1399R-1126-SM-9KI5V); 127C=Colon - Sigmoid (GTEX-XUJ4-2126-SM-9KI52); 128N=Skin - Not Sun Exposed (Suprapubic) (GTEX-XUJ4-1826-SM-9KI5F); 128C=Spleen (GTEX-XV7Q-0126-SM-9KI56); 129C=Lung (GTEX-11DXX-1526-SM-9KI44); 130N=Esophagus - Gastroesophageal Junction (GTEX-U3ZN-0626-SM-9KI4H); 130C=reference (GTEX-12WSD-2026-SM-9KMX5); 131=reference Run17: 126=reference; 127N=Spleen (GTEX-1122O-0526-SM-9KI3N); 127C=Colon - Sigmoid (GTEX-XV7Q-2226-SM-9KI4N); 128N=Esophagus - Gastroesophageal Junction (GTEX-13D11-2026-SM-9KNIZ); 128C=Colon - Sigmoid (GTEX-1122O-1426-SM-9KI42); 129N=Small Intestine - Terminal Ileum (GTEX-13FTW-2026-SM-9KNJ9); 129C=Breast - Mammary Tissue (GTEX-XV7Q-2326-SM-9KMXC); 130N=Heart - Left Ventricle (GTEX-1399R-1926-SM-9KI4C); 130C=Testis (GTEX-1399R-1626-SM-9KI5S); 131=reference Run18: 126=reference; 127N=Prostate (GTEX-13OW8-0426-SM-9KNIU); 127C=Nerve - Tibial (GTEX-13OW8-1526-SM-9KMWS); 128N=Colon - Sigmoid (GTEX-13FTW-2126-SM-9KNKT); 128C=Small Intestine - Terminal Ileum (GTEX-1122O-1326-SM-9KI41); 129C=Esophagus - Muscularis (GTEX-13OW8-2226-SM-9KMXH); 130N=Ovary (GTEX-U3ZN-1026-SM-9KNKO); 130C=Thyroid (GTEX-XUJ4-0726-SM-9KNKX); 131=reference Run19: 126=reference; 127N=Artery - Tibial (GTEX-11DXX-2626-SM-9KMXF); 127C=Stomach (GTEX-XUJ4-1226-SM-9KI4Q); 128N=Muscle - Skeletal (GTEX-XUJ4-2626-SM-9KI57); 128C=Pituitary (GTEX-12WSD-3226-SM-9KMWK); 129N=Skin - Sun Exposed (Lower leg) (GTEX-XV7Q-2526-SM-9KI4A); 129C=Esophagus - Gastroesophageal Junction (GTEX-YEC4-1226-SM-9KI3F); 130C=Lung (GTEX-XV7Q-0426-SM-9KI53); 131=reference Run20: 126=reference; 127C=Brain - Cortex (GTEX-13D11-0326-SM-9KI5Q); 128N=Artery - Coronary (GTEX-1399R-2026-SM-9KI3O); 128C=Stomach (GTEX-1399U-1926-SM-9KI5X); 129N=Pancreas (GTEX-13D11-1826-SM-9KNKK); 129C=Thyroid (GTEX-12WSD-0326-SM-9KMWY); 130N=Nerve - Tibial (GTEX-1211K-1426-SM-9KI5J); 130C=Skin - Sun Exposed (Lower leg) (GTEX-13OW8-3026-SM-9KNJ3); 131=reference Run21: 126=reference; 127N=Skin - Not Sun Exposed (Suprapubic) (GTEX-11GSP-3226-SM-9KNJJ); 127C=Heart - Left Ventricle (GTEX-1399R-1826-SM-9KNJD); 128C=Liver (GTEX-12WSD-2326-SM-9KMWJ); 129N=Colon - Sigmoid (GTEX-YEC4-1326-SM-9KI3A); 129C=Testis (GTEX-11DXX-0226-SM-9KI3W); 130N=Liver (GTEX-XUJ4-2726-SM-9KI5I); 130C=Ovary (GTEX-XUJ4-2426-SM-9KI5B); 131=reference Run22: 126=reference; 127N=Liver (GTEX-YEC4-1826-SM-9KI4V); 128N=Pancreas (GTEX-13FTW-1026-SM-9KNKF); 128C=Pancreas (GTEX-13FTW-1126-SM-9KNJT); 129N=Prostate (GTEX-13OW8-2726-SM-9KNJ4); 129C=Stomach (GTEX-13FTW-1326-SM-9KNJ6); 130N=Skin - Not Sun Exposed (Suprapubic) (GTEX-12WSD-1426-SM-9KMX4); 130C=Artery - Tibial (GTEX-12WSD-2726-SM-9KI3G); 131=reference Run23: 126=reference; 127N=Heart - Left Ventricle (GTEX-U3ZN-0226-SM-9KI4J); 127C=Muscle - Skeletal (GTEX-XV7Q-0926-SM-9KI4X); 128N=Artery - Aorta (GTEX-1399R-0426-SM-9KI3J); 128C=Esophagus - Gastroesophageal Junction (GTEX-13FTW-1226-SM-9KNJA); 129N=Thyroid (GTEX-11GSP-2126-SM-9KI3Y); 129C=Vagina (GTEX-XV7Q-1826-SM-9KI51); 130N=Brain - Cerebellum (GTEX-13FTW-2226-SM-9KMWN); 131=reference Run24: 126=reference; 127N=Colon - Transverse (GTEX-11DXX-0326-SM-9KNK5); 127C=Heart - Atrial Appendage (GTEX-U3ZN-2226-SM-9KNKW); 128N=Esophagus - Muscularis (GTEX-XV7Q-0526-SM-9KNK6); 128C=Adrenal Gland (GTEX-1122O-1826-SM-9KNK4); 129N=Artery - Tibial (GTEX-U3ZN-0326-SM-9KI4K); 129C=Muscle - Skeletal (GTEX-U3ZN-0926-SM-9KNKN); 130N=Skin - Sun Exposed (Lower leg) (GTEX-12WSD-3026-SM-9KMX1); 131=reference Run25: 126=reference; 127N=Esophagus - Gastroesophageal Junction (GTEX-11DXX-1826-SM-9KI46); 127C=Heart - Atrial Appendage (GTEX-11GSP-1226-SM-9KMWD); 128C=Lung (GTEX-XUJ4-0926-SM-9KI4S); 129N=Artery - Aorta (GTEX-1122O-0326-SM-9KI43); 129C=Esophagus - Muscularis (GTEX-XUJ4-2826-SM-9KI5H); 130N=Thyroid (GTEX-13D11-2526-SM-9KNKL); 130C=reference (GTEX-13OW8-1326-SM-9KI4F); 131=reference Run26: 126=reference; 127N=Vagina (GTEX-1211K-1326-SM-9KI5E); 127C=Artery - Aorta (GTEX-XUJ4-0626-SM-9KMW6); 128N=Pancreas (GTEX-11DXX-1326-SM-9KI3L); 128C=Colon - Sigmoid (GTEX-13OW8-1726-SM-9KNJ5); 129N=Esophagus - Gastroesophageal Junction (GTEX-13D11-0926-SM-9KNIW); 130N=Breast - Mammary Tissue (GTEX-1399R-0226-SM-9KI3I); 130C=reference (GTEX-U3ZN-1926-SM-9KNKR); 131=reference Run27: 126=reference; 127N=Pancreas (GTEX-XV7Q-0726-SM-9KI48); 127C=Adrenal Gland (GTEX-U3ZN-2026-SM-9KNKP); 128N=Ovary (GTEX-11GSP-0726-SM-9KI5M); 128C=Liver (GTEX-1211K-2126-SM-9KMX3); 129N=Colon - Sigmoid (GTEX-U3ZN-1426-SM-9KNKY); 129C=Esophagus - Muscularis (GTEX-13FTW-1526-SM-9KNJB); 130N=Artery - Aorta (GTEX-1399U-2226-SM-9KI5U); 130C=reference (GTEX-13OW8-0226-SM-9KI4E); 131=reference Run28: 126=reference; 127N=Muscle - Skeletal (GTEX-13D11-0626-SM-9KI5O); 127C=Stomach (GTEX-11GSP-2226-SM-9KI3Z); 128N=Heart - Left Ventricle (GTEX-1122O-1226-SM-9KNJX); 128C=Esophagus - Muscularis (GTEX-11DXX-0826-SM-9KMWU); 129N=Esophagus - Muscularis (GTEX-13OW8-1426-SM-9KNKG); 129C=Colon - Sigmoid (GTEX-U3ZN-0826-SM-9KI4M); 130N=Ovary (GTEX-11DXX-2126-SM-9KI3V); 130C=reference (GTEX-13FTW-0826-SM-9KNJ8); 131=reference Run29: 126=reference; 127N=Skin - Not Sun Exposed (Suprapubic) (GTEX-13D11-2126-SM-9KNJP); 127C=Esophagus - Mucosa (GTEX-XUJ4-0626-SM-9KMW6); 128N=Uterus (GTEX-13FTW-2626-SM-9KNKV); 128C=Thyroid (GTEX-11DXX-1026-SM-9KNK1); 129N=Uterus (GTEX-YEC4-0526-SM-9KI4T); 129C=Nerve - Tibial (GTEX-13D11-1426-SM-9KNKE); 130N=Lung (GTEX-1399R-0726-SM-9KI5G); 130C=reference (GTEX-XUJ4-0726-SM-9KNKX); 131=reference Run30: 126=reference; 127N=Artery - Tibial (GTEX-1122O-0526-SM-9KI3N); 127C=Colon - Sigmoid (GTEX-XV7Q-0926-SM-9KI4X); 128N=Skin - Not Sun Exposed (Suprapubic) (GTEX-13FTW-1926-SM-9KNKS); 128C=Esophagus - Mucosa (GTEX-1122O-1326-SM-9KI41); 129N=Vagina (GTEX-13OW8-1626-SM-9KNJR); 129C=Artery - Aorta (GTEX-11DXX-1926-SM-9KMWB); 130N=Brain - Cerebellum (GTEX-12WSD-3026-SM-9KMX1); 130C=reference (GTEX-U3ZN-1926-SM-9KNKR); 131=reference Run31: 126=reference; 127N=Stomach (GTEX-U3ZN-0226-SM-9KI4J); 127C=Colon - Sigmoid (GTEX-11GSP-2326-SM-9KNKZ); 128N=Vagina (GTEX-YEC4-0126-SM-9KI4U); 128C=Artery - Aorta (GTEX-13OW8-1726-SM-9KNJ5); 129N=Brain - Cortex (GTEX-YEC4-1326-SM-9KI3A); 129C=Spleen (GTEX-13D11-1526-SM-9KNKJ); 130N=Spleen (GTEX-13FTW-0626-SM-9KNJ7); 130C=reference (GTEX-12WSD-2026-SM-9KMX5); 131=reference Run32: 126=reference; 127N=Adrenal Gland (GTEX-11DXX-1726-SM-9KI45); 127C=Heart - Atrial Appendage (GTEX-1211K-0326-SM-9KMWF); 128N=Brain - Cerebellum (GTEX-1399R-0426-SM-9KI3J); 128C=Muscle - Skeletal (GTEX-1122O-1426-SM-9KI42); 129N=Thyroid (GTEX-1399R-0926-SM-9KI5W); 129C=Heart - Atrial Appendage (GTEX-13D11-1026-SM-9KNK9); 130N=Colon - Transverse (GTEX-1211K-2026-SM-9KMWG); 130C=reference (GTEX-1399R-1626-SM-9KI5S); 131=reference Run33: 126=reference; 127N=Esophagus - Gastroesophageal Junction (GTEX-11GSP-3226-SM-9KNJJ); 127C=Liver (GTEX-U3ZN-0126-SM-9KI4I); 128N=Muscle - Skeletal (GTEX-YEC4-0126-SM-9KI4U); 128C=Nerve - Tibial (GTEX-XUJ4-0126-SM-9KI4O); 129N=Vagina (GTEX-1211K-0226-SM-9KMWV); 129C=Artery - Tibial (GTEX-YEC4-1426-SM-9KI3B); 130N=Colon - Sigmoid (GTEX-13OW8-2326-SM-9KNJ1); 130C=reference (GTEX-XV7Q-2926-SM-9KI4B); 131=reference Run34: 126=reference; 127N=Pancreas (GTEX-YEC4-2426-SM-9KMWO); 127C=Adrenal Gland (GTEX-11GSP-2226-SM-9KI3Z); 128N=Ovary (GTEX-13FTW-2126-SM-9KNKT); 128C=Liver (GTEX-13FTW-1226-SM-9KNJA); 129N=Colon - Sigmoid (GTEX-13FTW-2026-SM-9KNJ9); 129C=Esophagus - Muscularis (GTEX-13FTW-1326-SM-9KNJ6); 130N=Artery - Aorta (GTEX-13D11-1726-SM-9KNIV); 130C=reference (GTEX-12WSD-1826-SM-9KMWI); 131=reference Run35: 126=reference; 127N=Artery - Aorta (GTEX-XUJ4-1526-SM-9KI59); 127C=Vagina (GTEX-YEC4-0626-SM-9KI3E); 128N=Colon - Sigmoid (GTEX-11DXX-1326-SM-9KI3L); 128C=Prostate (GTEX-1122O-1826-SM-9KNK4); 129N=Small Intestine - Terminal Ileum (GTEX-XV7Q-0326-SM-9KI54); 129C=Testis (GTEX-XV7Q-1826-SM-9KI51); 130N=Heart - Left Ventricle (GTEX-1399R-0626-SM-9KI5P); 130C=reference (GTEX-13FTW-0826-SM-9KNJ8); 131=reference Run36: 126=reference; 127N=Skin - Not Sun Exposed (Suprapubic) (GTEX-13FTW-1626-SM-9KNJU); 127C=Thyroid (GTEX-11GSP-1226-SM-9KMWD); 128N=Stomach (GTEX-XUJ4-2626-SM-9KI57); 128C=Esophagus - Gastroesophageal Junction (GTEX-12WSD-3226-SM-9KMWK); 129N=Thyroid (GTEX-U3ZN-0326-SM-9KI4K); 129C=Skin - Not Sun Exposed (Suprapubic) (GTEX-1399R-1726-SM-9KMWM); 130N=Adrenal Gland (GTEX-U3ZN-2126-SM-9KNKQ); 130C=reference (GTEX-1122O-0726-SM-9KNJM); 131=reference Run37: 126=reference; 127N=Esophagus - Muscularis (GTEX-1211K-0826-SM-9KNK2); 127C=Heart - Left Ventricle (GTEX-U3ZN-2026-SM-9KNKP); 128N=Muscle - Skeletal (GTEX-11GSP-0726-SM-9KI5M); 128C=Pituitary (GTEX-1122O-0626-SM-9KMX9); 129N=Thyroid (GTEX-XUJ4-1626-SM-9KI58); 129C=Heart - Left Ventricle (GTEX-1211K-1826-SM-9KMWX); 130N=Breast - Mammary Tissue (GTEX-XV7Q-1226-SM-9KI4Z); 130C=reference (GTEX-11DXX-2526-SM-9KI5Z); 131=reference Run38: 126=reference; 127N=Artery - Aorta (GTEX-1211K-0826-SM-9KNK2); 127C=Colon - Sigmoid (GTEX-13D11-1226-SM-9KNIX); 128N=Skin - Sun Exposed (Lower leg) (GTEX-12WSD-1326-SM-9KMWZ); 128C=Artery - Coronary (GTEX-1399R-0126-SM-9KI3R); 129N=Muscle - Skeletal (GTEX-13D11-1826-SM-9KNKK); 129C=Thyroid (GTEX-13FTW-0326-SM-9KNKM); 130C=reference (GTEX-11DXX-0526-SM-9KMWA); 131=reference Run39: 126=reference; 127C=Esophagus - Gastroesophageal Junction (GTEX-1122O-1626-SM-9KMXA); 128N=Liver (GTEX-XUJ4-1826-SM-9KI5F); 128C=Muscle - Skeletal (GTEX-13D11-1326-SM-9KNIY); 129N=Nerve - Tibial (GTEX-XUJ4-0326-SM-9KMW5); 129C=Vagina (GTEX-11GSP-3126-SM-9KMWE); 130N=Artery - Coronary (GTEX-13D11-2526-SM-9KNKL); 130C=reference (GTEX-11DXX-0726-SM-9KI47); 131=reference Run40: 126=reference; 127C=Colon - Sigmoid (GTEX-XUJ4-2126-SM-9KI52); 128N=Skin - Not Sun Exposed (Suprapubic) (GTEX-XV7Q-2426-SM-9KI49); 128C=Spleen (GTEX-U3ZN-0526-SM-9KI5N); 129N=Lung (GTEX-U3ZN-1426-SM-9KNKY); 129C=Heart - Atrial Appendage (GTEX-YEC4-1226-SM-9KI3F); 130N=Breast - Mammary Tissue (GTEX-XV7Q-1226-SM-9KI4Z); 130C=reference (GTEX-1122O-2426-SM-9KMW8); 131=reference Run41: 126=reference; 127N=Esophagus - Gastroesophageal Junction (GTEX-13D11-0626-SM-9KI5O); 127C=Heart - Atrial Appendage (GTEX-1399R-2726-SM-9KNKI); 128N=Stomach (GTEX-YEC4-1526-SM-9KI4W); 128C=Lung (GTEX-11DXX-0826-SM-9KMWU); 129C=Skin - Not Sun Exposed (Suprapubic) (GTEX-11DXX-2726-SM-9KMXG); 130N=Spleen (GTEX-13OW8-0126-SM-9KNJE); 130C=reference (GTEX-U3ZN-0726-SM-9KI4L); 131=reference Run42: 126=reference; 127N=Heart - Atrial Appendage (GTEX-13OW8-0426-SM-9KNIU); 127C=Stomach (GTEX-1399R-1826-SM-9KNJD); 128N=Lung (GTEX-XUJ4-1126-SM-9KI4R); 128C=Muscle - Skeletal (GTEX-12WSD-2326-SM-9KMWJ); 129N=Heart - Left Ventricle (GTEX-YEC4-0326-SM-9KMW7); 130N=Esophagus - Muscularis (GTEX-11DXX-2126-SM-9KI3V); 130C=reference (GTEX-1211K-0126-SM-9KI3D); 131=reference Run43: 126=reference; 127N=Colon - Sigmoid (GTEX-1211K-1326-SM-9KI5E); 128N=Vagina (GTEX-YEC4-0826-SM-9KNJL); 128C=Breast - Mammary Tissue (GTEX-1211K-2126-SM-9KMX3); 129N=Artery - Coronary (GTEX-1211K-2326-SM-9KI5L); 129C=Muscle - Skeletal (GTEX-U3ZN-0926-SM-9KNKN); 130N=Thyroid (GTEX-13FTW-2226-SM-9KMWN); 130C=reference (GTEX-12WSD-2626-SM-9KMX7); 131=reference Run44: 126=reference; 127N=Prostate (GTEX-13D11-2226-SM-9KNJQ); 127C=Artery - Coronary (GTEX-XV7Q-0226-SM-9KI55); 128N=Esophagus - Gastroesophageal Junction (GTEX-XUJ4-1326-SM-9KI5A); 128C=Stomach (GTEX-13FTW-1126-SM-9KNJT); 129N=Heart - Left Ventricle (GTEX-13OW8-2726-SM-9KNJ4); 129C=Skin - Not Sun Exposed (Suprapubic) (GTEX-13OW8-2226-SM-9KMXH); 130C=reference (GTEX-1122O-1126-SM-9KI3X); 131=reference Run45: 126=reference; 127N=Artery - Tibial (GTEX-12WSD-0526-SM-9KNJH); 127C=Stomach (GTEX-XUJ4-1226-SM-9KI4Q); 128N=Muscle - Skeletal (GTEX-13FTW-1026-SM-9KNKF); 128C=Nerve - Tibial (GTEX-XUJ4-0926-SM-9KI4S); 129N=Vagina (GTEX-13D11-1826-SM-9KNKK); 129C=Artery - Tibial (GTEX-1399U-2226-SM-9KI5U); 130C=reference (GTEX-12WSD-2726-SM-9KI3G); 131=reference Run46: 126=reference; 127N=Vagina (GTEX-YEC4-1826-SM-9KI4V); 127C=Heart - Left Ventricle (GTEX-1211K-0926-SM-9KI3U); 128N=Minor Salivary Gland (GTEX-1399U-1326-SM-9KI5Y); 128C=Thyroid (GTEX-13D11-0226-SM-9KI5R); 129N=Lung (GTEX-12WSD-2826-SM-9KI3H); 129C=Colon - Sigmoid (GTEX-12WSD-0326-SM-9KMWY); 130N=Pancreas (GTEX-U3ZN-0626-SM-9KI4H); 131=reference Run47: 126=reference; 127N=Stomach (GTEX-11DXX-2626-SM-9KMXF); 127C=Skin - Sun Exposed (Lower leg) (GTEX-XV7Q-2226-SM-9KI4N); 128C=Esophagus - Muscularis (GTEX-12WSD-0626-SM-9KNJI); 129N=Lung (GTEX-XUJ4-0226-SM-9KI4P); 129C=Artery - Aorta (GTEX-12WSD-0826-SM-9KNJF); 130N=Heart - Left Ventricle (GTEX-XV7Q-1626-SM-9KMX2); 130C=reference (GTEX-13OW8-2926-SM-9KNJ2); 131=reference Run48: 126=reference; 127N=Esophagus - Muscularis (GTEX-XV7Q-1026-SM-9KI4Y); 127C=Nerve - Tibial (GTEX-13OW8-1526-SM-9KMWS); 128C=Vagina (GTEX-XV7Q-0126-SM-9KI56); 129N=Artery - Aorta (GTEX-12WSD-2826-SM-9KI3H); 129C=Brain - Cerebellum (GTEX-11GSP-0626-SM-9KI3C); 130N=Muscle - Skeletal (GTEX-1399R-1926-SM-9KI4C); 130C=reference (GTEX-XUJ4-2426-SM-9KI5B); 131=reference Run49: 126=reference; 127N=Colon - Sigmoid (GTEX-XV7Q-0726-SM-9KI48); 127C=Minor Salivary Gland (GTEX-13OW8-2826-SM-9KI4G); 128N=Artery - Aorta (GTEX-1122O-1226-SM-9KNJX); 128C=Heart - Left Ventricle (GTEX-13D11-2426-SM-9KNJN); 129N=Esophagus - Gastroesophageal Junction (GTEX-1399R-2526-SM-9KNK8); 129C=Esophagus - Gastroesophageal Junction (GTEX-11DXX-0226-SM-9KI3W); 130N=Muscle - Skeletal (GTEX-1211K-1426-SM-9KI5J); 130C=reference (GTEX-11DXX-0426-SM-9KMW9); 131=reference Run50: 126=reference; 127N=Colon - Sigmoid (GTEX-13FTW-2326-SM-9KNKU); 127C=Skin - Sun Exposed (Lower leg) (GTEX-YEC4-0626-SM-9KI3E); 128N=Testis (GTEX-XV7Q-0526-SM-9KNK6); 128C=Artery - Coronary (GTEX-13FTW-1726-SM-9KNJS); 129N=Muscle - Skeletal (GTEX-XV7Q-2526-SM-9KI4A); 129C=Thyroid (GTEX-U3ZN-0826-SM-9KI4M); 130N=Uterus (GTEX-1399U-0926-SM-9KI3Q); 130C=reference (GTEX-XV7Q-0426-SM-9KI53); 131=reference Run51: 126=reference; 127N=Prostate (GTEX-12WSD-2126-SM-9KMWL); 127C=Artery - Coronary (GTEX-13D11-0326-SM-9KI5Q); 128N=Esophagus - Gastroesophageal Junction (GTEX-13D11-2026-SM-9KNIZ); 128C=Stomach (GTEX-YEC4-0226-SM-9KNK7); 129C=Heart - Left Ventricle (GTEX-1211K-1126-SM-9KI3S); 130N=Skin - Not Sun Exposed (Suprapubic) (GTEX-12WSD-1426-SM-9KMX4); 130C=reference (GTEX-13OW8-1326-SM-9KI4F); 131=reference Run52: 126=reference; 127N=Esophagus - Gastroesophageal Junction (GTEX-11DXX-1826-SM-9KI46); 127C=Heart - Atrial Appendage (GTEX-1211K-0626-SM-9KMWW); 128N=Esophagus - Muscularis (GTEX-1399U-0326-SM-9KI5T); 128C=Colon - Transverse (GTEX-1399U-1926-SM-9KI5X); 129N=Artery - Tibial (GTEX-1122O-0326-SM-9KI43); 129C=Ovary (GTEX-1211K-0426-SM-9KI3M); 130N=Thyroid (GTEX-XUJ4-2726-SM-9KI5I); 130C=reference (GTEX-1399U-1626-SM-9KNL1); 131=reference Run53: 126=reference; 127N=Vagina (GTEX-1211K-0726-SM-9KI5D); 127C=Artery - Aorta (GTEX-11GSP-1226-SM-9KMWD); 128N=Brain - Cortex (GTEX-1399R-2026-SM-9KI3O); 128C=Artery - Tibial (GTEX-1399U-1926-SM-9KI5X); 129N=Colon - Sigmoid (GTEX-13OW8-1426-SM-9KNKG); 129C=Esophagus - Muscularis (GTEX-XV7Q-2326-SM-9KMXC); 130N=Artery - Aorta (GTEX-1399R-0726-SM-9KI5G); 130C=reference (GTEX-13OW8-3026-SM-9KNJ3); 131=reference Run54: 126=reference; 127N=Heart - Left Ventricle (GTEX-11DXX-0326-SM-9KNK5); 127C=Muscle - Skeletal (GTEX-U3ZN-2226-SM-9KNKW); 128N=Artery - Aorta (GTEX-12WSD-2926-SM-9KMX8); 129N=Stomach (GTEX-XUJ4-1926-SM-9KMWQ); 129C=Skin - Sun Exposed (Lower leg) (GTEX-11DXX-1526-SM-9KI44); 130N=Adrenal Gland (GTEX-1399R-0226-SM-9KI3I); 130C=reference (GTEX-1399R-2126-SM-9KI3P); 131=reference Run55: 126=reference; 127N=Esophagus - Muscularis (GTEX-1399R-1126-SM-9KI5V); 127C=Skin - Not Sun Exposed (Suprapubic) (GTEX-11DXX-1226-SM-9KI3K); 128N=Vagina (GTEX-12WSD-1226-SM-9KNJG); 128C=Artery - Aorta (GTEX-13FTW-1426-SM-9KNKC); 129N=Brain - Cerebellum (GTEX-13D11-0926-SM-9KNIW); 129C=Muscle - Skeletal (GTEX-XUJ4-2826-SM-9KI5H); 130N=Spleen (GTEX-U3ZN-1026-SM-9KNKO); 131=reference Run56: 126=reference; 127N=Colon - Sigmoid (GTEX-13D11-2626-SM-9KNJO); 127C=Minor Salivary Gland (GTEX-11GSP-0226-SM-9KI3T); 128N=Artery - Aorta (GTEX-1211K-1726-SM-9KI5K); 128C=Heart - Left Ventricle (GTEX-13FTW-0526-SM-9KNJC); 129N=Esophagus - Gastroesophageal Junction (GTEX-11GSP-2126-SM-9KI3Y); 129C=Esophagus - Gastroesophageal Junction (GTEX-13FTW-1526-SM-9KNJB); 130N=Muscle - Skeletal (GTEX-11GSP-1126-SM-9KMWC); 130C=reference (GTEX-13OW8-0226-SM-9KI4E); 131=reference,,126 to 131 mentioned for specific internal control uses,,,TMT126 and TMT131 were both used for the same pooled reference sample in each run as a quality check for reproducibility,,,Ensembl,2013.0,"Fixed: Carbamidomethyl (C). Variable: TMT 10-plex (K, Protein N-term); Acetylation (Protein N-term); Oxidation (M)",,result_PXD016999.xlsx,https://www.omicsdi.org/dataset/pride/PXD016999,Deep quantitative map of human proteome; protein levels differ from RNA; identified tissue-specific isoforms and 374 missing proteins,GRCh37.p13 reference,Not specified
PRIDE,PXD017025,32058975,Comprehensive Proteomic Characterization Reveals Subclass-Specific Molecular Aberrations within Triple-negative Breast Cancer,18,,18.0,0.0,0,,0,18 human breast cancer cell lines (Luminal; TNBC Basal A; TNBC Basal B),Cell Lines,Breast cancer cell lines,Breast,Carcinoma,AU565; BT20; BT474; BT549; HCC1143; HCC1395; HCC1806; HCC1937; HCC70; Hs578t; MDA-MB-157; MDA-MB-231; MDA-MB-436; MDA-MB-468; MCF7; Sk-Br-3; T47D; ZR-75-1,Cancer; cancer; cancer; cancer; cancer; cancer; cancer; cancer; cancer; cancer; cancer; cancer; cancer; cancer; cancer; cancer; cancer; cancer,Breast,Carcinoma,Epithelial Tissues,Breast cancer,Luminal; TNBC Basal A; TNBC Basal B,TMT10plex multiplexed quantitative proteomics; 2 biological replicates; pooled reference channel; dual peptide fractionation (IEF and bRP-LC); cell line panel comparison,"Deep baseline TMT proteomic profiling of 18 breast cancer cell lines enabling proteome-based stratification into Luminal, TNBC Basal A, and TNBC Basal B subclasses and identification of subclass-specific molecular aberrations.",Orbitrap Fusion,TMT 10-plex,10400.0,1st Replicate 2nd Replicate Classification Cell Line TMT-Set TMT-Label TMT-Set TMT-Label This study Lehmann et al. Neve et al. Pooled Proteins 1&2 126 1&2 MCF7 2 129N 2 128N Luminal ER/PR+ -- Luminal T47D 1 129C 1 128N Luminal ER/PR+ -- Luminal ZR-75-1 2 130N 1 127C Luminal ER/PR+ -- Luminal AU565 1 127C 1 130N Luminal HER2+ -- Luminal BT474 2 127N 2 128C Luminal ER/PR/HER2+ -- Luminal Sk-Br-3 1 129N 2 127N Luminal HER2+ -- Luminal BT20 1 127N 2 130N Basal A Cytokeratine-high Unclassified Basal A HCC1143 2 131 2 130C Basal A Cytokeratine-high BL1 Basal A HCC1806 1 130C 1 130C Basal A Cytokeratine-high BL2 -- HCC1937 1 128C 1 131 Basal A Cytokeratine-high BL1 Basal A HCC70 2 130C 1 127N Basal A Cytokeratine-high BL2 Basal A MB468 2 127C 2 129N Basal A Cytokeratine-high BL1 Basal A BT549 2 128C 2 129C Basal B Claudin-low M Basal B HCC1395 2 129C 1 128C Basal B Claudin-low Unclassified -- Hs578t 1 131 1 129C Basal B Claudin-low MSL Basal B MB157 1 130N 2 127C Basal B Claudin-low MSL Basal B MB231 2 128N 2 131 Basal B Claudin-low MSL Basal B MB436 1 128N 1 129N Basal B Claudin-low MSL Basal B,,126 pooled reference (equal protein from all cell lysates; logistic normalization channel) Samples Original N; 18,18.0,18,Equal total protein normalization per TMT channel; inter-set batch correction using pooled reference (TMT 126); log2-ratio to pooled median,,,UniProt,2019.0,"Fixed: Carbamidomethyl (C); TMT (K, Protein N-term). Variable: Oxidation (M); Acetylation (Protein N-term)",0.01,result_PXD017025.xlsx,https://www.omicsdi.org/dataset/pride/PXD017025,"Proteome-based stratification of 18 breast cancer cell lines into Luminal, TNBC Basal A, and TNBC Basal B subclasses",,Not specified
PRIDE,PXD017291,33022891,Aggregation and disaggregation features of the human proteome,11,,5.0,6.0,,,0,K-562 human chronic myelogenous leukemia cell line (soluble protein fraction),Cell Lines,Leukemia cell line,Blood,Chronic Myelogenous Leukemia,K-562,Cancer,Bone marrow; Blood,Leukemia,Blood and Lymphoid Cells,Chronic Myelogenous Leukemia,,"Time-course recovery (0, 1, 2, 3, 5 h) ; Perturbation (Heat Shock) ; Dynamic SILAC-TMT11 labeling",TMT-based proteomic characterization of protein solubility and disaggregation dynamics in K-562 leukemia cells following non-lethal heat stress,Orbitrap Fusion Lumos,TMT 11-plex,3452.0,"126 = mock, 0 h 127L = mock, 1 h 127H = mock, 2 h 128L = mock, 3 h 128H = mock, 5 h","129L = pre-shock control 129H = heat shock, 0 h 130L = heat shock, 1 h 130H = heat shock, 2 h 131L = heat shock, 3 h 131H = heat shock, 5 h",129L (Pre-shock baseline/reference),11.0,5,Within-TMT relative FC normalized to reference_label=129L,,,UniProt,2019.0,Fixed: Carbamidomethyl (C); TMT (K). Variable: TMT (Protein N-term); Oxidation (M); Acetylation (Protein N-term),0.05,result_PXD017291.xlsx,https://www.omicsdi.org/dataset/pride/PXD017291,Disaggregation of pre-existing proteins is main strategy to clear aggregates; speed depends on aggregation extent and IDRs,,Not specified
PRIDE,PXD017852,32612236,Systematic Quantitative Analysis of Ribosome Inventory Upon Nutrient Stress,55,,3.0,30.0,6,16.0,0,HEK293; HEK293T human embryonic kidney cell lines; HCT116 colorectal carcinoma cell line,Cell Lines,Kidney; Colon,Kidney; Colon,Colorectal carcinoma,HEK293; HEK293T; HCT116,Normal; normal; cancer,Kidney; Colon,Colorectal carcinoma,Kidney; Colon epithelium,,Colorectal carcinoma,"TMT-based bulk quantitative proteomics of whole-cell lysates; untreated vs amino acid withdrawal (−AA, 10 h) and mTOR inhibition (Torin1, 10 h); WT and autophagy-deficient backgrounds (ATG5, ATG7, RB1CC1)",Total proteome profiling of human cell lines under acute nutrient stress,Orbitrap Tribrid series,TMT 11-plex,8000.0,"Condition (applied per genotype): UT = untreated control; Column name Meaning WT_UT1_sn sum WT, untreated, biological replicate 1 WT_UT2_sn sum WT, untreated, biological replicate 2 WT_UT3_sn sum WT, untreated, biological replicate 3 WT_UT01_sn sum WT, untreated, biological replicate 1 (alternative naming) WT_UT02_sn sum WT, untreated, biological replicate 2 (alternative naming) WT_UT03_sn sum WT, untreated, biological replicate 3 (alternative naming)",,"Genotype: WT (wild type, no gene knockout); ATG5 KO (ATG5 gene knockout); RB1CC1 KO (RB1CC1 gene knockout). Condition (applied per genotype): UT = untreated control; −AA = amino acid withdrawal; Torin1 = mTOR inhibition.",,,Channel-wise total reporter signal normalization,,,UniProt,2019.0,"Fixed: Carbamidomethyl (C); TMT (K, Protein N-term). Variable: Oxidation (M)",0.01,result_PXD017852.xlsx,https://www.omicsdi.org/dataset/pride/PXD017856,"Ribosomal protein abundance decreases modestly (4.6-11.6%) under nutrient stress, largely autophagy-independent",,Not specified
PRIDE,PXD017857,32612236,Systematic Quantitative Analysis of Ribosome Inventory Upon Nutrient Stress,29,,,,6,23.0,0,HEK293T human embryonic kidney cell line,Cell Lines,Kidney,Kidney,,HEK293T,Normal,Kidney,,Kidney,,,"WT UT(0h) represents the baseline control; all other channels correspond to treatments, time controls, or knockout genotypes.",Direct measurement of protein degradation dynamics under nutrient stress,Orbitrap Tribrid series,TMT 11-plex,8000.0,WT_UT(0h)_1_sn sum WT_UT(0h)_2_sn sum WT_UT(0h)_3_sn sum WT_UT(12h)_1_sn sum WT_UT(12h)_2_sn sum WT_UT(12h)_3_sn sum,WT_Tor(12h)_1_sn sum WT_Tor(12h)_2_sn sum WT_Tor(12h)_3_sn sum ATG7_NegCtrl_sn sum ATG7_UT(0h)_1_sn sum ATG7_UT(0h)_2_sn sum ATG7_UT(0h)_3_sn sum ATG7_UT(12h)_1_sn sum ATG7_UT(12h)_2_sn sum ATG7_UT(12h)_3_sn sum ATG7_Tor(12h)_1_sn sum ATG7_Tor(12h)_2_sn sum ATG7_Tor(12h)_3_sn sum RB1CC1_NegCtrl_sn sum RB1CC1_UT(0h)_1_sn sum RB1CC1_UT(0h)_2_sn sum RB1CC1_UT(0h)_3_sn sum RB1CC1_UT(12h)_1_sn sum RB1CC1_UT(12h)_2_sn sum RB1CC1_UT(12h)_3_sn sum RB1CC1_Tor(12h)_1_sn sum RB1CC1_Tor(12h)_2_sn sum RB1CC1_Tor(12h)_3_sn sum,ATG7_NegCtrl_sn sum RB1CC1_NegCtrl_sn sum,,,,,,UniProt,2019.0,"Fixed: Carbamidomethyl (C); TMT (K, Protein N-term). Variable: Oxidation (M)",0.01,result_PXD017857.xlsx,https://www.omicsdi.org/dataset/pride/PXD017856,"Ribosomal proteins show accelerated, largely autophagy-independent degradation upon mTOR inhibition",,Not specified
PRIDE,PXD019240,32891189,Organoids model transcriptional hallmarks of oncogenic KRAS activation in lung epithelial progenitor cells,8,,0.0,4.0,4,,0,"IAT2 organoids (NKX2-1^GFP+ / SFTPC^tdTomato+), derived from human iPSCs",Cell Lines,Lung epithelial organoids (iAT2),Lung,Lung Adenocarcinoma (experimental model),BU3-NGST-TetOn-KRASG12D,Normal,Lung,Lung Adenocarcinoma (experimental model),Epithelial Tissues,Lung Adenocarcinoma,KRAS-G12D mutant early-stage Lung Adenocarcinoma,"Case-control proteomic and phosphoproteomic profiling using TMT-10plex labeling. Eight samples were tryptically digested, labeled with TMT 10-plex tags and pooled. Peptide mixture was fractionated via basic reversed-phase HPLC into 12 fractions, and each fraction was split to both directly analyze proteome and be individually phosphoenriched.. Drug-treatment (doxycycline induction vs DMSO vehicle); case–control; TMT-based quantitative proteomics and phosphoproteomics","Deep proteome and phosphoproteome profiling of human iAT2 organoids carrying inducible KRASG12D, comparing untreated cancer-model controls (DMSO) to doxycycline-induced KRASG12D activation using TMT-based LC-MS/MS",Q Exactive HF-X,TMT 10-plex,6000.0,Reporter intensity corrected 1 Control1 DMSO (control) Reporter intensity corrected 2 Control2 DMSO (control) Reporter intensity corrected 3 Control3 DMSO (control) Reporter intensity corrected 4 Control4 DMSO (control),Reporter intensity corrected 5 KRASmut1 dox-induced KRASG12D Reporter intensity corrected 6 KRASmut2 dox-induced KRASG12D Reporter intensity corrected 7 KRASmut3 dox-induced KRASG12D Reporter intensity corrected 8 KRASmutG12D4 dox-induced KRASG12D,,8.0,4,TMT-based reporter ion normalization (MaxQuant),,,UniProt,2019.0,Fixed: Carbamidomethyl (C). Variable: Oxidation (M); Acetylation (Protein N-term),0.01,result_PXD019240.xlsx,https://www.omicsdi.org/dataset/pride/PXD019240,Proteomic and phosphoproteomic confirmation of KRAS pathway activation in human iAT2 lung cancer model organoids,"Control samples are engineered cells (BU3-NGST-TetOn-KRASG12D) with inducible oncogenic mutation system, not normal/healthy",Not specified
PRIDE,PXD019544,33441310,Multiomics Characterization of Low-Grade Serous Ovarian Carcinoma Identifies Potential Biomarkers of MEK Inhibitor Sensitivity and Therapeutic Vulnerability,12,,12.0,,,,0,Low-grade serous ovarian carcinoma (LGSOC) patient-derived cell lines; 5 HGSOC,Cell Lines,Low-grade serous ovarian carcinoma cell lines,Ovary,Carcinoma,CL-1; CL-2; CL-6; CL-7; CL-10; CL-14; CL-15; mcCTRL; hgCTRL; PIS,Cancer,Ovary,Carcinoma,Epithelial Tissues,Low-Grade Serous Ovarian Carcinoma,MEKi-sensitive and MEKi-resistant phenotypes,"TMT10-based quantitative proteomics; 3 TMT batches; 7 LGSOC cell lines measured in biological triplicates; pooled LGSOC control; pooled HGSOC control; pooled internal standard; 126–129C = LGSOC линии, 130C = LGSOC pooled, 130N = HGSOC pooled, 131 = pooled internal standard","TMT10 MS3 proteomic profiling of 7 LGSOC cell lines (triplicates) with pooled LGSOC, pooled HGSOC, and pooled internal standard to identify protein biomarkers associated with MEK inhibitor sensitivit",Orbitrap Fusion,TMT 10-plex,5100.0,LGSOC cell lines (126–129C)'; 130C = LGSOC pooled; 130N = HGSOC pooled,,131 = pooled internal standard,12.0,12,Pooled internal standard (IRS) + ComBat batch correction,,,UniProt,2019.0,"Fixed: Carbamidomethyl (C); TMT (K, Protein N-term). Variable: Oxidation (M); Acetylation (Protein N-term); Phosphorylation (S, T, Y)",,result_PXD019544.xlsx,https://www.omicsdi.org/dataset/pride/PXD019544,Protein signatures identify MEK inhibitor sensitivity/resistance in low-grade serous ovarian carcinoma. TMT proteomics outperforms transcriptomics. OXPHOS in sensitive; MAPK/PI3K-AKT-mTOR in resistant,,Not specified
PRIDE,PXD020586,34099695,Quantitative single-cell proteomics as a tool to characterize cellular hierarchies,2514,,2514.0,,0,,1,OCI-AML8227 AML cells; LSC (CD34+CD38−); PROG (CD34+CD38+); BLAST CD38−; BLAST CD38+,Cell Lines,Bone marrow,Hematopoietic system,Acute Myeloid Leukemia (AML),OCI-AML8227,Cancer,Bone marrow,Acute Myeloid Leukemia,Bone marrow,Acute Myeloid Leukemia (AML),AML hierarchy (LSC → PROG → BLAST),"Single-cell proteomics; TMTPro 16-plex; FACS index sorting; pre-sorted 500ms; pre-enriched; unbiased bulk; differentiation trajectory analysis; SCeptre normalization.Booster: 126 (1 channel) → ~200 cell equivalent Reference: 127C (1 channel) → reference or empty Single Cell: 127N, 128N, 128C, 129N, 129C, 130N, 130C, 131N, 131C, 132N, 132C, 133N, 133C, 134N (14 channels per run)",Single-cell TMTPro proteomics of 2514 OCI-AML8227 AML cells resolving proteomic AML hierarchy,Orbitrap Exploris,TMTpro 16-plex,2723.0,14 single-cell channels (127N; 128N; 128C; 129N; 129C; 130N; 130C; 131N; 131C; 132N; 132C; 133N; 133C; 134N),,126 carrier (~200-cell equivalent); 127C bridge/reference channel,2514.0,2514,SCeptre; bridge-channel normalization; log-normalization; batch correction across plates,,,UniProt,2020.0,Fixed: TMTpro (N-term; K); Carbamidomethyl (C). Variable: Oxidation (M),0.01,result_PXD020586.xlsx,https://www.omicsdi.org/dataset/pride/PXD020586,"Single-cell proteomics of 2,514 AML cells (~917 proteins/cell); AML hierarchy confirmed; SCeptre Python package developed",,Not specified
PRIDE,PXD021265_CL,35197447,Proteomic profiling reveals CDK6 upregulation as a targetable resistance mechanism for lenalidomide in multiple myeloma,18,,2.0,16.0,0,0.0,0,Proteomic profiling reveals CDK6 upregulation as a targetable resistance mechanism for lenalidomide in multiple myeloma,Cell Lines,Bone marrow,Bone marrow,Myeloma,MM1S,Cancer,Bone marrow,Multiple myeloma,Plasma cells,Multiple myeloma,Drug perturbation,TMT-11plex drug perturbation proteome and phosphoproteome,"Global and phosphoproteome profiling of MM1S cells treated with pomalidomide, palbociclib and PROTAC degraders (YKL, BSJ) at 3h and 24h",Q Exactive HF-X,TMT 11-plex,8000.0,Reporter intensity corrected 2 plex1 = DMSO 24h Reporter intensity corrected 3 plex2 = DMSO 24h,Reporter intensity corrected 1 plex1 = pomalidomide + palbociclib 24h Reporter intensity corrected 3 plex1 = pomalidomide 24h Reporter intensity corrected 4 plex1 = palbociclib 24h Reporter intensity corrected 5 plex1 = YKL PROTAC 24h Reporter intensity corrected 6 plex1 = palbociclib 3h Reporter intensity corrected 7 plex1 = internal standard 2 (excluded) Reporter intensity corrected 8 plex1 = BSJ PROTAC 24h Reporter intensity corrected 9 plex1 = pomalidomide + palbociclib 24h Reporter intensity corrected 10 plex1 = BSJ PROTAC 24h Reporter intensity corrected 1 plex2 = BSJ PROTAC 3h Reporter intensity corrected 2 plex2 = pomalidomide 24h Reporter intensity corrected 4 plex2 = internal standard 2 (excluded) Reporter intensity corrected 5 plex2 = palbociclib 3h Reporter intensity corrected 6 plex2 = BSJ PROTAC 3h Reporter intensity corrected 7 plex2 = pomalidomide 3h Reporter intensity corrected 8 plex2 = palbociclib 24h Reporter intensity corrected 9 plex2 = pomalidomide 3h Reporter intensity corrected 10 plex2 = YKL PROTAC 24h,Reporter intensity corrected 11 plex1 = pooled internal standard (normalization) Reporter intensity corrected 11 plex2 = pooled internal standard (normalization),22.0,18,Pooled reference channel (131),,,UniProt,2017.0,Fixed:; Carbamidomethyl (C); Variable:; Oxidation (M); Acetyl (Protein N-term),0.01,result_PXD021265_CL.xlsx,https://www.omicsdi.org/dataset/pride/PXD021265,CDK6 upregulated in relapse samples indicating IMiD therapy resistance,"Relapse vs diagnosis, no healthy controls",Not specified
PRIDE,PXD021265_PC,35197447,Proteomic profiling reveals CDK6 upregulation as a targetable resistance mechanism for lenalidomide in multiple myeloma,10,,5.0,5.0,0,0.0,5,CD138+ plasma cells (MACS-enriched),Primary cells,Bone marrow,,Myeloma,,,,,,Multiple myeloma,Plasma cell myeloma,Paired longitudinal proteomics (diagnosis vs relapse),TMT-based quantitative proteomics of paired diagnosis and relapse bone marrow CD138+ plasma cells from multiple myeloma patients,Q Exactive HF-X,TMT 11-plex,6094.0,Reporter intensity corrected 2 MM = Patient 1 diagnose Reporter intensity corrected 4 MM = Patient 2 diagnose Reporter intensity corrected 6 MM = Patient 3 diagnose Reporter intensity corrected 8 MM = Patient 4 diagnose Reporter intensity corrected 10 MM = Patient 5 diagnose,Reporter intensity corrected 1 MM = Patient 1 relapse Reporter intensity corrected 3 MM = Patient 2 relapse Reporter intensity corrected 5 MM = Patient 3 relapse Reporter intensity corrected 7 MM = Patient 4 relapse Reporter intensity corrected 9 MM = Patient 5 relapse,,10.0,10,Median-MAD normalization (log2 ratios relapse/diagnosis),,,UniProt,2017.0,Fixed:; Carbamidomethyl (C); Variable:; Oxidation (M); Acetyl (Protein N-term),0.01,result_PXD021265_PC.xlsx,https://www.omicsdi.org/dataset/pride/PXD021265,CDK6 upregulated in relapse samples indicating IMiD therapy resistance,"Relapse vs diagnosis, no healthy controls",Not specified
PRIDE,PXD022252,33649590,Dual DNA and protein tagging of open chromatin unveils dynamics of epigenomic landscapes in leukemia,18,,5.0,13.0,,,0,K562 (CML cell line) nuclei; NB4 (APL cell line) nuclei,Cell Lines,Blood,Blood,Chronic Myeloid Leukemia; Acute Promyelocytic Leukemia,K562; NB4,Cancer; cancer,Blood,Chronic Myeloid Leukemia; Acute Promyelocytic Leukemia,Blood,Leukemia,Chronic Myeloid Leukemia; Acute Promyelocytic Leukemia,"The study introduced iDAPT, combining quantitative MS (iDAPT-MS) and sequencing (iDAPT-seq) via a Tn5/APEX2 fusion probe to profile the open chromatin proteome and assess regulatory dynamics in K562 and NB4 leukemia cells differentiating under ATRA treatment.Affinity purification of biotin-labeled open chromatin–associated proteins using Tn5–APEX2 fusion probes (TP3, TP5) with technical controls (Tn5-F, APEX2-F) in K562; drug treatment (1 μM ATRA) in NB4; TMT 10-plex quantitative MS.",Simultaneous profiling of open chromatin DNA and associated proteins in leukemia cell lines with differentiation induction. Simultaneous profiling of open chromatin–associated proteome using Tn5–APEX2 fusion probes (TP3/TP5) with technical controls in K562 and ATRA-induced differentiation in NB4.,LTQ-Orbitrap,TMT 10-plex,,NB4 (Supplementary Table 2): 126 (NB4 DMSO) 127n (NB4 DMSO) 127c (NB4 DMSO) 128n (NB4 DMSO) 128c (NB4 DMSO),"K562 (Supplementary Table 1): 127c (Tn5-F rep1) 128c (Tn5-F rep2) 129n (APEX2-F rep1) 129c (APEX2-F rep2) 130n (TP3 rep1) 130c (TP3 rep2) 131n (TP5 rep1) 131c (TP5 rep2). Supplementary Table 2, NB4 + ATRA): 129n → NB4 + 1 μM ATRA (rep1) 129c → NB4 + 1 μM ATRA (rep2) 130n → NB4 + 1 μM ATRA (rep3) 130c → NB4 + 1 μM ATRA (rep4) 131 → NB4 + 1 μM ATRA (rep5)",,18.0,5,"Normalized PSMs were then log2-transformed and collapsed to proteins by arithmetic average, with priority given to uniquely mapping peptides",,,UniProt,,"Fixed: Carbamidomethyl (C); TMT (K, Protein N-term). Variable: Oxidation (M)",0.01,result_PXD022252.xlsx,https://proteomecentral.proteomexchange.org/cgi/GetDataset?ID=PXD022252,Dynamic remodeling of open chromatin proteome during ATRA-induced differentiation,,Not specified
PRIDE,PXD022733,33672863,"Proteomic Analysis of Low-Grade, Early-Stage Endometrial
 Carcinoma Reveals New Dysregulated Pathways Associated
 with Cell Death and Cell Signaling",32,,16.0,,16,,16,"Formalin-fixed, paraffin-embedded (FFPE) tumor tissue and paired healthy tissue",Tissue,Endometrial tissue,Uterus,Endometrioid carcinoma; normal,,,,,,Endometrial cancer; normal,Low-grade endometrioid endometrial carcinoma FIGO I-II; normal,Paired case-control intra-patient comparison using TMT multiplexing,Quantitative proteomic profiling of 16 paired FFPE tumor and adjacent normal tissues to identify dysregulated pathways in early-stage low-grade endometrial carcinoma,Q Exactive,TMT 10-plex,3112.0,SAMPLE_1_T; SAMPLE_1_N; SAMPLE_2_T; SAMPLE_2_N; SAMPLE_3_T; SAMPLE_3_N; SAMPLE_4_T; SAMPLE_4_N; SAMPLE_5_T; SAMPLE_5_N; SAMPLE_6_T; SAMPLE_6_N; SAMPLE_7_T; SAMPLE_7_N; SAMPLE_8_T; SAMPLE_8_N; SAMPLE_9_T; SAMPLE_9_N; SAMPLE_10_T; SAMPLE_10_N; SAMPLE_11_T; SAMPLE_11_N; SAMPLE_12_T; SAMPLE_12_N; SAMPLE_13_T; SAMPLE_13_N; SAMPLE_14_T; SAMPLE_14_N; SAMPLE_15_T; SAMPLE_15_N; SAMPLE_16_T; SAMPLE_16_N,,,32.0,32,Internal Reference Scaling protein level normalization,,,UniProt,2019.0,"Fixed: Carbamidomethyl (C); TMT (K, Protein N-term). Variable: Oxidation (M); Acetylation (Protein N-term)",0.01,result_PXD022733.xlsx,https://www.omicsdi.org/dataset/pride/PXD022733,Proteomic analysis of low-grade endometrial carcinoma: SLIT/ROBO dysregulation; necroptosis (RIPK1/RIPK3/MLKL up); ferroptosis suppressors up; WNT activation; HMGB3 up; L1CAM 6.1%; innate immunity dominance,Healthy tissues from cancer patients,Not specified
PRIDE,PXD022834,33628210,Comparative Cell Surface Proteomic Analysis of the Primary Human T Cell and Monocyte Responses to Type I Interferon,26,,1.0,1.0,12,12.0,12,Primary CD14+ monocytes; Primary CD4+ T cells; Primary Pan-Monocytes; THP-1,Primary cells,Blood (PBMC-derived immune cells),Blood,Normal: Cancer,THP-1,Cancer; cancer; cancer,Blood,Leukemia,Blood,NA (primary cells); Leukemia (THP-1),,"IFNα2a stimulation vs unstimulated (paired within donor), cell-surface / plasma membrane profiling; TMT multiplexing; single-shot plus SCX fractionation (6 fractions) for CD14+ and CD4+ datasets","Quantitative plasma membrane/cell-surface proteomics of primary human CD14+ monocytes and CD4+ T cells (plus Pan-Monocytes, THP-1) comparing +IFNα2a vs unstimulated using TMT and MultiNotch MS3. Perturbation (anti-material): IFNα2a stimulation (overnight). CD14+ monocytes: 1600 IU/ml IFNα2a Pan-Monocytes: 1000 IU/ml IFNα2a CD4+ T cells: 1000 IU/ml IFNα2a THP-1: ±IFNα2a (Table S5A)",Orbitrap Fusion,TMT 10-plex,606.0,Donor 1 Unstimulated Donor 2 Unstimulated Donor 3 Unstimulated Donor 4 Unstimulated Donor 5 Unstimulated Donor 6 Unstimulated Donor 7 Unstimulated Donor 8 Unstimulated Donor 9 Unstimulated Donor 10 Unstimulated Primary Pan-Monocytes Donor 11 Unstimulated Donor 12 Unstimulated THP-1 Unstimulated,Donor 1 + IFN Donor 2 + IFN Donor 3 + IFN Donor 4 + IFN Donor 5 + IFN Donor 6 + IFN Donor 7 + IFN Donor 8 + IFN Donor 9 + IFN Donor 10 + IFN Donor 11 + IFN Donor 12 + IFN THP-1 + IFN,,26.0,13,Reporter ion signal-to-noise channel-sum normalization (MassPike); equal loading adjustment for primary monocytes/CD4 prior to final combining (per Methods),,,UniProt,2017.0,"Fixed: Carbamidomethyl (C); TMT (K, Protein N-term). Variable: Oxidation (M)",0.01,result_PXD022834.xlsx,https://www.omicsdi.org/dataset/pride/PXD022834,IFNα2a-induced cell-surface/PM proteome changes in primary CD14+ monocytes and CD4+ T cells with donor-paired design,,Not specified
PRIDE,PXD023293,35885999,Pilot Study Showing Feasibility of Phosphoproteomic Profiling of Pathway-Level Molecular Alterations in Barrett’s Esophagus,20,5.0,0.0,0.0,15,0.0,10,"Barrett’s esophagus lesion biopsies, paired adjacent squamous epithelium, and healthy squamous epithelium",Tissue,Esophageal epithelium,Esophagus,,,,,,,Barrett's Esophagus,Non-dysplastic BE,Case–control paired design; discovery and validation cohorts; quantitative phosphoproteomics using TMT multiplexing,Quantitative LC-MS/MS TMT-based proteome and phosphoproteome profiling of Barrett’s esophagus lesions compared with paired adjacent normal tissue and healthy controls,Q Exactive HF-X,TMT 11-plex,6810.0,X103B 103 Normal (adjacent) Squamous epithelium paired with X103A X105B 105 Normal (adjacent) Squamous epithelium paired with X105A X109B 109 Normal (adjacent) Squamous epithelium paired with X109A X111B 111 Normal (adjacent) Squamous epithelium paired with X111A X112B 112 Normal (adjacent) Squamous epithelium paired with X112A X101A 101 Normal (healthy) Squamous epithelium replicate X101B 101 Normal (healthy) Squamous epithelium replicate X104A 104 Normal (healthy) Squamous epithelium replicate X104B 104 Normal (healthy) Squamous epithelium replicate X106A 106 Normal (healthy) Squamous epithelium replicate X106B 106 Normal (healthy) Squamous epithelium replicate X107A 107 Normal (healthy) Squamous epithelium replicate X107B 107 Normal (healthy) Squamous epithelium replicate X108A 108 Normal (healthy) Squamous epithelium replicate X108B 108 Normal (healthy) Squamous epithelium replicate,Sample Patient Group Tissue Relation X103A 103 Disease (Barrett’s esophagus) Barrett’s lesion paired with X103B X105A 105 Disease (Barrett’s esophagus) Barrett’s lesion paired with X105B X109A 109 Disease (Barrett’s esophagus) Barrett’s lesion paired with X109B X111A 111 Disease (Barrett’s esophagus) Barrett’s lesion paired with X111B X112A 112 Disease (Barrett’s esophagus) Barrett’s lesion paired with X112B,,20.0,15,Log2 transformation + quantile normalization (LIMMA pipeline),,,UniProt,2019.0,Fixed: Carbamidomethyl (C); Variable: Oxidation (M); Acetyl (Protein N-term),0.01,result_PXD023293.xlsx,https://www.omicsdi.org/dataset/pride/PXD023293,"Barrett's esophagus proteomic signature (59 proteins) and phosphoproteomic signature (64 phosphosites): EMT, ECM remodeling, DDR, UPR",Already normalized; cancer vs pre-cancer (not normal),Normalized
PRIDE,PXD024322,35173148,Proteomic analysis of archival breast cancer clinical specimens identifies biological subtypes with distinct survival outcomes,338,,300.0,,38,,338,Archival FFPE primary invasive breast cancer excision specimens; normal reduction mammoplasty samples,Tissue,Breast tumor and normal tissue,Breast,Invasive breast carcinoma; normal,,,,,,Breast cancer,"PAM50 subtypes (Luminal A, Luminal B, Basal-like, Her2-Enriched); Triple-negative breast cancer subclasses","Case-control, TMT 11-plex, clinical cohort, SP3-CTP methodology",Global proteomic profiling of 300 FFPE breast cancer tumors and 38 normal breast tissues using TMT 11-plex; identification of proteomic clusters associated with survival outcomes,Orbitrap Fusion,TMT 11-plex,4214.0,Set_k_1 = X126 = Normal set_k_2 = X127N = Luminal A set_k_3 = X127C = Luminal A set_k_4 = X128N = Luminal B set_k_5 = X128C = Luminal B set_k_6 = X129N = Basal-like set_k_7 = X129C = Basal-like set_k_8 = X130N = Her2-Enriched set_k_9 = X130C = Her2-Enriched set_k_10 = X131N = Supermix (standard / “SuperMix”) set_k_11 = X131C = PIS (pooled internal standard; плюс IsoDoping peptides),,"131N (Supermix standard); 131C (Pooled Internal Standard, PIS + IsoDoping peptides)",338.0,338,Log2(PSM abundance / PIS); within-plex normalization to pooled internal standard (131C),,,UniProt,2018.0,"Fixed: Carbamidomethyl (C), TMT (Peptide N-term); ; Variable: Oxidation (M), Methylation (K), TMT (K)",0.01,result_PXD024322.xlsx,https://www.omicsdi.org/dataset/pride/PXD024322,"Immune-high proteomic cluster with favorable survival; refined TNBC subclasses (basal-immune hot/cold, mesenchymal, luminal AR)",Values log-transformed: log2(PSM abundance / PIS value) where PIS = pooled internal standard,Log-transformed
PRIDE,PXD025052,34646394,Proteomic analysis of lung cancer cells reveals a critical role of BCAT1 in cancer cell metastasis,10,,5.0,,5,,6,Primary NSCLC tumor tissue; lymph node metastasis tissue,Tissue,Lung tumor; lymph node metastasis,Lung,Lung adenocarcinoma,,,,,,Lung cancer,NSCLC with lymph node metastasis,4 paired FFPE primary vs metastatic + 2 frozen independent tissues; TMT 10-plex,Quantitative TMT proteomics comparing primary and metastatic NSCLC tissues,Q Exactive,TMT 10-plex,5800.0,P.1 Patient 1 FFPE Primary M.1 Patient 1 FFPE Metastasis P.2 Patient 2 FFPE Primary M.2 Patient 2 FFPE Metastasis P.3 Patient 3 FFPE Primary M.3 Patient 3 FFPE Metastasis P.4 Patient 4 FFPE Primary M.4 Patient 4 FFPE Metastasis P.5 Patient 5 Frozen Primary M.5 Patient 6 Frozen Metastasis,,,,,Reporter ion intensity normalization in MaxQuant,,,UniProt,,"Fixed: Carbamidomethyl (C), TMT (+229.1629) Lys/N-term; Variable: Oxidation (M)",0.01,result_PXD025052.xlsx,https://www.omicsdi.org/dataset/pride/PXD025052,BCAT1 upregulated in metastatic tissues,,Not specified
PRIDE,PXD026279,34885041,Proteomic Signatures of Diffuse and Intestinal Subtypes of Gastric Cancer,20,,10.0,,10,,10,Fresh frozen tumor tissue and adjacent normal tissue of patients with gastric cancer,Tissue,Gastric carcinoma tissue,Stomach,Gastric adenocarcinoma,,,,,,Gastric cancer,Intestinal and Diffuse subtypes,Diffuse subtype (n=5); Intestinal subtype (n=5) Paired tumor vs adjacent normal comparison; two independent TMT 10-plex experiments (diffuse and intestinal analyzed separately),Quantitative LC-MS/MS TMT 10-plex proteomic profiling of paired tumor and adjacent normal tissues from 5 diffuse and 5 intestinal gastric cancer patients to identify subtype-specific differential protein signatures.,Q Exactive HF-X,TMT 10-plex,4846.0,Diffuse subtype Sample Identifier Tumor Adjacent norrmal Patient 1 126 127N Patient 2 127C 128N Patient 3 128C 129N Patient 4 129C 130N Patient 5 130C 131 Intestinal subtype Sample Identifier Tumor Adjacent norrmal Patient 1 126 129N Patient 2 127N 129C Patient 3 127C 130N Patient 4 128N 130C Patient 5 128C 131,,,,,Relative TMT reporter ion quantification; paired two-tailed t-test; ≥2-fold change threshold; Perseus statistical analysis,,,UniProt,2019.0,"Fixed: Carbamidomethyl (C), TMT 10-plex (N-term, K); Variable: Oxidation (M)",0.01,result_PXD026279.xlsx,https://www.omicsdi.org/dataset/pride/PXD026279,"Subtype-specific signatures: GREM1, BAG2, OLFM4, TRIP6 in diffuse; MAGE-A9 in intestinal; mRNA-protein correlation diffuse r=0.46, intestinal r=0.28","Already normalized, ratio to healthy, not raw",Normalized
PRIDE,PXD027335,36495079,Glioblastoma stem cells express non-canonical proteins and exclusive mesenchymal-like or non-mesenchymal-like protein signatures,8,0.0,7.0,0.0,1,0.0,6,BT GSC (6 lines) + T98G + astrocyte; triplicates across 3 TMT sets,Cell Lines,Brain,Brain,Glioblastoma,BT GSC; T98G; astrocyte,Cancer; normal,Brain,Glioblastoma,Brain,Glioblastoma,Proneural/Classical,Discovery: GSC vs controls,HiRIEF LC-MS/MS proteogenomic profiling; 3 TMT10 sets,Q Exactive HF,TMT 10-plex,11000.0,TMT_label Set1 Set2 Set3 127N T98GA BT373A BT379C 127C BT517B BT417B BT462C 128N BT379A T98GC BT417C 128C BT462A BT273B BT517A 129N BT462B BT517C BT379B 129C BT373B astrocyteA BT273A 130N BT273C BT417A astrocyteC 130C astrocyteB BT373C T98GB,,126 I.S. A I.S. A I.S. A 131 I.S. B I.S. B I.S. B,30.0,24,Median of PSM ratios with internal standards,,,Ensembl,,Carbamidomethyl(C); Oxidation(M); TMT,0.01,result_PXD027335.xlsx,https://www.ebi.ac.uk/pride/archive/projects/PXD027335,GSAPS defined; non-canonical peptides detected,Tables show negative values indicating normalization,Not specified
PRIDE,PXD027339,36495079,Glioblastoma stem cells express non-canonical proteins and exclusive mesenchymal-like or non-mesenchymal-like protein signatures,11,0.0,11.0,0.0,0,0.0,11,"8 cell line samples (6 patient-derived GSC lines + T98G + astrocyte), each measured in triplicate across 3 TMT sets (n=24 measurements)",Cell Lines,Brain,Brain,Glioblastoma,HGCC GSC panel,Cancer,Brain,Glioblastoma,Brain,Glioblastoma,Proneural/Classical/Mesenchymal,Subtype comparison (GPC-like vs GM-like),HiRIEF LC-MS/MS profiling of HGCC GSC lines in one TMTpro16 set,Q Exactive HF,TMTpro 16-plex,10000.0,TMT_label cell_line lab_id 126 U3468 HB001 127N U3440 HB002 127C U3452 HB003_1 128N U3452 HB003_2 128C U3308 HB005 129N U3230 HB006 129C U3123 HB007 130N U3071 HB008_1 130C U3071 HB008_2 131N U3137 HB009 131C U3263 HB010 132N U3053 HB011_1 132C U3053 HB011_2 133N U3461 HB012,,133C no_sample no_sample 134N no_sample no_sample,16.0,14,Median of PSM ratios (OpenMS IsobaricAnalyzer),,,Ensembl,,Carbamidomethyl(C); Oxidation(M); TMTpro,0.01,result_PXD027339.xlsx,https://www.ebi.ac.uk/pride/archive/projects/PXD027339,GSAPS validated across HGCC,Tables show negative values indicating normalization,Not specified
PRIDE,PXD027341,36495079,Glioblastoma stem cells express non-canonical proteins and exclusive mesenchymal-like or non-mesenchymal-like protein signatures,10,0.0,7.0,3.0,0,0.0,10,"GBM tumour tissue (7 primary, 3 non-matched recurrent)",Tissue,Brain tumour tissue,Brain,Glioblastoma,,,,,,Glioblastoma,Primary vs recurrent,Case–case comparison (primary vs recurrent GBM),HiRIEF LC-MS/MS profiling of GBM tissues in one TMT10 set,Q Exactive HF,TMT 10-plex,7800.0,TMT_label lab_id tumour_type 126 GCH_002 primary 127C GCH_004 primary - necrotic 128N GCH_007 primary 129C GCH_012 primary 130N GCH_014 primary 130C GCH_015 primary 131 GCH_016 primary,127N GCH_003 recurrent 128C GCH_009 recurrent 129N GCH_010 recurrent,,10.0,7,Median of PSM ratios (OpenMS IsobaricAnalyzer),,,Ensembl,,Carbamidomethyl(C); Oxidation(M); TMT,0.01,result_PXD027341.xlsx,https://www.ebi.ac.uk/pride/archive/projects/PXD027341,GM-like signature upregulated in recurrent GBM,Tables show negative values indicating normalization,Not specified
PRIDE,PXD028285,36971093,ATM inhibition enhances the efficacy of radiation across distinct molecular subgroups of pediatric high-grade glioma,4,,4.0,,,,0,"Pediatric high-grade glioma (pHGG) cell lines (SJ-DIPG7, SU-DIPGXIII, SJ-DIPG29)",Cell Lines,PHGG cell lines,Brain,Neural,SJ-DIPG7; SJ-DIPG29; SU-DIPGXIII,Cancer; cancer; cancer,Brain,Diffuse intrinsic pontine glioma,Neural,Pediatric high-grade glioma (pHGG),Diffuse intrinsic pontine glioma (DIPG),"Baseline proteome (0 Gy), comparison across cell lines",Whole-proteome TMT quantification of DIPG cell lines at baseline (0 Gy) with Limma differential analysis,Q Exactive HF,TMTpro 16-plex,9462.0,"SJ-DIPG7 + SJ-DIPG29(rep1,rep2) + SU-DIPGXIII",,,4.0,4,,,,UniProt,2019.0,"Fixed: Carbamidomethyl (C), TMT (K, N-term); Variable: Oxidation (M)",0.01,result_PXD028285.xlsx,https://www.ebi.ac.uk/pride/archive/projects/PXD028285,In vitro TMT proteomics of 3 DIPG cell lines: ATM inhibition enhances radiation; DIPG29 resistant,,Not specified
PRIDE,PXD029216_BLAST,39691254,Proteogenomic characterization of highly enriched viable leukemic blasts in acute myeloid leukemia: A SWOG report,2074,0.0,2074.0,0.0,0,0.0,0,BLAST CD38- = less differentiated blast-enriched fraction; BLAST CD38+ = more differentiated / activated blast fraction,Primary cells,Blood; Bone marrow,Hematopoietic system,Leukemia,,,,,,Acute Myeloid Leukemia (AML),Blast compartment,Sorted blast-state proteomics,Integrated blast-state channels across multiple plates/files,Orbitrap Fusion,TMT 11-plex,3044.0,2074 annotated blast channels,BLAST CD38- vs BLAST CD38+,Reference/pool channels excluded,2074.0,2074,Reporter ion intensity normalization,Protein,,UniProt,2019.0,Fixed: Carbamidomethyl(C); TMT10/11plex(K); TMT10/11plex(N-term) Variable: Oxidation(M),0.01,result_PXD029216_BLAST.xlsx,https://www.ebi.ac.uk/pride/archive/projects/PXD029216,CD38-defined blast states show distinct AML proteomic programs,Channel entries are not unique patients; repeated files/fractions present,Raw
PRIDE,PXD029216_BULK,39691254,Proteogenomic characterization of highly enriched viable leukemic blasts in acute myeloid leukemia: A SWOG report,2003,0.0,2003.0,0.0,0,0.0,0,BULK MNC = unsorted mononuclear cell fraction containing leukemic blasts plus normal immune/background cells,Primary cells,Blood; Bone marrow,Hematopoietic system,Leukemia,,,,,,Acute Myeloid Leukemia (AML),Bulk compartment,Unsorted bulk AML proteomics,Integrated bulk channels representing mixed specimen cellularity,Orbitrap Fusion,TMT 11-plex,3044.0,2003 annotated BULK channels,BULK vs BLAST / LSC / PROG,Reference/pool channels excluded,2003.0,2003,Reporter ion intensity normalization,Protein,,UniProt,2019.0,Fixed: Carbamidomethyl(C); TMT10/11plex(K); TMT10/11plex(N-term) Variable: Oxidation(M),0.01,result_PXD029216_BULK.xlsx,https://www.ebi.ac.uk/pride/archive/projects/PXD029216,Bulk samples capture mixed AML biology and compartment contrasts,Channel entries are not unique patients; heterogeneous composition; repeated fractions likely present,Raw
PRIDE,PXD029216_LSC,39691254,Proteogenomic characterization of highly enriched viable leukemic blasts in acute myeloid leukemia: A SWOG report,259,0.0,259.0,0.0,0,0.0,0,LSC = leukemic stem cell-enriched fraction with primitive self-renewal-like phenotype,Primary cells,Blood; Bone marrow,Hematopoietic system,Leukemia,,,,,,Acute Myeloid Leukemia (AML),Stem-like compartment,Sorted stem-like proteomics,Integrated LSC channels across multiple plates/files,Orbitrap Fusion,TMT 11-plex,3044.0,259 annotated LSC channels,LSC vs BLAST vs PROG,Reference/pool channels excluded,259.0,259,Reporter ion intensity normalization,Protein,,UniProt,2019.0,Fixed: Carbamidomethyl(C); TMT10/11plex(K); TMT10/11plex(N-term) Variable: Oxidation(M),0.01,result_PXD029216_LSC.xlsx,https://www.ebi.ac.uk/pride/archive/projects/PXD029216,Stem-like leukemic compartment has distinct proteomic state,Channel entries are not unique patients; pooled/repeated material possible,Raw
PRIDE,PXD029216_PROG,39691254,Proteogenomic characterization of highly enriched viable leukemic blasts in acute myeloid leukemia: A SWOG report,181,0.0,181.0,0.0,0,0.0,0,PROG = progenitor-like leukemic fraction intermediate between stem-like LSC and blast states,Primary cells,Blood; Bone marrow,Hematopoietic system,Leukemia,,,,,,Acute Myeloid Leukemia (AML),Progenitor compartment,Sorted progenitor-state proteomics,Integrated progenitor-state channels across multiple plates/files,Orbitrap Fusion,TMT 11-plex,3044.0,181 annotated PROG channels,PROG vs LSC vs BLAST,Reference/pool channels excluded,181.0,181,Reporter ion intensity normalization,Protein,,UniProt,2019.0,Fixed: Carbamidomethyl(C); TMT10/11plex(K); TMT10/11plex(N-term) Variable: Oxidation(M),0.01,result_PXD029216_PROG.xlsx,https://www.ebi.ac.uk/pride/archive/projects/PXD029216,Intermediate progenitor-like state differs from blast and stem-like states,Channel entries are not unique patients; pooled/repeated material possible,Raw
PRIDE,PXD029320,35219906,Real-Time Search-Assisted Acquisition on a Tribrid Mass Spectrometer Improves Coverage in Multiplexed Single-Cell Proteomics,14,0.0,14.0,0.0,0,0.0,0,"OCI-AML8227 AML cell line; single cells sorted into CD34+CD38-, CD34+CD38+, CD34-",Cell Lines,Bone marrow,Blood and Lymphoid,Leukemia,OCI-AML8227,Cancer,Bone marrow; Blood,Leukemia,Blood and Lymphoid Cells,Acute myeloid leukemia (AML),,"Technological comparison, multiplexed single-cell proteomics (scMS), TMTpro, Real-Time Search (RTS) acquisition methods (RTS-MS3, RETICLE, MS2)",Benchmarking of Real-Time Search (RTS) assisted MS3 acquisition against conventional MS2 in TMTpro-based single-cell proteomics using OCI-AML8227 AML cells.,Orbitrap Eclipse,TMTpro 16-plex,1000.0,File ID Channel File Name Plate Sample Row Column Well Sorted Population F1 126 20210618_HB_BF_U3000_uPAC_50cm_precol_127min_TMTpro5_150nlmin_2CV_scMS_MS3_750ms_2.raw 1 14 F1 127N 20210618_HB_BF_U3000_uPAC_50cm_precol_127min_TMTpro5_150nlmin_2CV_scMS_MS3_750ms_2.raw 1 14 N 1 N1 CD34- F1 127C 20210618_HB_BF_U3000_uPAC_50cm_precol_127min_TMTpro5_150nlmin_2CV_scMS_MS3_750ms_2.raw 1 14 F1 128N 20210618_HB_BF_U3000_uPAC_50cm_precol_127min_TMTpro5_150nlmin_2CV_scMS_MS3_750ms_2.raw 1 14 N 5 N5 CD34+CD38+ F1 128C 20210618_HB_BF_U3000_uPAC_50cm_precol_127min_TMTpro5_150nlmin_2CV_scMS_MS3_750ms_2.raw 1 14 N 2 N2 CD34- F1 129N 20210618_HB_BF_U3000_uPAC_50cm_precol_127min_TMTpro5_150nlmin_2CV_scMS_MS3_750ms_2.raw 1 14 N 6 N6 CD34+CD38+ F1 129C 20210618_HB_BF_U3000_uPAC_50cm_precol_127min_TMTpro5_150nlmin_2CV_scMS_MS3_750ms_2.raw 1 14 N 7 N7 CD34+CD38+ F1 130N 20210618_HB_BF_U3000_uPAC_50cm_precol_127min_TMTpro5_150nlmin_2CV_scMS_MS3_750ms_2.raw 1 14 N 10 N10 CD34+CD38- F1 130C 20210618_HB_BF_U3000_uPAC_50cm_precol_127min_TMTpro5_150nlmin_2CV_scMS_MS3_750ms_2.raw 1 14 N 3 N3 CD34- F1 131N 20210618_HB_BF_U3000_uPAC_50cm_precol_127min_TMTpro5_150nlmin_2CV_scMS_MS3_750ms_2.raw 1 14 N 11 N11 CD34+CD38- F1 131C 20210618_HB_BF_U3000_uPAC_50cm_precol_127min_TMTpro5_150nlmin_2CV_scMS_MS3_750ms_2.raw 1 14 N 4 N4 CD34- F1 132N 20210618_HB_BF_U3000_uPAC_50cm_precol_127min_TMTpro5_150nlmin_2CV_scMS_MS3_750ms_2.raw 1 14 N 12 N12 CD34+CD38- F1 132C 20210618_HB_BF_U3000_uPAC_50cm_precol_127min_TMTpro5_150nlmin_2CV_scMS_MS3_750ms_2.raw 1 14 N 8 N8 CD34+CD38+ F1 133N 20210618_HB_BF_U3000_uPAC_50cm_precol_127min_TMTpro5_150nlmin_2CV_scMS_MS3_750ms_2.raw 1 14 N 13 N13 CD34+CD38- F1 133C 20210618_HB_BF_U3000_uPAC_50cm_precol_127min_TMTpro5_150nlmin_2CV_scMS_MS3_750ms_2.raw 1 14 N 9 N9 CD34+CD38+ F1 134N 20210618_HB_BF_U3000_uPAC_50cm_precol_127min_TMTpro5_150nlmin_2CV_scMS_MS3_750ms_2.raw 1 14 N 14 N14 CD34+CD38- F2 126 20210618_HB_BF_U3000_uPAC_50cm_precol_127min_TMTpro5_150nlmin_2CV_scMS_MS3_750ms_3.raw 1 20 F2 127N 20210618_HB_BF_U3000_uPAC_50cm_precol_127min_TMTpro5_150nlmin_2CV_scMS_MS3_750ms_3.raw 1 20 G 21 G21 CD34+CD38+ F2 127C 20210618_HB_BF_U3000_uPAC_50cm_precol_127min_TMTpro5_150nlmin_2CV_scMS_MS3_750ms_3.raw 1 20 F2 128N 20210618_HB_BF_U3000_uPAC_50cm_precol_127min_TMTpro5_150nlmin_2CV_scMS_MS3_750ms_3.raw 1 20 G 17 G17 CD34- F2 128C 20210618_HB_BF_U3000_uPAC_50cm_precol_127min_TMTpro5_150nlmin_2CV_scMS_MS3_750ms_3.raw 1 20 H 18 H18 CD34+CD38- F2 129N 20210618_HB_BF_U3000_uPAC_50cm_precol_127min_TMTpro5_150nlmin_2CV_scMS_MS3_750ms_3.raw 1 20 G 18 G18 CD34- F2 129C 20210618_HB_BF_U3000_uPAC_50cm_precol_127min_TMTpro5_150nlmin_2CV_scMS_MS3_750ms_3.raw 1 20 H 19 H19 CD34+CD38- F2 130N 20210618_HB_BF_U3000_uPAC_50cm_precol_127min_TMTpro5_150nlmin_2CV_scMS_MS3_750ms_3.raw 1 20 G 22 G22 CD34+CD38+ F2 130C 20210618_HB_BF_U3000_uPAC_50cm_precol_127min_TMTpro5_150nlmin_2CV_scMS_MS3_750ms_3.raw 1 20 G 19 G19 CD34- F2 131N 20210618_HB_BF_U3000_uPAC_50cm_precol_127min_TMTpro5_150nlmin_2CV_scMS_MS3_750ms_3.raw 1 20 G 23 G23 CD34+CD38+ F2 131C 20210618_HB_BF_U3000_uPAC_50cm_precol_127min_TMTpro5_150nlmin_2CV_scMS_MS3_750ms_3.raw 1 20 G 24 G24 CD34+CD38+ F2 132N 20210618_HB_BF_U3000_uPAC_50cm_precol_127min_TMTpro5_150nlmin_2CV_scMS_MS3_750ms_3.raw 1 20 H 17 H17 CD34+CD38+ F2 132C 20210618_HB_BF_U3000_uPAC_50cm_precol_127min_TMTpro5_150nlmin_2CV_scMS_MS3_750ms_3.raw 1 20 H 20 H20 CD34+CD38- F2 133N 20210618_HB_BF_U3000_uPAC_50cm_precol_127min_TMTpro5_150nlmin_2CV_scMS_MS3_750ms_3.raw 1 20 H 21 H21 CD34+CD38- F2 133C 20210618_HB_BF_U3000_uPAC_50cm_precol_127min_TMTpro5_150nlmin_2CV_scMS_MS3_750ms_3.raw 1 20 H 22 H22 CD34+CD38- F2 134N 20210618_HB_BF_U3000_uPAC_50cm_precol_127min_TMTpro5_150nlmin_2CV_scMS_MS3_750ms_3.raw 1 20 G 20 G20 CD34- F3 126 20210618_HB_BF_U3000_uPAC_50cm_precol_127min_TMTpro5_150nlmin_2CV_scMS_MS3_750ms_4.raw 2 2 F3 127N 20210618_HB_BF_U3000_uPAC_50cm_precol_127min_TMTpro5_150nlmin_2CV_scMS_MS3_750ms_4.raw 2 2 B 10 B10 CD34+CD38- F3 127C 20210618_HB_BF_U3000_uPAC_50cm_precol_127min_TMTpro5_150nlmin_2CV_scMS_MS3_750ms_4.raw 2 2 F3 128N 20210618_HB_BF_U3000_uPAC_50cm_precol_127min_TMTpro5_150nlmin_2CV_scMS_MS3_750ms_4.raw 2 2 B 11 B11 CD34+CD38- F3 128C 20210618_HB_BF_U3000_uPAC_50cm_precol_127min_TMTpro5_150nlmin_2CV_scMS_MS3_750ms_4.raw 2 2 B 1 B1 CD34- F3 129N 20210618_HB_BF_U3000_uPAC_50cm_precol_127min_TMTpro5_150nlmin_2CV_scMS_MS3_750ms_4.raw 2 2 B 12 B12 CD34+CD38- F3 129C 20210618_HB_BF_U3000_uPAC_50cm_precol_127min_TMTpro5_150nlmin_2CV_scMS_MS3_750ms_4.raw 2 2 B 5 B5 CD34+CD38+ F3 130N 20210618_HB_BF_U3000_uPAC_50cm_precol_127min_TMTpro5_150nlmin_2CV_scMS_MS3_750ms_4.raw 2 2 B 13 B13 CD34+CD38- F3 130C 20210618_HB_BF_U3000_uPAC_50cm_precol_127min_TMTpro5_150nlmin_2CV_scMS_MS3_750ms_4.raw 2 2 B 6 B6 CD34+CD38+ F3 131N 20210618_HB_BF_U3000_uPAC_50cm_precol_127min_TMTpro5_150nlmin_2CV_scMS_MS3_750ms_4.raw 2 2 B 2 B2 CD34- F3 131C 20210618_HB_BF_U3000_uPAC_50cm_precol_127min_TMTpro5_150nlmin_2CV_scMS_MS3_750ms_4.raw 2 2 B 3 B3 CD34- F3 132N 20210618_HB_BF_U3000_uPAC_50cm_precol_127min_TMTpro5_150nlmin_2CV_scMS_MS3_750ms_4.raw 2 2 B 14 B14 CD34+CD38- F3 132C 20210618_HB_BF_U3000_uPAC_50cm_precol_127min_TMTpro5_150nlmin_2CV_scMS_MS3_750ms_4.raw 2 2 B 7 B7 CD34+CD38+ F3 133N 20210618_HB_BF_U3000_uPAC_50cm_precol_127min_TMTpro5_150nlmin_2CV_scMS_MS3_750ms_4.raw 2 2 B 4 B4 CD34- F3 133C 20210618_HB_BF_U3000_uPAC_50cm_precol_127min_TMTpro5_150nlmin_2CV_scMS_MS3_750ms_4.raw 2 2 B 8 B8 CD34+CD38+ F3 134N 20210618_HB_BF_U3000_uPAC_50cm_precol_127min_TMTpro5_150nlmin_2CV_scMS_MS3_750ms_4.raw 2 2 B 9 B9 CD34+CD38+ F4 126 20210618_HB_BF_U3000_uPAC_50cm_precol_127min_TMTpro5_150nlmin_2CV_scMS_MS3_750ms_5.raw 2 8 F4 127N 20210618_HB_BF_U3000_uPAC_50cm_precol_127min_TMTpro5_150nlmin_2CV_scMS_MS3_750ms_5.raw 2 8 H 1 H1 CD34- F4 127C 20210618_HB_BF_U3000_uPAC_50cm_precol_127min_TMTpro5_150nlmin_2CV_scMS_MS3_750ms_5.raw 2 8 F4 128N 20210618_HB_BF_U3000_uPAC_50cm_precol_127min_TMTpro5_150nlmin_2CV_scMS_MS3_750ms_5.raw 2 8 H 10 H10 CD34+CD38- F4 128C 20210618_HB_BF_U3000_uPAC_50cm_precol_127min_TMTpro5_150nlmin_2CV_scMS_MS3_750ms_5.raw 2 8 H 5 H5 CD34+CD38+ F4 129N 20210618_HB_BF_U3000_uPAC_50cm_precol_127min_TMTpro5_150nlmin_2CV_scMS_MS3_750ms_5.raw 2 8 H 6 H6 CD34+CD38+ F4 129C 20210618_HB_BF_U3000_uPAC_50cm_precol_127min_TMTpro5_150nlmin_2CV_scMS_MS3_750ms_5.raw 2 8 H 7 H7 CD34+CD38+ F4 130N 20210618_HB_BF_U3000_uPAC_50cm_precol_127min_TMTpro5_150nlmin_2CV_scMS_MS3_750ms_5.raw 2 8 H 2 H2 CD34- F4 130C 20210618_HB_BF_U3000_uPAC_50cm_precol_127min_TMTpro5_150nlmin_2CV_scMS_MS3_750ms_5.raw 2 8 H 11 H11 CD34+CD38- F4 131N 20210618_HB_BF_U3000_uPAC_50cm_precol_127min_TMTpro5_150nlmin_2CV_scMS_MS3_750ms_5.raw 2 8 H 12 H12 CD34+CD38- F4 131C 20210618_HB_BF_U3000_uPAC_50cm_precol_127min_TMTpro5_150nlmin_2CV_scMS_MS3_750ms_5.raw 2 8 H 13 H13 CD34+CD38- F4 132N 20210618_HB_BF_U3000_uPAC_50cm_precol_127min_TMTpro5_150nlmin_2CV_scMS_MS3_750ms_5.raw 2 8 H 8 H8 CD34+CD38+ F4 132C 20210618_HB_BF_U3000_uPAC_50cm_precol_127min_TMTpro5_150nlmin_2CV_scMS_MS3_750ms_5.raw 2 8 H 14 H14 CD34+CD38- F4 133N 20210618_HB_BF_U3000_uPAC_50cm_precol_127min_TMTpro5_150nlmin_2CV_scMS_MS3_750ms_5.raw 2 8 H 9 H9 CD34+CD38+ F4 133C 20210618_HB_BF_U3000_uPAC_50cm_precol_127min_TMTpro5_150nlmin_2CV_scMS_MS3_750ms_5.raw 2 8 H 3 H3 CD34- F4 134N 20210618_HB_BF_U3000_uPAC_50cm_precol_127min_TMTpro5_150nlmin_2CV_scMS_MS3_750ms_5.raw 2 8 H 4 H4 CD34- F5 126 20210618_HB_BF_U3000_uPAC_50cm_precol_127min_TMTpro5_150nlmin_2CV_scMS_MS3_750ms_6.raw 2 14 F5 127N 20210618_HB_BF_U3000_uPAC_50cm_precol_127min_TMTpro5_150nlmin_2CV_scMS_MS3_750ms_6.raw 2 14 N 5 N5 CD34+CD38+ F5 127C 20210618_HB_BF_U3000_uPAC_50cm_precol_127min_TMTpro5_150nlmin_2CV_scMS_MS3_750ms_6.raw 2 14 F5 128N 20210618_HB_BF_U3000_uPAC_50cm_precol_127min_TMTpro5_150nlmin_2CV_scMS_MS3_750ms_6.raw 2 14 N 1 N1 CD34- F5 128C 20210618_HB_BF_U3000_uPAC_50cm_precol_127min_TMTpro5_150nlmin_2CV_scMS_MS3_750ms_6.raw 2 14 N 6 N6 CD34+CD38+ F5 129N 20210618_HB_BF_U3000_uPAC_50cm_precol_127min_TMTpro5_150nlmin_2CV_scMS_MS3_750ms_6.raw 2 14 N 10 N10 CD34+CD38- F5 129C 20210618_HB_BF_U3000_uPAC_50cm_precol_127min_TMTpro5_150nlmin_2CV_scMS_MS3_750ms_6.raw 2 14 N 2 N2 CD34- F5 130N 20210618_HB_BF_U3000_uPAC_50cm_precol_127min_TMTpro5_150nlmin_2CV_scMS_MS3_750ms_6.raw 2 14 N 11 N11 CD34+CD38- F5 130C 20210618_HB_BF_U3000_uPAC_50cm_precol_127min_TMTpro5_150nlmin_2CV_scMS_MS3_750ms_6.raw 2 14 N 12 N12 CD34+CD38- F5 131N 20210618_HB_BF_U3000_uPAC_50cm_precol_127min_TMTpro5_150nlmin_2CV_scMS_MS3_750ms_6.raw 2 14 N 7 N7 CD34+CD38+ F5 131C 20210618_HB_BF_U3000_uPAC_50cm_precol_127min_TMTpro5_150nlmin_2CV_scMS_MS3_750ms_6.raw 2 14 N 8 N8 CD34+CD38+ F5 132N 20210618_HB_BF_U3000_uPAC_50cm_precol_127min_TMTpro5_150nlmin_2CV_scMS_MS3_750ms_6.raw 2 14 N 3 N3 CD34- F5 132C 20210618_HB_BF_U3000_uPAC_50cm_precol_127min_TMTpro5_150nlmin_2CV_scMS_MS3_750ms_6.raw 2 14 N 4 N4 CD34- F5 133N 20210618_HB_BF_U3000_uPAC_50cm_precol_127min_TMTpro5_150nlmin_2CV_scMS_MS3_750ms_6.raw 2 14 N 13 N13 CD34+CD38- F5 133C 20210618_HB_BF_U3000_uPAC_50cm_precol_127min_TMTpro5_150nlmin_2CV_scMS_MS3_750ms_6.raw 2 14 N 14 N14 CD34+CD38- F5 134N 20210618_HB_BF_U3000_uPAC_50cm_precol_127min_TMTpro5_150nlmin_2CV_scMS_MS3_750ms_6.raw 2 14 N 9 N9 CD34+CD38+ F6 126 20210618_HB_BF_U3000_uPAC_50cm_precol_127min_TMTpro5_150nlmin_2CV_scMS_MS3_750ms_7.raw 2 20 F6 127N 20210618_HB_BF_U3000_uPAC_50cm_precol_127min_TMTpro5_150nlmin_2CV_scMS_MS3_750ms_7.raw 2 20 H 18 H18 CD34+CD38- F6 127C 20210618_HB_BF_U3000_uPAC_50cm_precol_127min_TMTpro5_150nlmin_2CV_scMS_MS3_750ms_7.raw 2 20 F6 128N 20210618_HB_BF_U3000_uPAC_50cm_precol_127min_TMTpro5_150nlmin_2CV_scMS_MS3_750ms_7.raw 2 20 G 17 G17 CD34- F6 128C 20210618_HB_BF_U3000_uPAC_50cm_precol_127min_TMTpro5_150nlmin_2CV_scMS_MS3_750ms_7.raw 2 20 H 19 H19 CD34+CD38- F6 129N 20210618_HB_BF_U3000_uPAC_50cm_precol_127min_TMTpro5_150nlmin_2CV_scMS_MS3_750ms_7.raw 2 20 G 18 G18 CD34- F6 129C 20210618_HB_BF_U3000_uPAC_50cm_precol_127min_TMTpro5_150nlmin_2CV_scMS_MS3_750ms_7.raw 2 20 G 19 G19 CD34- F6 130N 20210618_HB_BF_U3000_uPAC_50cm_precol_127min_TMTpro5_150nlmin_2CV_scMS_MS3_750ms_7.raw 2 20 G 21 G21 CD34+CD38+ F6 130C 20210618_HB_BF_U3000_uPAC_50cm_precol_127min_TMTpro5_150nlmin_2CV_scMS_MS3_750ms_7.raw 2 20 G 22 G22 CD34+CD38+ F6 131N 20210618_HB_BF_U3000_uPAC_50cm_precol_127min_TMTpro5_150nlmin_2CV_scMS_MS3_750ms_7.raw 2 20 H 20 H20 CD34+CD38- F6 131C 20210618_HB_BF_U3000_uPAC_50cm_precol_127min_TMTpro5_150nlmin_2CV_scMS_MS3_750ms_7.raw 2 20 H 21 H21 CD34+CD38- F6 132N 20210618_HB_BF_U3000_uPAC_50cm_precol_127min_TMTpro5_150nlmin_2CV_scMS_MS3_750ms_7.raw 2 20 G 20 G20 CD34- F6 132C 20210618_HB_BF_U3000_uPAC_50cm_precol_127min_TMTpro5_150nlmin_2CV_scMS_MS3_750ms_7.raw 2 20 G 23 G23 CD34+CD38+ F6 133N 20210618_HB_BF_U3000_uPAC_50cm_precol_127min_TMTpro5_150nlmin_2CV_scMS_MS3_750ms_7.raw 2 20 G 24 G24 CD34+CD38+ F6 133C 20210618_HB_BF_U3000_uPAC_50cm_precol_127min_TMTpro5_150nlmin_2CV_scMS_MS3_750ms_7.raw 2 20 H 17 H17 CD34+CD38+ F6 134N 20210618_HB_BF_U3000_uPAC_50cm_precol_127min_TMTpro5_150nlmin_2CV_scMS_MS3_750ms_7.raw 2 20 H 22 H22 CD34+CD38- F7 126 20210618_HB_BF_U3000_uPAC_50cm_precol_127min_TMTpro5_150nlmin_2CV_scMS_MS3_750ms_8.raw 3 2 F7 127N 20210618_HB_BF_U3000_uPAC_50cm_precol_127min_TMTpro5_150nlmin_2CV_scMS_MS3_750ms_8.raw 3 2 B 1 B1 CD34- F7 127C 20210618_HB_BF_U3000_uPAC_50cm_precol_127min_TMTpro5_150nlmin_2CV_scMS_MS3_750ms_8.raw 3 2 F7 128N 20210618_HB_BF_U3000_uPAC_50cm_precol_127min_TMTpro5_150nlmin_2CV_scMS_MS3_750ms_8.raw 3 2 B 5 B5 CD34+CD38+ F7 128C 20210618_HB_BF_U3000_uPAC_50cm_precol_127min_TMTpro5_150nlmin_2CV_scMS_MS3_750ms_8.raw 3 2 B 6 B6 CD34+CD38+ F7 129N 20210618_HB_BF_U3000_uPAC_50cm_precol_127min_TMTpro5_150nlmin_2CV_scMS_MS3_750ms_8.raw 3 2 B 7 B7 CD34+CD38+ F7 129C 20210618_HB_BF_U3000_uPAC_50cm_precol_127min_TMTpro5_150nlmin_2CV_scMS_MS3_750ms_8.raw 3 2 B 10 B10 CD34+CD38- F7 130N 20210618_HB_BF_U3000_uPAC_50cm_precol_127min_TMTpro5_150nlmin_2CV_scMS_MS3_750ms_8.raw 3 2 B 2 B2 CD34- F7 130C 20210618_HB_BF_U3000_uPAC_50cm_precol_127min_TMTpro5_150nlmin_2CV_scMS_MS3_750ms_8.raw 3 2 B 8 B8 CD34+CD38+ F7 131N 20210618_HB_BF_U3000_uPAC_50cm_precol_127min_TMTpro5_150nlmin_2CV_scMS_MS3_750ms_8.raw 3 2 B 11 B11 CD34+CD38- F7 131C 20210618_HB_BF_U3000_uPAC_50cm_precol_127min_TMTpro5_150nlmin_2CV_scMS_MS3_750ms_8.raw 3 2 B 12 B12 CD34+CD38- F7 132N 20210618_HB_BF_U3000_uPAC_50cm_precol_127min_TMTpro5_150nlmin_2CV_scMS_MS3_750ms_8.raw 3 2 B 13 B13 CD34+CD38- F7 132C 20210618_HB_BF_U3000_uPAC_50cm_precol_127min_TMTpro5_150nlmin_2CV_scMS_MS3_750ms_8.raw 3 2 B 14 B14 CD34+CD38- F7 133N 20210618_HB_BF_U3000_uPAC_50cm_precol_127min_TMTpro5_150nlmin_2CV_scMS_MS3_750ms_8.raw 3 2 B 3 B3 CD34- F7 133C 20210618_HB_BF_U3000_uPAC_50cm_precol_127min_TMTpro5_150nlmin_2CV_scMS_MS3_750ms_8.raw 3 2 B 9 B9 CD34+CD38+ F7 134N 20210618_HB_BF_U3000_uPAC_50cm_precol_127min_TMTpro5_150nlmin_2CV_scMS_MS3_750ms_8.raw 3 2 B 4 B4 CD34- F8 126 20210618_HB_BF_U3000_uPAC_50cm_precol_127min_TMTpro5_150nlmin_2CV_scMS_MS3_750ms_9.raw 3 8 F8 127N 20210618_HB_BF_U3000_uPAC_50cm_precol_127min_TMTpro5_150nlmin_2CV_scMS_MS3_750ms_9.raw 3 8 H 10 H10 CD34+CD38- F8 127C 20210618_HB_BF_U3000_uPAC_50cm_precol_127min_TMTpro5_150nlmin_2CV_scMS_MS3_750ms_9.raw 3 8 F8 128N 20210618_HB_BF_U3000_uPAC_50cm_precol_127min_TMTpro5_150nlmin_2CV_scMS_MS3_750ms_9.raw 3 8 H 5 H5 CD34+CD38+ F8 128C 20210618_HB_BF_U3000_uPAC_50cm_precol_127min_TMTpro5_150nlmin_2CV_scMS_MS3_750ms_9.raw 3 8 H 1 H1 CD34- F8 129N 20210618_HB_BF_U3000_uPAC_50cm_precol_127min_TMTpro5_150nlmin_2CV_scMS_MS3_750ms_9.raw 3 8 H 11 H11 CD34+CD38- F8 129C 20210618_HB_BF_U3000_uPAC_50cm_precol_127min_TMTpro5_150nlmin_2CV_scMS_MS3_750ms_9.raw 3 8 H 6 H6 CD34+CD38+ F8 130N 20210618_HB_BF_U3000_uPAC_50cm_precol_127min_TMTpro5_150nlmin_2CV_scMS_MS3_750ms_9.raw 3 8 H 7 H7 CD34+CD38+ F8 130C 20210618_HB_BF_U3000_uPAC_50cm_precol_127min_TMTpro5_150nlmin_2CV_scMS_MS3_750ms_9.raw 3 8 H 2 H2 CD34- F8 131N 20210618_HB_BF_U3000_uPAC_50cm_precol_127min_TMTpro5_150nlmin_2CV_scMS_MS3_750ms_9.raw 3 8 H 3 H3 CD34- F8 131C 20210618_HB_BF_U3000_uPAC_50cm_precol_127min_TMTpro5_150nlmin_2CV_scMS_MS3_750ms_9.raw 3 8 H 8 H8 CD34+CD38+ F8 132N 20210618_HB_BF_U3000_uPAC_50cm_precol_127min_TMTpro5_150nlmin_2CV_scMS_MS3_750ms_9.raw 3 8 H 9 H9 CD34+CD38+ F8 132C 20210618_HB_BF_U3000_uPAC_50cm_precol_127min_TMTpro5_150nlmin_2CV_scMS_MS3_750ms_9.raw 3 8 H 4 H4 CD34- F8 133N 20210618_HB_BF_U3000_uPAC_50cm_precol_127min_TMTpro5_150nlmin_2CV_scMS_MS3_750ms_9.raw 3 8 H 12 H12 CD34+CD38- F8 133C 20210618_HB_BF_U3000_uPAC_50cm_precol_127min_TMTpro5_150nlmin_2CV_scMS_MS3_750ms_9.raw 3 8 H 13 H13 CD34+CD38- F8 134N 20210618_HB_BF_U3000_uPAC_50cm_precol_127min_TMTpro5_150nlmin_2CV_scMS_MS3_750ms_9.raw 3 8 H 14 H14 CD34+CD38- F9 126 20210618_HB_BF_U3000_uPAC_50cm_precol_127min_TMTpro5_150nlmin_2CV_scMS_MS3_750ms_10.raw 3 14 F9 127N 20210618_HB_BF_U3000_uPAC_50cm_precol_127min_TMTpro5_150nlmin_2CV_scMS_MS3_750ms_10.raw 3 14 N 5 N5 CD34+CD38+ F9 127C 20210618_HB_BF_U3000_uPAC_50cm_precol_127min_TMTpro5_150nlmin_2CV_scMS_MS3_750ms_10.raw 3 14 F9 128N 20210618_HB_BF_U3000_uPAC_50cm_precol_127min_TMTpro5_150nlmin_2CV_scMS_MS3_750ms_10.raw 3 14 N 10 N10 CD34+CD38- F9 128C 20210618_HB_BF_U3000_uPAC_50cm_precol_127min_TMTpro5_150nlmin_2CV_scMS_MS3_750ms_10.raw 3 14 N 11 N11 CD34+CD38- F9 129N 20210618_HB_BF_U3000_uPAC_50cm_precol_127min_TMTpro5_150nlmin_2CV_scMS_MS3_750ms_10.raw 3 14 N 6 N6 CD34+CD38+ F9 129C 20210618_HB_BF_U3000_uPAC_50cm_precol_127min_TMTpro5_150nlmin_2CV_scMS_MS3_750ms_10.raw 3 14 N 12 N12 CD34+CD38- F9 130N 20210618_HB_BF_U3000_uPAC_50cm_precol_127min_TMTpro5_150nlmin_2CV_scMS_MS3_750ms_10.raw 3 14 N 1 N1 CD34- F9 130C 20210618_HB_BF_U3000_uPAC_50cm_precol_127min_TMTpro5_150nlmin_2CV_scMS_MS3_750ms_10.raw 3 14 N 13 N13 CD34+CD38- F9 131N 20210618_HB_BF_U3000_uPAC_50cm_precol_127min_TMTpro5_150nlmin_2CV_scMS_MS3_750ms_10.raw 3 14 N 7 N7 CD34+CD38+ F9 131C 20210618_HB_BF_U3000_uPAC_50cm_precol_127min_TMTpro5_150nlmin_2CV_scMS_MS3_750ms_10.raw 3 14 N 2 N2 CD34- F9 132N 20210618_HB_BF_U3000_uPAC_50cm_precol_127min_TMTpro5_150nlmin_2CV_scMS_MS3_750ms_10.raw 3 14 N 14 N14 CD34+CD38- F9 132C 20210618_HB_BF_U3000_uPAC_50cm_precol_127min_TMTpro5_150nlmin_2CV_scMS_MS3_750ms_10.raw 3 14 N 8 N8 CD34+CD38+ F9 133N 20210618_HB_BF_U3000_uPAC_50cm_precol_127min_TMTpro5_150nlmin_2CV_scMS_MS3_750ms_10.raw 3 14 N 3 N3 CD34- F9 133C 20210618_HB_BF_U3000_uPAC_50cm_precol_127min_TMTpro5_150nlmin_2CV_scMS_MS3_750ms_10.raw 3 14 N 4 N4 CD34- F9 134N 20210618_HB_BF_U3000_uPAC_50cm_precol_127min_TMTpro5_150nlmin_2CV_scMS_MS3_750ms_10.raw 3 14 N 9 N9 CD34+CD38+ F10 126 20210618_HB_BF_U3000_uPAC_50cm_precol_127min_TMTpro5_150nlmin_2CV_scMS_MS3_750ms_11.raw 3 20 F10 127N 20210618_HB_BF_U3000_uPAC_50cm_precol_127min_TMTpro5_150nlmin_2CV_scMS_MS3_750ms_11.raw 3 20 G 21 G21 CD34+CD38+ F10 127C 20210618_HB_BF_U3000_uPAC_50cm_precol_127min_TMTpro5_150nlmin_2CV_scMS_MS3_750ms_11.raw 3 20 F10 128N 20210618_HB_BF_U3000_uPAC_50cm_precol_127min_TMTpro5_150nlmin_2CV_scMS_MS3_750ms_11.raw 3 20 G 22 G22 CD34+CD38+ F10 128C 20210618_HB_BF_U3000_uPAC_50cm_precol_127min_TMTpro5_150nlmin_2CV_scMS_MS3_750ms_11.raw 3 20 H 18 H18 CD34+CD38- F10 129N 20210618_HB_BF_U3000_uPAC_50cm_precol_127min_TMTpro5_150nlmin_2CV_scMS_MS3_750ms_11.raw 3 20 G 17 G17 CD34- F10 129C 20210618_HB_BF_U3000_uPAC_50cm_precol_127min_TMTpro5_150nlmin_2CV_scMS_MS3_750ms_11.raw 3 20 G 18 G18 CD34- F10 130N 20210618_HB_BF_U3000_uPAC_50cm_precol_127min_TMTpro5_150nlmin_2CV_scMS_MS3_750ms_11.raw 3 20 H 19 H19 CD34+CD38- F10 130C 20210618_HB_BF_U3000_uPAC_50cm_precol_127min_TMTpro5_150nlmin_2CV_scMS_MS3_750ms_11.raw 3 20 G 19 G19 CD34- F10 131N 20210618_HB_BF_U3000_uPAC_50cm_precol_127min_TMTpro5_150nlmin_2CV_scMS_MS3_750ms_11.raw 3 20 H 20 H20 CD34+CD38- F10 131C 20210618_HB_BF_U3000_uPAC_50cm_precol_127min_TMTpro5_150nlmin_2CV_scMS_MS3_750ms_11.raw 3 20 H 21 H21 CD34+CD38- F10 132N 20210618_HB_BF_U3000_uPAC_50cm_precol_127min_TMTpro5_150nlmin_2CV_scMS_MS3_750ms_11.raw 3 20 G 23 G23 CD34+CD38+ F10 132C 20210618_HB_BF_U3000_uPAC_50cm_precol_127min_TMTpro5_150nlmin_2CV_scMS_MS3_750ms_11.raw 3 20 H 22 H22 CD34+CD38- F10 133N 20210618_HB_BF_U3000_uPAC_50cm_precol_127min_TMTpro5_150nlmin_2CV_scMS_MS3_750ms_11.raw 3 20 G 24 G24 CD34+CD38+ F10 133C 20210618_HB_BF_U3000_uPAC_50cm_precol_127min_TMTpro5_150nlmin_2CV_scMS_MS3_750ms_11.raw 3 20 G 20 G20 CD34- F10 134N 20210618_HB_BF_U3000_uPAC_50cm_precol_127min_TMTpro5_150nlmin_2CV_scMS_MS3_750ms_11.raw 3 20 H 17 H17 CD34+CD38+,14 single-cell channels per set,126 = carrier channel; 127C = empty/reference channel,140.0,140,Reporter ion intensity normalization across TMT channels; carrier-based normalization,,,UniProt,2020.0,Fixed: Carbamidomethyl (C);; Variable: Oxidation (M); Acetyl (Protein N-term); ; TMTpro on N-termini and Lysine,0.01,result_PXD029320.xlsx,https://github.com/bfurtwa/RETICLE/blob/main/results/scMS/MS3_750/MS3_750.h5ad,RTS-MS3 significantly improves proteome coverage and quantitative accuracy in TMTpro single-cell proteomics vs MS2,,Not specified
PRIDE,PXD030034,36849657,Multiomic analysis of homologous recombination-deficient end-stage high-grade serous ovarian cancer,196,0.0,0.0,196.0,0,0.0,15,Detailed Laser microdissection-enriched tumor epithelium and tumor-associated stroma,Tissue,Ovarian carcinoma tissue (HGSOC),Ovary,High Grade Serous Ovarian Cancer (HGSOC),,,,,,Ovarian cancer,High Grade Serous Ovarian Cancer (HGSOC),Multi-region homologous recombination-deficient end-stage high-grade serous ovarian cancer cohort; laser microdissection-enriched tumor epithelium and tumor-associated stroma; seven tumor tandem mass tag pro sixteen-plex experiments and seven stroma tandem mass tag pro sixteen-plex experiments,Tandem mass tag pro sixteen-plex liquid chromatography-tandem mass spectrometry proteomic profiling of laser microdissection-enriched tumor epithelium and tumor-associated stroma from end-stage homologous recombination-deficient high-grade serous ovarian cancer specimens,Q Exactive HF-X,TMTpro 16-plex,,16,Tumor vs Stroma,Reference pool (126),224.0,196 (102+94),,,,UniProt,2017.0,"Fixed: Carbamidomethyl (C), TMTpro (K, N-term); Variable: Oxidation (M)",0.01,result_PXD030034.rar,https://www.omicsdi.org/dataset/pride/PXD030034,"End-stage homologous recombination-deficient high-grade serous ovarian cancer showed extensive spatial and inter-lesion molecular heterogeneity, polyclonal disease architecture, multiple resistance mechanisms, immune escape, and increased oxidative phosphorylation pathway abundance, especially in autopsy stromal samples.","The dataset contains no healthy controls and no adjacent normal tissue. Tumor and stroma are two laser microdissection-separated compartments from cancer specimens, not cancer versus healthy groups. The value 224 represents all tandem mass tag pro channel positions across fourteen multiplexes; after excluding pooled reference channels and channels marked not applicable, 196 biological sample-channel measurements remain. Multiple samples were collected from the same 15 patients across anatomical sites and timepoints. PRIDE lists fourteen search files and no deposited merged result file; normalization and merging should be verified from processed files or previous methodology.",Raw
PRIDE,PXD030092,37037593,Proteomic analysis reveals microvesicles containing NAMPT as mediators of radioresistance in glioma (whole-cell lysate proteome),16,0.0,8.0,8.0,0,0.0,8,Glioma stem cell lines (GSCs),Cell Lines,Brain-derived (in vitro),Neural,Glioblastoma,GSC-267; GSC-1005; GSC-84; GSC-1037; GSC-1079; GSC-374; GSC-157; GSC-408,Cancer; cancer; cancer; cancer; cancer; cancer; cancer; cancer,Brain,Glioblastoma,Neural,"Glioma, Glioblastoma","Mesenchymal, Classical, Proneural",Paired radiation treatment (±6 Gy) within each cell line,TMT-10plex proteomics of 8 GSC lines ± irradiation,Q Exactive HF,TMT 10-plex,10.0,GSC-267 untreat log2(ratio) GSC-1005 untreat log2(ratio) GSC-157 untreat log2(ratio) GSC-408 untreat log2(ratio) GSC-1037 untreat log2(ratio) GSC-1079 untreat log2(ratio) GSC-374 untreat log2(ratio) GSC-84 untreat log2(ratio) GSC-267 untreat log2(ratio to cell line average) GSC-1005 untreat log2(ratio to cell line average) GSC-157 untreat log2(ratio to cell line average) GSC-408 untreat log2(ratio to cell line average) GSC-1037 untreat log2(ratio to cell line average) GSC-1079 untreat log2(ratio to cell line average) GSC-374 untreat log2(ratio to cell line average),GSC-267 + 6 Gy log2(ratio) GSC-1005 + 6 Gy log2(ratio) GSC-157 + 6 Gy log2(ratio) GSC-408 + 6 Gy log2(ratio) GSC-1037 + 6 Gy log2(ratio) GSC-1079 + 6 Gy log2(ratio) GSC-374 + 6 Gy log2(ratio) GSC-84 + 6 Gy log2(ratio) GSC-267 + 6 Gy log2(ratio to cell line average) GSC-1005 + 6 Gy log2(ratio to cell line average) GSC-157 + 6 Gy log2(ratio to cell line average) GSC-408 + 6 Gy log2(ratio to cell line average) GSC-1037 + 6 Gy log2(ratio to cell line average) GSC-1079 + 6 Gy log2(ratio to cell line average) GSC-374 + 6 Gy log2(ratio to cell line average) GSC-84 + 6 Gy log2(ratio to cell line average),,0.0,16,Normalization to reference (linker) channel; log2 transformation,Protein,Within dataset,UniProt,2018.0,"Fixed: Carbamidomethyl (C); TMT 10-plex (K, Protein N-term). Variable: Oxidation (M)",0.01,result_PXD030092.xlsx,https://www.omicsdi.org/dataset/pride/PXD030092,Whole-cell lysate proteome,Log-transformed data; CHECK: Used N > Original N,Log-transformed
PRIDE,PXD030671,35159257,"Spatial Proteomic Analysis of Isogenic Metastatic Colorectal Cancer Cells Reveals Key Dysregulated Proteins Associated with Lymph Node, Liver, and Lung Metastasis",5,,5.0,,0,,0,"Isogenic human colorectal cancer (CRC) cell lines (KM12C, KM12SM, KM12L4a, SW480, SW620); 6 subcellular fractions per line (CEB, MEB, NEB, NEB-CBP, PEB, Secretome)",Cell Lines,Colorectal cancer cell lines,Colon,Colorectal carcinoma,KM12C; KM12SM; KM12L4a; SW480; SW620,Cancer; cancer; cancer; cancer; cancer,Colon,Colorectal carcinoma,Epithelial Tissues,Colorectal cancer (CRC),"Metastatic (lymph node, liver, lung) vs non-metastatic","Metastatic (liver, lung, lymph node) vs non-metastatic","TMT 11-plex spatial proteomic profiling of five isogenic CRC cell lines with distinct metastatic potential; quantitative analysis of cytoplasmic, membrane, nuclear, chromatin-bound, cytoskeletal and secreted proteomes.",Q Exactive HF,TMT 11-plex,4031.0,Run Фракция Канал Образец Биологический статус Система RUN1 CEB 126 KM12C Non-metastatic KM12 RUN1 CEB 127N KM12SM Liver metastasis KM12 RUN1 CEB 127C KM12L4a Liver + lung metastasis KM12 RUN1 CEB 128N SW480 Primary tumor SW RUN1 CEB 128C SW620 Lymph node metastasis SW RUN1 MEB 129N KM12C Non-metastatic KM12 RUN1 MEB 129C KM12SM Liver metastasis KM12 RUN1 MEB 130C KM12L4a Liver + lung metastasis KM12 RUN1 MEB 130N SW480 Primary tumor SW RUN1 MEB 131 SW620 Lymph node metastasis SW RUN1 Reference 131C CEB Pool Pooled reference All Run Фракция Канал Образец Биологический статус Система RUN2 NEB 126 KM12C Non-metastatic KM12 RUN2 NEB 127N KM12SM Liver metastasis KM12 RUN2 NEB 127C KM12L4a Liver + lung metastasis KM12 RUN2 NEB 128N SW480 Primary tumor SW RUN2 NEB 128C SW620 Lymph node metastasis SW RUN2 NBP 129N KM12C Non-metastatic KM12 RUN2 NBP 129C KM12SM Liver metastasis KM12 RUN2 NBP 130C KM12L4a Liver + lung metastasis KM12 RUN2 NBP 130N SW480 Primary tumor SW RUN2 NBP 131 SW620 Lymph node metastasis SW RUN2 Reference 131C CEB Pool Pooled reference All Run Фракция Канал Образец Биологический статус Система RUN3 PEB 126 KM12C Non-metastatic KM12 RUN3 PEB 127N KM12SM Liver metastasis KM12 RUN3 PEB 127C KM12L4a Liver + lung metastasis KM12 RUN3 PEB 128N SW480 Primary tumor SW RUN3 PEB 128C SW620 Lymph node metastasis SW RUN3 Secretome 129N KM12C Non-metastatic KM12 RUN3 Secretome 129C KM12SM Liver metastasis KM12 RUN3 Secretome 130C KM12L4a Liver + lung metastasis KM12 RUN3 Secretome 130N SW480 Primary tumor SW RUN3 Secretome 131 SW620 Lymph node metastasis SW RUN3 Reference 131C CEB Pool Pooled reference All,,131C pooled CEB reference channel (included in all three runs),5.0,5,Reporter ion MS2 quantification; isotopic correction; Sample Loading (SL) normalization (intra-run),,,UniProt,2019.0,"Fixed: Carbamidomethyl (C).; Variable: Oxidation (M); Acetyl (Protein N-term); Phospho (S,T,Y)",0.01,result_PXD030671.xlsx,https://www.omicsdi.org/dataset/pride/PXD030671,Compartment-specific proteome remodeling and protein relocalization in CRC metastatic progression,All fractions need combining,Not specified
PRIDE,PXD030818,35103997,Quantitative proteomic study reveals differential expression of matricellular proteins between fibrous dysplasia and cemento-ossifying fibroma pathogenesis,6,,6.0,,0,,6,FFPE gnathic fibro-osseous lesion tissues (3 Fibrous dysplasia; 3 Cemento-ossifying fibroma),Tissue,Gnathic fibro-osseous tissue,Jaw bone,Fibrous dysplasia (FD); Cemento-ossifying fibroma (COF),,,,,,"Fibrous dysplasia (FD), Cemento-ossifying fibroma (COF)",FD vs COF (benign lesions),"Case–case comparison, quantitative proteomic and phosphoproteomic analyses, TMT batch","The study performed quantitative proteomic and phosphoproteomic analyses on six FFPE tissue samples (3 FD, 3 COF) using TMT labeling to identify differential proteins associated with the pathogenesis of these benign fibro-osseous lesions.",Q Exactive HF,TMT 10-plex,4000.0,| Diagnosis | Location | Sex | TMT Channel | | --------- | -------- | ------ | ----------- | | FD | Maxilla | Male | 127C | | FD | Maxilla | Female | 128N | | FD | Maxilla | Female | 128C | | COF | Mandible | Female | 129N | | COF | Mandible | Female | 129C | | COF | Mandible | Male | 130N |,,,10.0,6,Reporter ion intensity normalization (within batch),,,UniProt,2020.0,"Fixed: Carbamidomethyl (C); Variable:; Oxidation (M), Acetyl (Protein N-term), TMT 10-plex (+229.1629) (K), TMT 10-plex (+229.1629) (Peptide N-term",0.01,result_PXD030818.xlsx,https://www.ebi.ac.uk/pride/archive/projects/PXD030818,Differential expression of matricellular proteins between fibrous dysplasia and cemento-ossifying fibroma,,Not specified
PRIDE,PXD031107_adult,36572751,Proteogenomic analysis of acute myeloid leukemia associates relapsed disease with reprogrammed energy metabolism both in adults and children,47,0.0,25.0,22.0,0,0.0,47,AML mononuclear cells from bone marrow or peripheral blood,Primary cells,Bone marrow and peripheral blood,Hematopoietic system,Acute Myeloid Leukemia (AML),,,,,,Acute Myeloid Leukemia (AML),De novo AML; therapy-related AML; MDS-AML; t-MDS-AML,Longitudinal paired design diagnosis vs relapse within patient,HiRIEF LC-MS TMT-based proteomics,Q Exactive HF,TMT 10-plex,10662.0,Adult,Relapse vs diagnosis within patient,Internal reference pool,47.0,47,TMT reporter ratios normalized to internal reference and median and log2 transformed,,,Ensembl,,"Fixed: TMT (peptide N-terminus, K), Carbamidomethyl (C);; Variable: Oxidation (M)",0.01,result_PXD031107_adult.xlsx,https://www.ebi.ac.uk/pride/archive/projects/PXD031107,Proteins with altered abundance between diagnosis and relapse within patient,Log-transformed values,Log-transformed
PRIDE,PXD031107_pediatric,36572751,Proteogenomic analysis of acute myeloid leukemia associates relapsed disease with reprogrammed energy metabolism both in adults and children,38,0.0,17.0,21.0,0,0.0,22,AML mononuclear cells from bone marrow or peripheral blood,Primary cells,Bone marrow and peripheral blood,Hematopoietic system,Acute Myeloid Leukemia (AML),,,,,,Acute Myeloid Leukemia (AML),De novo AML; therapy-related AML; MDS-AML; t-MDS-AML,Longitudinal paired design diagnosis vs relapse within patient,HiRIEF LC-MS TMT-based proteomics,Q Exactive HF,TMT 10-plex,10218.0,Pediatric,Relapse vs diagnosis within patient,Internal reference pool,38.0,38,TMT reporter ratios normalized to internal reference and median and log2 transformed,,,Ensembl,,"Fixed: TMT (peptide N-terminus, K), Carbamidomethyl (C);; Variable: Oxidation (M)",0.01,result_PXD031107_pediatric.xlsx,https://www.ebi.ac.uk/pride/archive/projects/PXD031107,Proteins with altered abundance between diagnosis and relapse within patient,Log-transformed values,Log-transformed
PRIDE,PXD032355,36031730,The proteome of clear cell ovarian carcinoma,292,0.0,292.0,0.0,0,0.0,292,"Tumour tissue scrolls (FFPE) from clear cell ovarian carcinoma (CCOC), high-grade serous carcinoma (HGSC), endometrioid ovarian carcinoma (ENOC) and low-grade serous carcinoma (LGSC)",Tissue,Ovarian carcinoma tissue (FFPE),Ovary,Epithelial ovarian carcinoma,,,,,,Ovarian carcinoma,"CCOC, HGSC, ENOC, LGSC",,Conducted global proteomics using TMT labeling on 292 formalin-fixed paraffin embedded tumor samples (4 EOC subtypes) to characterize the CCOC proteomic landscape and identify distinct subgroups.,Orbitrap Fusion Lumos,TMT 11-plex,7468.0,126 1 CCOC set_1_1 127N 1 CCOC set_1_2 128N 1 CCOC set_1_4 128C 1 CCOC set_1_5 129N 1 CCOC set_1_6 126 2 CCOC set_2_1 127N 2 CCOC set_2_2 127C 2 CCOC set_2_3 128N 2 CCOC set_2_4 128C 2 CCOC set_2_5 129N 2 CCOC set_2_6 126 3 CCOC set_3_1 127N 3 CCOC set_3_2 127C 3 CCOC set_3_3 128N 3 CCOC set_3_4 128C 3 CCOC set_3_5 129N 3 CCOC set_3_6 126 4 CCOC set_4_1 127N 4 CCOC set_4_2 127C 4 CCOC set_4_3 128N 4 CCOC set_4_4 128C 4 CCOC set_4_5 129N 4 CCOC set_4_6 126 5 CCOC set_5_1 127N 5 CCOC set_5_2 127C 5 CCOC set_5_3 128N 5 CCOC set_5_4 128C 5 CCOC set_5_5 129N 5 CCOC set_5_6 126 6 CCOC set_6_1 127N 6 CCOC set_6_2 127C 6 CCOC set_6_3 128N 6 CCOC set_6_4 128C 6 CCOC set_6_5 129N 6 CCOC set_6_6 126 7 CCOC set_7_1 127N 7 CCOC set_7_2 127C 7 CCOC set_7_3 128N 7 CCOC set_7_4 128C 7 CCOC set_7_5 129N 7 CCOC set_7_6 126 8 CCOC set_8_1 127N 8 CCOC set_8_2 127C 8 CCOC set_8_3 128N 8 CCOC set_8_4 128C 8 CCOC set_8_5 129N 8 CCOC set_8_6 126 9 CCOC set_9_1 127N 9 CCOC set_9_2 127C 9 CCOC set_9_3 128N 9 CCOC set_9_4 128C 9 CCOC set_9_5 129N 9 CCOC set_9_6 126 10 CCOC set_10_1 127N 10 CCOC set_10_2 127C 10 CCOC set_10_3 128N 10 CCOC set_10_4 128C 10 CCOC set_10_5 129N 10 CCOC set_10_6 126 11 CCOC set_11_1 127N 11 CCOC set_11_2 127C 11 CCOC set_11_3 128N 11 CCOC set_11_4 128C 11 CCOC set_11_5 129N 11 CCOC set_11_6 126 12 CCOC set_12_1 127N 12 CCOC set_12_2 127C 12 CCOC set_12_3 128N 12 CCOC set_12_4 128C 12 CCOC set_12_5 129N 12 CCOC set_12_6 126 13 CCOC set_13_1 127N 13 CCOC set_13_2 127C 13 CCOC set_13_3 128N 13 CCOC set_13_4 128C 13 CCOC set_13_5 129N 13 CCOC set_13_6 126 14 CCOC set_14_1 127N 14 CCOC set_14_2 127C 14 CCOC set_14_3 128N 14 CCOC set_14_4 128C 14 CCOC set_14_5 129N 14 CCOC set_14_6 126 15 CCOC set_15_1 127N 15 CCOC set_15_2 127C 15 CCOC set_15_3 128N 15 CCOC set_15_4 128C 15 CCOC set_15_5 129N 15 CCOC set_15_6 126 16 CCOC set_16_1 127N 16 CCOC set_16_2 127C 16 CCOC set_16_3 128N 16 CCOC set_16_4 128C 16 CCOC set_16_5 129N 16 CCOC set_16_6 126 17 CCOC set_17_1 127N 17 CCOC set_17_2 127C 17 CCOC set_17_3 128N 17 CCOC set_17_4 128C 17 CCOC set_17_5 129N 17 CCOC set_17_6 126 18 CCOC set_18_1 127N 18 CCOC set_18_2 127C 18 CCOC set_18_3 128N 18 CCOC set_18_4 128C 18 CCOC set_18_5 129N 18 CCOC set_18_6 126 19 CCOC set_19_1 127N 19 CCOC set_19_2 127C 19 CCOC set_19_3 128N 19 CCOC set_19_4 128C 19 CCOC set_19_5 129N 19 CCOC set_19_6 126 20 CCOC set_20_1 127N 20 CCOC set_20_2 127C 20 CCOC set_20_3 128N 20 CCOC set_20_4 129N 20 CCOC set_20_6 126 21 CCOC set_21_1 127N 21 CCOC set_21_2 127C 21 CCOC set_21_3 128N 21 CCOC set_21_4 128C 21 CCOC set_21_5 129N 21 CCOC set_21_6 126 22 CCOC set_22_1 127N 22 CCOC set_22_2 127C 22 CCOC set_22_3 128N 22 CCOC set_22_4 128C 22 CCOC set_22_5 129N 22 CCOC set_22_6 126 23 CCOC set_23_1 127N 23 CCOC set_23_2 127C 23 CCOC set_23_3 128C 23 CCOC set_23_5 129N 23 CCOC set_23_6 126 24 CCOC set_24_1 127N 24 CCOC set_24_2 127C 24 CCOC set_24_3 128N 24 CCOC set_24_4 128C 24 CCOC set_24_5 129N 24 CCOC set_24_6 126 25 CCOC set_25_1 127N 25 CCOC set_25_2 127C 25 CCOC set_25_3 128N 25 CCOC set_25_4 128C 25 CCOC set_25_5 129N 25 CCOC set_25_6 126 26 CCOC set_26_1 127N 26 CCOC set_26_2 127C 26 CCOC set_26_3 128N 26 CCOC set_26_4 128C 26 CCOC set_26_5 129N 26 CCOC set_26_6 126 27 CCOC set_27_1 127N 27 CCOC set_27_2 127C 27 CCOC set_27_3 128N 27 CCOC set_27_4 128C 27 CCOC set_27_5 129N 27 CCOC set_27_6 126 28 CCOC set_28_1 127N 28 CCOC set_28_2 127C 28 CCOC set_28_3 128N 28 CCOC set_28_4 128C 28 CCOC set_28_5 129N 28 CCOC set_28_6 126 29 CCOC set_29_1 127N 29 CCOC set_29_2 127C 29 CCOC set_29_3 128N 29 CCOC set_29_4 128C 29 CCOC set_29_5 129N 29 CCOC set_29_6 126 30 CCOC set_30_1 127N 30 CCOC set_30_2 127C 30 CCOC set_30_3 128N 30 CCOC set_30_4 128C 30 CCOC set_30_5 129N 30 CCOC set_30_6 126 31 CCOC set_31_1 127N 31 CCOC set_31_2 128N 31 CCOC set_31_4 128C 31 CCOC set_31_5 129N 31 CCOC set_31_6 126 32 CCOC set_32_1 127N 32 CCOC set_32_2 127C 32 CCOC set_32_3 128N 32 CCOC set_32_4 128C 32 CCOC set_32_5 129N 32 CCOC set_32_6 126 33 CCOC set_33_1 127N 33 CCOC set_33_2 127C 33 CCOC set_33_3 128N 33 CCOC set_33_4 128C 33 CCOC set_33_5 129N 33 CCOC set_33_6 127C 1 ENOC set_1_3 130C 1 ENOC set_1_9 130C 2 ENOC set_2_9 130C 3 ENOC set_3_9 130C 4 ENOC set_4_9 130C 5 ENOC set_5_9 130C 6 ENOC set_6_9 130C 7 ENOC set_7_9 130C 8 ENOC set_8_9 130C 9 ENOC set_9_9 130C 10 ENOC set_10_9 130C 11 ENOC set_11_9 130C 12 ENOC set_12_9 130C 13 ENOC set_13_9 130C 14 ENOC set_14_9 130C 15 ENOC set_15_9 130C 16 ENOC set_16_9 130C 17 ENOC set_17_9 130C 18 ENOC set_18_9 130C 19 ENOC set_19_9 130C 20 ENOC set_20_9 130C 21 ENOC set_21_9 130C 22 ENOC set_22_9 128N 23 ENOC set_23_4 130C 23 ENOC set_23_9 130C 24 ENOC set_24_9 130C 25 ENOC set_25_9 130C 26 ENOC set_26_9 130C 27 ENOC set_27_9 130C 28 ENOC set_28_9 130C 29 ENOC set_29_9 130C 30 ENOC set_30_9 127C 31 ENOC set_31_3 130C 31 ENOC set_31_9 130C 32 ENOC set_32_9 130C 33 ENOC set_33_9 129C 1 HGSC set_1_7 129C 2 HGSC set_2_7 129C 3 HGSC set_3_7 129C 4 HGSC set_4_7 129C 5 HGSC set_5_7 129C 6 HGSC set_6_7 129C 7 HGSC set_7_7 129C 8 HGSC set_8_7 129C 9 HGSC set_9_7 129C 10 HGSC set_10_7 129C 11 HGSC set_11_7 129C 12 HGSC set_12_7 129C 13 HGSC set_13_7 129C 14 HGSC set_14_7 129C 15 HGSC set_15_7 129C 16 HGSC set_16_7 129C 17 HGSC set_17_7 129C 18 HGSC set_18_7 129C 19 HGSC set_19_7 128C 20 HGSC set_20_5 129C 20 HGSC set_20_7 129C 21 HGSC set_21_7 129C 22 HGSC set_22_7 129C 23 HGSC set_23_7 129C 24 HGSC set_24_7 129C 25 HGSC set_25_7 129C 26 HGSC set_26_7 129C 27 HGSC set_27_7 129C 28 HGSC set_28_7 129C 29 HGSC set_29_7 129C 30 HGSC set_30_7 129C 31 HGSC set_31_7 129C 32 HGSC set_32_7 129C 33 HGSC set_33_7 130N 1 LGSC set_1_8 130N 2 LGSC set_2_8 130N 3 LGSC set_3_8 130N 4 LGSC set_4_8 130N 5 LGSC set_5_8 130N 6 LGSC set_6_8 130N 7 LGSC set_7_8 130N 8 LGSC set_8_8 130N 9 LGSC set_9_8 130N 10 LGSC set_10_8 130N 11 LGSC set_11_8 130N 12 LGSC set_12_8 130N 13 LGSC set_13_8 130N 14 LGSC set_14_8 130N 15 LGSC set_15_8 130N 16 LGSC set_16_8 130N 17 LGSC set_17_8 130N 18 LGSC set_18_8 130N 19 LGSC set_19_8 130N 20 LGSC set_20_8 130N 21 LGSC set_21_8 130N 22 LGSC set_22_8 130N 23 LGSC set_23_8 130N 24 LGSC set_24_8 130N 25 LGSC set_25_8 130N 26 LGSC set_26_8 130N 27 LGSC set_27_8 130N 28 LGSC set_28_8 130N 29 LGSC set_29_8 130N 30 LGSC set_30_8 130N 31 LGSC set_31_8 130N 32 LGSC set_32_8 130N 33 LGSC set_33_8,,131N 1 PIS+isoDoping set_1_10 131N 2 PIS+isoDoping set_2_10 131N 3 PIS+isoDoping set_3_10 131C 4 PIS+isoDoping set_4_10 131N 5 PIS+isoDoping set_5_10 131N 6 PIS+isoDoping set_6_10 131N 7 PIS+isoDoping set_7_10 131N 8 PIS+isoDoping set_8_10 131N 9 PIS+isoDoping set_9_10 131N 10 PIS+isoDoping set_10_10 131N 11 PIS+isoDoping set_11_10 131N 12 PIS+isoDoping set_12_10 131N 13 PIS+isoDoping set_13_10 131N 14 PIS+isoDoping set_14_10 131N 15 PIS+isoDoping set_15_10 131N 16 PIS+isoDoping set_16_10 131N 17 PIS+isoDoping set_17_10 131N 18 PIS+isoDoping set_18_10 131N 19 PIS+isoDoping set_19_10 131N 20 PIS+isoDoping set_20_10 131N 21 PIS+isoDoping set_21_10 131N 22 PIS+isoDoping set_22_10 131N 23 PIS+isoDoping set_23_10 131N 24 PIS+isoDoping set_24_10 131N 25 PIS+isoDoping set_25_10 131N 26 PIS+isoDoping set_26_10 131N 27 PIS+isoDoping set_27_10 131N 28 PIS+isoDoping set_28_10 131N 29 PIS+isoDoping set_29_10 131N 30 PIS+isoDoping set_30_10 131N 31 PIS+isoDoping set_31_10 131N 32 PIS+isoDoping set_32_10 131N 33 PIS+isoDoping set_33_10 131C 1 supermix set_1_11 131C 2 supermix set_2_11 131C 3 supermix set_3_11 131N 4 supermix set_4_11 131C 5 supermix set_5_11 131C 6 supermix set_6_11 131C 7 supermix set_7_11 131C 8 supermix set_8_11 131C 9 supermix set_9_11 131C 10 supermix set_10_11 131C 11 supermix set_11_11 131C 12 supermix set_12_11 131C 13 supermix set_13_11 131C 14 supermix set_14_11 131C 15 supermix set_15_11 131C 16 supermix set_16_11 131C 17 supermix set_17_11 131C 18 supermix set_18_11 131C 19 supermix set_19_11 131C 20 supermix set_20_11 131C 21 supermix set_21_11 131C 22 supermix set_22_11 131C 23 supermix set_23_11 131C 24 supermix set_24_11 131C 25 supermix set_25_11 131C 26 supermix set_26_11 131C 27 supermix set_27_11 131C 28 supermix set_28_11 131C 29 supermix set_29_11 131C 30 supermix set_30_11 131C 31 supermix set_31_11 131C 32 supermix set_32_11 131C 33 supermix set_33_11,292.0,292,Not explicitly reported in PRIDE dataset description,,,UniProt,2018.0,"Fixed: Carbamidomethyl (C), TMT (peptide N-terminus);; Variable: Oxidation (M), Methylation (K), TMT (K)",0.01,result_PXD032355.xlsx,https://www.omicsdi.org/dataset/pride/PXD032355,"Clear cell ovarian carcinoma: distinct proteomic landscape; four clusters (metabolic, fibrotic, coagulative, necrotic) with different outcomes",33 sheets with reference channels,Not specified
PRIDE,PXD034337,37648814,Frequent ZNF217 mutations lead to transcriptional deregulation of interferon signal transduction via altered chromatin accessibility in B cell lymphoma,9,,5.0,,4,,0,RC-K8 B cell lymphoma cell line (ZNF217 KO n=5; WT n=4),Cell Lines,B-cell lymphoma cell line,,Lymphoma,RC-K8,Cancer,Blood and lymphoid,Lymphoma,Blood and Lymphoid Cells,B cell lymphoma,Primary mediastinal B cell lymphoma (PMBCL),TMT quantitative proteomics with CRISPR knockout comparison,Proteomic and phosphoproteomic profiling of ZNF217 knockout vs wild-type RC-K8 lymphoma cells to assess functional protein-level consequences of ZNF217 loss,Q Exactive Plus,TMT 11-plex,2700.0,TMT Channel Sample Genotype Guide Комментарий 1 sg4_D4_WT WT ZNF217_sg4 ZNF217 нормальный 4 sg2_C2_WT WT ZNF217_sg2 ZNF217 нормальный 7 allsg_D4_WT WT ZNF217_allsg ZNF217 нормальный 9 sg4_G3-WT_c20 WT ZNF217_sg4 ZNF217 нормальный,TMT Channel Sample Genotype Guide Комментарий 3 allsg_E4_c4 trunc ZNF217_allsg укороченный белок (loss of function) 5 sg2_F6_mut3_c4 trunc ZNF217_sg2 укороченный белок 6 sg4_B5_hom_c13 loss ZNF217_sg4 полная потеря функции 8 sg4_D3_mut3_c3 trunc ZNF217_sg4 укороченный белок 10 sg4_D3_mut3_c8 trunc ZNF217_sg4 укороченный белок,TMT Channel Sample Genotype Комментарий 2 excluded - исключён из анализа (шум/ошибка) 11 Reference mixed общий пул образцов для нормализации,11.0,9,"Reporter intensity corrected (MaxQuant), median normalization",0,,UniProt,2020.0,"Fixed: Carbamidomethyl (C); TMT (K, N-term).; Variable: Oxidation (M); Deamidation (NQ); Phospho (STY)",0.01,result_PXD034337.xlsx,https://www.omicsdi.org/dataset/pride/PXD040928,"ZNF217 knockout: interferon signaling, B-cell activation, chromatin remodeling via CoREST/LSD1 disruption",ZNF217 loss induces interferon signaling,Not specified
PRIDE,PXD034370,35784653,Microscopy-based single-cell proteomic profiling reveals heterogeneity in DNA damage response dynamics,80,0.0,0.0,80.0,0,0.0,0,Single U2OS human osteosarcoma cells after ionizing radiation (DDR phenotypes),Cell Lines,Osteosarcoma cell line (single cells),Bone,Sarcoma,U2OS,Cancer,Bone,Osteosarcoma,Connective Tissue,Osteosarcoma,DNA damage response (DDR) heterogeneity,Single-cell proteomics with microscopy-guided cell selection; TMT10plex SCoPE-MS; comparison of single cells with normal vs abnormal DNA damage response dynamics,FUNpro microscopy-guided single-cell proteomics workflow was used to isolate and profile 80 irradiated U2OS cells classified by DDR dynamics (40 normal repair vs 40 persistent DDR). TMT10plex SCoPE-MS was applied to quantify proteins and identify regulators of DDR heterogeneity including PDS5A.,Orbitrap Eclipse,TMT 10-plex,1588.0,,Single cells with normal DDR (40) vs single cells with persistent DDR (40) Колонка в данных Батч Канал TMT метка Назначение Группа Клетка # Reporter intensity corrected 1 2206S1 2206S1 Ch1 126 Carrier (200 клеток) — — Reporter intensity corrected 2 2206S1 2206S1 Ch2 127N Одиночная клетка Group 1 (контроль) G1-1 Reporter intensity corrected 3 2206S1 2206S1 Ch3 127C Одиночная клетка Group 1 (контроль) G1-2 Reporter intensity corrected 4 2206S1 2206S1 Ch4 128N Одиночная клетка Group 1 (контроль) G1-3 Reporter intensity corrected 5 2206S1 2206S1 Ch5 128C Одиночная клетка Group 1 (контроль) G1-4 Reporter intensity corrected 6 2206S1 2206S1 Ch6 129N Одиночная клетка Group 2 (кейс) G2-1 Reporter intensity corrected 7 2206S1 2206S1 Ch7 129C Одиночная клетка Group 2 (кейс) G2-2 Reporter intensity corrected 8 2206S1 2206S1 Ch8 130N Одиночная клетка Group 2 (кейс) G2-3 Reporter intensity corrected 9 2206S1 2206S1 Ch9 130C Одиночная клетка Group 2 (кейс) G2-4 Reporter intensity corrected 10 2206S1 2206S1 Ch10 131 Blank (PBS) — — Reporter intensity corrected 1 2206S2 2206S2 Ch1 126 Carrier (200 клеток) — — Reporter intensity corrected 2 2206S2 2206S2 Ch2 127N Одиночная клетка Group 1 (контроль) G1-5 Reporter intensity corrected 3 2206S2 2206S2 Ch3 127C Одиночная клетка Group 1 (контроль) G1-6 Reporter intensity corrected 4 2206S2 2206S2 Ch4 128N Одиночная клетка Group 1 (контроль) G1-7 Reporter intensity corrected 5 2206S2 2206S2 Ch5 128C Одиночная клетка Group 1 (контроль) G1-8 Reporter intensity corrected 6 2206S2 2206S2 Ch6 129N Одиночная клетка Group 2 (кейс) G2-5 Reporter intensity corrected 7 2206S2 2206S2 Ch7 129C Одиночная клетка Group 2 (кейс) G2-6 Reporter intensity corrected 8 2206S2 2206S2 Ch8 130N Одиночная клетка Group 2 (кейс) G2-7 Reporter intensity corrected 9 2206S2 2206S2 Ch9 130C Одиночная клетка Group 2 (кейс) G2-8 Reporter intensity corrected 10 2206S2 2206S2 Ch10 131 Blank (PBS) — — Reporter intensity corrected 1 2206S3 2206S3 Ch1 126 Carrier (200 клеток) — — Reporter intensity corrected 2 2206S3 2206S3 Ch2 127N Одиночная клетка Group 1 (контроль) G1-9 Reporter intensity corrected 3 2206S3 2206S3 Ch3 127C Одиночная клетка Group 1 (контроль) G1-10 Reporter intensity corrected 4 2206S3 2206S3 Ch4 128N Одиночная клетка Group 1 (контроль) G1-11 Reporter intensity corrected 5 2206S3 2206S3 Ch5 128C Одиночная клетка Group 1 (контроль) G1-12 Reporter intensity corrected 6 2206S3 2206S3 Ch6 129N Одиночная клетка Group 2 (кейс) G2-9 Reporter intensity corrected 7 2206S3 2206S3 Ch7 129C Одиночная клетка Group 2 (кейс) G2-10 Reporter intensity corrected 8 2206S3 2206S3 Ch8 130N Одиночная клетка Group 2 (кейс) G2-11 Reporter intensity corrected 9 2206S3 2206S3 Ch9 130C Одиночная клетка Group 2 (кейс) G2-12 Reporter intensity corrected 10 2206S3 2206S3 Ch10 131 Blank (PBS) — — Reporter intensity corrected 1 2227S1 2227S1 Ch1 126 Carrier (200 клеток) — — Reporter intensity corrected 2 2227S1 2227S1 Ch2 127N Одиночная клетка Group 1 (контроль) G1-13 Reporter intensity corrected 3 2227S1 2227S1 Ch3 127C Одиночная клетка Group 1 (контроль) G1-14 Reporter intensity corrected 4 2227S1 2227S1 Ch4 128N Одиночная клетка Group 1 (контроль) G1-15 Reporter intensity corrected 5 2227S1 2227S1 Ch5 128C Одиночная клетка Group 1 (контроль) G1-16 Reporter intensity corrected 6 2227S1 2227S1 Ch6 129N Одиночная клетка Group 2 (кейс) G2-13 Reporter intensity corrected 7 2227S1 2227S1 Ch7 129C Одиночная клетка Group 2 (кейс) G2-14 Reporter intensity corrected 8 2227S1 2227S1 Ch8 130N Одиночная клетка Group 2 (кейс) G2-15 Reporter intensity corrected 9 2227S1 2227S1 Ch9 130C Одиночная клетка Group 2 (кейс) G2-16 Reporter intensity corrected 10 2227S1 2227S1 Ch10 131 Blank (PBS) — — Reporter intensity corrected 1 2227S2 2227S2 Ch1 126 Carrier (200 клеток) — — Reporter intensity corrected 2 2227S2 2227S2 Ch2 127N Одиночная клетка Group 1 (контроль) G1-17 Reporter intensity corrected 3 2227S2 2227S2 Ch3 127C Одиночная клетка Group 1 (контроль) G1-18 Reporter intensity corrected 4 2227S2 2227S2 Ch4 128N Одиночная клетка Group 1 (контроль) G1-19 Reporter intensity corrected 5 2227S2 2227S2 Ch5 128C Одиночная клетка Group 1 (контроль) G1-20 Reporter intensity corrected 6 2227S2 2227S2 Ch6 129N Одиночная клетка Group 2 (кейс) G2-17 Reporter intensity corrected 7 2227S2 2227S2 Ch7 129C Одиночная клетка Group 2 (кейс) G2-18 Reporter intensity corrected 8 2227S2 2227S2 Ch8 130N Одиночная клетка Group 2 (кейс) G2-19 Reporter intensity corrected 9 2227S2 2227S2 Ch9 130C Одиночная клетка Group 2 (кейс) G2-20 Reporter intensity corrected 10 2227S2 2227S2 Ch10 131 Blank (PBS) — — Reporter intensity corrected 1 2227S3 2227S3 Ch1 126 Carrier (200 клеток) — — Reporter intensity corrected 2 2227S3 2227S3 Ch2 127N Одиночная клетка Group 1 (контроль) G1-21 Reporter intensity corrected 3 2227S3 2227S3 Ch3 127C Одиночная клетка Group 1 (контроль) G1-22 Reporter intensity corrected 4 2227S3 2227S3 Ch4 128N Одиночная клетка Group 1 (контроль) G1-23 Reporter intensity corrected 5 2227S3 2227S3 Ch5 128C Одиночная клетка Group 1 (контроль) G1-24 Reporter intensity corrected 6 2227S3 2227S3 Ch6 129N Одиночная клетка Group 2 (кейс) G2-21 Reporter intensity corrected 7 2227S3 2227S3 Ch7 129C Одиночная клетка Group 2 (кейс) G2-22 Reporter intensity corrected 8 2227S3 2227S3 Ch8 130N Одиночная клетка Group 2 (кейс) G2-23 Reporter intensity corrected 9 2227S3 2227S3 Ch9 130C Одиночная клетка Group 2 (кейс) G2-24 Reporter intensity corrected 10 2227S3 2227S3 Ch10 131 Blank (PBS) — — Reporter intensity corrected 1 2227S4 2227S4 Ch1 126 Carrier (200 клеток) — — Reporter intensity corrected 2 2227S4 2227S4 Ch2 127N Одиночная клетка Group 1 (контроль) G1-25 Reporter intensity corrected 3 2227S4 2227S4 Ch3 127C Одиночная клетка Group 1 (контроль) G1-26 Reporter intensity corrected 4 2227S4 2227S4 Ch4 128N Одиночная клетка Group 1 (контроль) G1-27 Reporter intensity corrected 5 2227S4 2227S4 Ch5 128C Одиночная клетка Group 1 (контроль) G1-28 Reporter intensity corrected 6 2227S4 2227S4 Ch6 129N Одиночная клетка Group 2 (кейс) G2-25 Reporter intensity corrected 7 2227S4 2227S4 Ch7 129C Одиночная клетка Group 2 (кейс) G2-26 Reporter intensity corrected 8 2227S4 2227S4 Ch8 130N Одиночная клетка Group 2 (кейс) G2-27 Reporter intensity corrected 9 2227S4 2227S4 Ch9 130C Одиночная клетка Group 2 (кейс) G2-28 Reporter intensity corrected 10 2227S4 2227S4 Ch10 131 Blank (PBS) — — Reporter intensity corrected 1 2236S3 2236S3 Ch1 126 Carrier (200 клеток) — — Reporter intensity corrected 2 2236S3 2236S3 Ch2 127N Одиночная клетка Group 1 (контроль) G1-29 Reporter intensity corrected 3 2236S3 2236S3 Ch3 127C Одиночная клетка Group 1 (контроль) G1-30 Reporter intensity corrected 4 2236S3 2236S3 Ch4 128N Одиночная клетка Group 1 (контроль) G1-31 Reporter intensity corrected 5 2236S3 2236S3 Ch5 128C Одиночная клетка Group 1 (контроль) G1-32 Reporter intensity corrected 6 2236S3 2236S3 Ch6 129N Одиночная клетка Group 2 (кейс) G2-29 Reporter intensity corrected 7 2236S3 2236S3 Ch7 129C Одиночная клетка Group 2 (кейс) G2-30 Reporter intensity corrected 8 2236S3 2236S3 Ch8 130N Одиночная клетка Group 2 (кейс) G2-31 Reporter intensity corrected 9 2236S3 2236S3 Ch9 130C Одиночная клетка Group 2 (кейс) G2-32 Reporter intensity corrected 10 2236S3 2236S3 Ch10 131 Blank (PBS) — — Reporter intensity corrected 1 2236S4 2236S4 Ch1 126 Carrier (200 клеток) — — Reporter intensity corrected 2 2236S4 2236S4 Ch2 127N Одиночная клетка Group 1 (контроль) G1-33 Reporter intensity corrected 3 2236S4 2236S4 Ch3 127C Одиночная клетка Group 1 (контроль) G1-34 Reporter intensity corrected 4 2236S4 2236S4 Ch4 128N Одиночная клетка Group 1 (контроль) G1-35 Reporter intensity corrected 5 2236S4 2236S4 Ch5 128C Одиночная клетка Group 1 (контроль) G1-36 Reporter intensity corrected 6 2236S4 2236S4 Ch6 129N Одиночная клетка Group 2 (кейс) G2-33 Reporter intensity corrected 7 2236S4 2236S4 Ch7 129C Одиночная клетка Group 2 (кейс) G2-34 Reporter intensity corrected 8 2236S4 2236S4 Ch8 130N Одиночная клетка Group 2 (кейс) G2-35 Reporter intensity corrected 9 2236S4 2236S4 Ch9 130C Одиночная клетка Group 2 (кейс) G2-36 Reporter intensity corrected 10 2236S4 2236S4 Ch10 131 Blank (PBS) — — Reporter intensity corrected 1 2236S5 2236S5 Ch1 126 Carrier (200 клеток) — — Reporter intensity corrected 2 2236S5 2236S5 Ch2 127N Одиночная клетка Group 1 (контроль) G1-37 Reporter intensity corrected 3 2236S5 2236S5 Ch3 127C Одиночная клетка Group 1 (контроль) G1-38 Reporter intensity corrected 4 2236S5 2236S5 Ch4 128N Одиночная клетка Group 1 (контроль) G1-39 Reporter intensity corrected 5 2236S5 2236S5 Ch5 128C Одиночная клетка Group 1 (контроль) G1-40 Reporter intensity corrected 6 2236S5 2236S5 Ch6 129N Одиночная клетка Group 2 (кейс) G2-37 Reporter intensity corrected 7 2236S5 2236S5 Ch7 129C Одиночная клетка Group 2 (кейс) G2-38 Reporter intensity corrected 8 2236S5 2236S5 Ch8 130N Одиночная клетка Group 2 (кейс) G2-39 Reporter intensity corrected 9 2236S5 2236S5 Ch9 130C Одиночная клетка Group 2 (кейс) G2-40 Reporter intensity corrected 10 2236S5 2236S5 Ch10 131 Blank (PBS) — —,1 carrier (200 cells) + 1 blank,80.0,0,PSM-level weighted ratio normalization; log2 transformation; column and row median subtraction,,,UniProt,2021.0,Variable: Deamidation (NQ); Oxidation (M),0.01,result_PXD034370.xlsx,https://www.omicsdi.org/dataset/pride/PXD034370,Proteins associated with abnormal DNA damage response dynamics; PDS5A implicated in persistent DDR and cell survival after radiation,"All cells irradiated; groups differ by DDR dynamics, not treatment/control",Not specified
PRIDE,PXD036226,37386008,The proteomic landscape of soft tissue sarcomas,321,,321.0,,0,,0,321 primary tumour cases (patients),Tissue,"Primary tumour tissue specimens (FFPE), multiple STS subtypes",Soft tissue sarcoma,Soft tissue,Sarcoma,,,,,Soft Tissue Sarcoma (STS),Leiomyosarcoma (LMS); Undifferentiated Pleomorphic Sarcoma (UPS); Synovial Sarcoma (SS); Dedifferentiated Liposarcoma (DDLPS); Angiosarcoma (AS); Epithelioid Sarcoma (EPS); Extracranial Rhabdoid Tumour (RT); Alveolar Soft Part Sarcoma (ASPS); Desmoplastic Small Round Cell Tumour (DSRCT); Clear Cell Sarcoma (CCS); Desmoid Tumours (DES),"TMT batch, case series, bulk proteomics",MS-based proteomic profiling of 321 FFPE primary tumours across 11 STS subtypes; TMT11-plex with pooled reference for cross-batch normalisation,Orbitrap Fusion Lumos,TMT 11-plex,3290.0,11 channels (10 samples + 1 pooled reference),Inter-batch normalisation via pooled reference (channel 131C),Reference channel (131C pooled sample),321.0,321,"Reference-based normalisation (sample/reference), log2 transform, median centering, scaling",,,UniProt,2018.0,"Fixed: Carbamidomethyl (C); TMT (K, Protein N-term).; Variable: Oxidation (M) Deamidation (N/Q)",0.01,result_PXD036226.xlsx,https://www.omicsdi.org/dataset/pride/PXD036226,"Soft tissue sarcomas: 321 tumors, 3290 proteins via TMT-MS3. Three leiomyosarcoma subtypes; immune cold tumors show complement activation; low proteome-transcriptome correlation; SPM10 favorable prognostic factor",Sample-level annotation unavailable; no ST001-subtype mapping,Not specified
PRIDE,PXD036238,37444412,Molecular Characterization of Esophageal Squamous Cell Carcinoma Using Quantitative Proteomics,8,,4.0,,4,,4,4 pairs (Nohabits),Tissue,ESCC tumor tissue and matched adjacent normal esophageal tissue (no habits),Esophageal squamous cell carcinoma,Esophagus,Carcinoma,,,,,,Esophageal squamous cell carcinoma (ESCC),,Paired tumor vs adjacent normal within one TMT 10plex experiment,Q Exactive HF,TMT 11-plex,6000.0,126 → Tumor 1 127N → Normal 1 127C → Tumor 2 128N → Normal 2 128C → Tumor 3 129N → Normal 3 129C → Tumor 4 130N → Normal 4,,130C/131 → Bridge,8.0,8,Bridge-based normalization across TMT experiments,Protein,Within TMT run,UniProt,2019.0,"Fixed: Carbamidomethyl (C); TMT (K, Protein N-term).; Variable: Oxidation (M), Deamidation (N/Q)",0.01,result_PXD036238.xlsx,https://www.omicsdi.org/dataset/pride/PXD036238,"ESCC proteome: 9597 proteins, 693 hyperexpressed, 446 decreased. Proliferative/repair pathways activation; 3q24-29 amplification; ER-stress/ERAD axis enhancement; SYVN1 therapeutic target",Sheet = cohort assumption; F = fraction; Channel = Tumor/Normal/Bridge; R = technical replicate,Not specified
PRIDE,PXD037371,36625413,Global profiling of protein lysine lactylation and potential target modified protein analysis in hepatocellular carcinoma,9,0.0,6.0,0.0,3,0.0,9,Normal liver tissues (n=3); HCC tissues without metastasis (n=3); HCC lung metastasis tissues (n=3),Tissue,Liver tumor and normal tissue,Liver,Hepatocellular carcinoma,Huh-7; HepG2; L-02,Cancer; cancer; normal,Liver,Hepatocellular carcinoma; Normal,Epithelial tissues,Hepatocellular carcinoma (HCC),Lung metastasis,Case–control + case–case; single TMT-10plex batch; proteome + lactylome,"The study provides TMT-based quantitative proteome and lactylome profiling of 9 liver tissue samples (Normal, HCC, HCC lung metastasis) to identify differentially lactylated proteins associated with tumorigenesis and metastasis.",Q Exactive HF-X,TMT 10-plex,,Normal (n=3) vs HCC (n=3) vs HCC lung metastasis (n=3); channel-to-sample mapping not reported,,,9.0,9,"Median normalization (MaxQuant, protein ratio median)",,,UniProt,,"Fixed: Carbamidomethyl (C); TMT 10-plex (K, peptide N-term). Variable: Oxidation (M); TMT 10-plex (Y)",0.01,result_PXD037371.xlsx,https://www.ebi.ac.uk/pride/archive/projects/PXD037371,Global profiling of protein lysine lactylation in hepatocellular carcinoma,"Log-transformed values, not raw data",Log-transformed
PRIDE,PXD039319,39043693,Multiomic profiling of medulloblastoma reveals subtype-specific targetable alterations at the proteome and N-glycan level,70,,70.0,,0,,70,Medulloblastoma tumor tissue (FFPE),Tissue,,Brain,Medulloblastoma,DAOY; UW473; D283med,,Brain,Medulloblastoma,Neural,Medulloblastoma,WNT — WNT pathway activated tumor ; SHH — Hedgehog pathway activated tumor ; Group 3 — MYC-driven high-risk tumor ; Group 4 — neuronal/synaptic subtype tumor,Case-only; multi-omics integration; proteome subtyping,TMT10 MS3 proteomics (FFPE) with pooled internal reference per plex (8 plex × 10 channels),Orbitrap Fusion Lumos,TMT 10-plex,6000.0,FFPE1TMT2 GR3 Reporter intensity corrected 2 TMT1 FFPE1TMT3 GR4 Reporter intensity corrected 3 TMT1 FFPE1TMT4 WNT Reporter intensity corrected 4 TMT1 FFPE1TMT5 SHH Reporter intensity corrected 5 TMT1 FFPE1TMT7 SHH Reporter intensity corrected 7 TMT1 FFPE1TMT8 GR4 Reporter intensity corrected 8 TMT1 FFPE1TMT9 GR4 Reporter intensity corrected 9 TMT1 FFPE2TMT1 WNT Reporter intensity corrected 1 TMT2 FFPE2TMT3 GR4 Reporter intensity corrected 3 TMT2 FFPE2TMT4 SHH Reporter intensity corrected 4 TMT2 FFPE2TMT5 SHH Reporter intensity corrected 5 TMT2 FFPE2TMT6 WNT Reporter intensity corrected 6 TMT2 FFPE2TMT8 SHH Reporter intensity corrected 8 TMT2 FFPE2TMT9 SHH Reporter intensity corrected 9 TMT2 FFPE3TMT10 SHH Reporter intensity corrected 10 TMT2 FFPE3TMT1 SHH Reporter intensity corrected 1 TMT3 FFPE3TMT2 WNT Reporter intensity corrected 2 TMT3 FFPE3TMT4 SHH Reporter intensity corrected 4 TMT3 FFPE3TMT5 GR4 Reporter intensity corrected 5 TMT3 FFPE3TMT6 GR4 Reporter intensity corrected 6 TMT3 FFPE3TMT7 WNT Reporter intensity corrected 7 TMT3 FFPE3TMT8 GR4 Reporter intensity corrected 8 TMT3 FFPE3TMT9 GR4 Reporter intensity corrected 9 TMT3 FFPE3TMT10 SHH Reporter intensity corrected 10 TMT3 FFPE4TMT1 SHH Reporter intensity corrected 1 TMT4 FFPE4TMT2 SHH Reporter intensity corrected 2 TMT4 FFPE4TMT3 WNT Reporter intensity corrected 3 TMT4 FFPE4TMT5 GR3 Reporter intensity corrected 5 TMT4 FFPE4TMT6 SHH Reporter intensity corrected 6 TMT4 FFPE4TMT7 GR4 Reporter intensity corrected 7 TMT4 FFPE4TMT8 GR3 Reporter intensity corrected 8 TMT4 FFPE4TMT9 GR3 Reporter intensity corrected 9 TMT4 FFPE4TMT10 SHH Reporter intensity corrected 10 TMT4 FFPE5TMT1 GR4 Reporter intensity corrected 1 TMT5 FFPE5TMT2 SHH Reporter intensity corrected 2 TMT5 FFPE5TMT3 SHH Reporter intensity corrected 3 TMT5 FFPE5TMT4 GR4 Reporter intensity corrected 4 TMT5 FFPE5TMT5 GR3 Reporter intensity corrected 5 TMT5 FFPE5TMT6 GR4 Reporter intensity corrected 6 TMT5 FFPE5TMT7 GR3 Reporter intensity corrected 7 TMT5 FFPE5TMT8 WNT Reporter intensity corrected 8 TMT5 FFPE5TMT9 WNT Reporter intensity corrected 9 TMT5 FFPE5TMT10 GR4 Reporter intensity corrected 10 TMT5 FFPE6TMT1 GR4 Reporter intensity corrected 1 TMT6 FFPE6TMT2 GR4 Reporter intensity corrected 2 TMT6 FFPE6TMT3 SHH Reporter intensity corrected 3 TMT6 FFPE6TMT4 GR3 Reporter intensity corrected 4 TMT6 FFPE6TMT5 GR4 Reporter intensity corrected 5 TMT6 FFPE6TMT6 WNT Reporter intensity corrected 6 TMT6 FFPE6TMT7 GR4 Reporter intensity corrected 7 TMT6 FFPE6TMT8 SHH Reporter intensity corrected 8 TMT6 FFPE6TMT9 SHH Reporter intensity corrected 9 TMT6 FFPE6TMT10 GR4 Reporter intensity corrected 10 TMT6 FFPE7TMT1 GR3 Reporter intensity corrected 1 TMT7 FFPE7TMT2 SHH Reporter intensity corrected 2 TMT7 FFPE7TMT3 SHH Reporter intensity corrected 3 TMT7 FFPE7TMT4 GR3 Reporter intensity corrected 4 TMT7 FFPE7TMT5 NA Reporter intensity corrected 5 TMT7 FFPE7TMT6 SHH Reporter intensity corrected 6 TMT7 FFPE7TMT7 SHH Reporter intensity corrected 7 TMT7 FFPE7TMT8 GR4 Reporter intensity corrected 8 TMT7 FFPE7TMT9 GR4 Reporter intensity corrected 9 TMT7 FFPE7TMT10 GR3 Reporter intensity corrected 10 TMT7 FFPE8TMT1 SHH Reporter intensity corrected 1 TMT8 FFPE8TMT2 SHH Reporter intensity corrected 2 TMT8 FFPE8TMT3 WNT Reporter intensity corrected 3 TMT8 FFPE8TMT4 GR4 Reporter intensity corrected 4 TMT8 FFPE8TMT5 SHH Reporter intensity corrected 5 TMT8 FFPE8TMT6 GR3 Reporter intensity corrected 6 TMT8 FFPE8TMT7 WNT Reporter intensity corrected 7 TMT8 FFPE8TMT8 GR3 Reporter intensity corrected 8 TMT8 FFPE8TMT9 GR3 Reporter intensity corrected 9 TMT8 FFPE8TMT10 SHH Reporter intensity corrected 10 TMT8,,"Internal reference (pooled, 7 channels total)",80.0,70,Reporter intensity correction (isotope impurity corrected); log2 transform; median normalization; batch correction (HarmonizR),,Row-wise,UniProt,2019.0,"Carbamidomethyl (C, fixed); Oxidation (M); Acetyl (Protein N-term); pyro-Glu",0.01,result_PXD039319.xlsx,https://www.omicsdi.org/dataset/pride/PXD039319,"Largest integrated MB dataset: 167 tumors, 16,279 proteins; FF+FFPE+public data; batch effects removed",Total Samples ≠ 167 (multi-omics); actual TMT = 70; NA sample present,Normalized
PRIDE,PXD040309,37852252,Proteomic profiling of centrosomes across multiple mammalian cell and tissue types by an affinity capture method,20,,20.0,,0,,0,Cell lines U251 vs Jurkat CAPture U251 (glioblastoma); Jurkat (T-cell leukemia),Cell Lines,Cell lines,Brain; Blood,Glioblastoma; Leukemia,U-251MG; Jurkat E6.1,Cancer; cancer,Brain; Blood,Glioblastoma; Leukemia,Neural; Blood,"Glioblastoma, Leukemia",,Comparative TMT proteomics (CAPture vs bead-only; U251 vs Jurkat),Centrosome-enriched proteomics using CAPture affinity purification with TMT-based quantification,Orbitrap Fusion Lumos,TMT 11-plex,1500.0,U251 CAPture vs Jurkat CAPture,,,20.0,20,Median normalization + limma,Protein,Within dataset,UniProt,,"Fixed: Carbamidomethyl (C); TMT (K, N-term). Variable: Oxidation (M); Deamidation (N/Q)",0.01,result_PXD040309.xlsx,https://doi.org/10.1016/j.devcel.2023.09.008,Differential centrosome proteome between U251 and Jurkat cells,"Subcellular enrichment, not whole proteome; CAPture bias",Raw
PRIDE,PXD043580,38942927,The proteogenomic landscape of multiple myeloma reveals insights into disease biology and therapeutic opportunities,147,7.0,131.0,,9,,147,"Primary patient-derived plasma cells (MM, MGUS, PCL) and healthy donor hematopoietic cells (CD138+, CD19+, CD34+)",Primary cells,Bone marrow; peripheral blood,Bone marrow; peripheral blood,Myeloma,MM1.S; LP-1; OPM2; NCI-H929; AMO1; INA-6; JJN-3,Cancer; cancer; cancer; cancer; cancer; cancer; cancer,Blood and lymphoid tissue,Multiple myeloma,Blood and lymphoid tissue,Multiple Myeloma,"Newly diagnosed multiple myeloma (NDMM), Plasma Cell Leukemia (PCL), Monoclonal Gammopathy of Undetermined Significance (MGUS)",Multi-omics; case-control; TMTpro 16-plex global proteome and phosphoproteome; RNA-seq; nanopore DNA sequencing; prognostic biomarker analysis,"Integrated proteogenomic study of MM, PCL, MGUS and healthy hematopoietic controls using TMT-based proteome/phosphoproteome profiling with RNA-seq and nanopore DNA sequencing; supplementary tables contain the main TMT patient results, while PRIDE also includes LFQ cell-line and MACS control experiments",Q Exactive HF-X,TMTpro 16-plex,10.0,TMT3.plex11 healthy.CD138 TMT9.plex11 healthy.CD138 TMT4.plex11 healthy.CD138 TMT10.plex11 healthy.CD19 TMT6.plex11 healthy.CD19 TMT7.plex11 healthy.CD19 TMT13.plex11 healthy.CD34 TMT11.plex11 healthy.CD34 TMT5.plex11 healthy.CD34 TMT8.plex08 MGUS TMT7.plex09 MGUS TMT8.plex02 MGUS TMT2.plex02 MGUS TMT6.plex04 MGUS TMT9.plex04 MGUS TMT10.plex09 MGUS TMT16.plex04 multiple.myeloma TMT13.plex07 multiple.myeloma TMT12.plex05 multiple.myeloma TMT3.plex08 multiple.myeloma TMT4.plex01 multiple.myeloma TMT6.plex10 multiple.myeloma TMT5.plex07 multiple.myeloma TMT2.plex05 multiple.myeloma TMT2.plex06 multiple.myeloma TMT5.plex05 multiple.myeloma TMT4.plex07 multiple.myeloma TMT13.plex06 multiple.myeloma TMT5.plex04 multiple.myeloma TMT3.plex06 multiple.myeloma TMT5.plex10 multiple.myeloma TMT6.plex06 multiple.myeloma TMT6.plex01 multiple.myeloma TMT4.plex09 multiple.myeloma TMT15.plex09 multiple.myeloma TMT12.plex04 multiple.myeloma TMT11.plex04 multiple.myeloma TMT16.plex02 multiple.myeloma TMT8.plex07 multiple.myeloma TMT13.plex04 multiple.myeloma TMT7.plex06 multiple.myeloma TMT9.plex05 multiple.myeloma TMT9.plex10 multiple.myeloma TMT14.plex10 multiple.myeloma TMT3.plex04 multiple.myeloma TMT10.plex10 multiple.myeloma TMT15.plex07 multiple.myeloma TMT16.plex07 multiple.myeloma TMT15.plex05 multiple.myeloma TMT7.plex08 multiple.myeloma TMT7.plex05 multiple.myeloma TMT15.plex08 multiple.myeloma TMT5.plex01 multiple.myeloma TMT14.plex08 multiple.myeloma TMT3.plex05 multiple.myeloma TMT16.plex03 multiple.myeloma TMT10.plex07 multiple.myeloma TMT10.plex04 multiple.myeloma TMT14.plex06 multiple.myeloma TMT11.plex08 multiple.myeloma TMT11.plex06 multiple.myeloma TMT4.plex02 multiple.myeloma TMT5.plex06 multiple.myeloma TMT6.plex09 multiple.myeloma TMT15.plex04 multiple.myeloma TMT9.plex07 multiple.myeloma TMT6.plex07 multiple.myeloma TMT15.plex03 multiple.myeloma TMT13.plex03 multiple.myeloma TMT3.plex07 multiple.myeloma TMT13.plex09 multiple.myeloma TMT5.plex02 multiple.myeloma TMT8.plex01 multiple.myeloma TMT10.plex05 multiple.myeloma TMT2.plex03 multiple.myeloma TMT15.plex06 multiple.myeloma TMT4.plex10 multiple.myeloma TMT4.plex05 multiple.myeloma TMT2.plex09 multiple.myeloma TMT10.plex06 multiple.myeloma TMT7.plex04 multiple.myeloma TMT10.plex01 multiple.myeloma TMT13.plex05 multiple.myeloma TMT4.plex08 multiple.myeloma TMT15.plex02 multiple.myeloma TMT15.plex10 multiple.myeloma TMT11.plex05 multiple.myeloma TMT14.plex02 multiple.myeloma TMT16.plex08 multiple.myeloma TMT12.plex02 multiple.myeloma TMT3.plex09 multiple.myeloma TMT12.plex01 multiple.myeloma TMT11.plex07 multiple.myeloma TMT11.plex01 multiple.myeloma TMT9.plex06 multiple.myeloma TMT5.plex09 multiple.myeloma TMT16.plex06 multiple.myeloma TMT8.plex09 multiple.myeloma TMT13.plex08 multiple.myeloma TMT14.plex09 multiple.myeloma TMT14.plex04 multiple.myeloma TMT13.plex01 multiple.myeloma TMT2.plex10 multiple.myeloma TMT16.plex05 multiple.myeloma TMT7.plex03 multiple.myeloma TMT9.plex03 multiple.myeloma TMT15.plex01 multiple.myeloma TMT4.plex03 multiple.myeloma TMT12.plex10 multiple.myeloma TMT13.plex10 multiple.myeloma TMT14.plex05 multiple.myeloma TMT3.plex02 multiple.myeloma TMT2.plex08 multiple.myeloma TMT8.plex06 multiple.myeloma TMT9.plex01 multiple.myeloma TMT14.plex03 multiple.myeloma TMT4.plex04 multiple.myeloma TMT6.plex08 multiple.myeloma TMT7.plex01 multiple.myeloma TMT11.plex09 multiple.myeloma TMT11.plex03 multiple.myeloma TMT8.plex10 multiple.myeloma TMT14.plex01 multiple.myeloma TMT7.plex07 multiple.myeloma TMT12.plex06 multiple.myeloma TMT6.plex02 multiple.myeloma TMT12.plex08 multiple.myeloma TMT16.plex09 multiple.myeloma TMT10.plex08 multiple.myeloma TMT16.plex10 multiple.myeloma TMT8.plex04 plasmacell.leukemia TMT2.plex04 plasmacell.leukemia TMT5.plex08 plasmacell.leukemia TMT14.plex07 plasmacell.leukemia TMT9.plex09 plasmacell.leukemia TMT2.plex01 plasmacell.leukemia TMT3.plex01 plasmacell.leukemia TMT12.plex09 plasmacell.leukemia TMT6.plex05 plasmacell.leukemia TMT13.plex02 plasmacell.leukemia TMT10.plex03 plasmacell.leukemia TMT4.plex06 plasmacell.leukemia TMT8.plex05 plasmacell.leukemia TMT9.plex08 plasmacell.leukemia TMT10.plex02 plasmacell.leukemia TMT12.plex03 plasmacell.leukemia TMT2.plex07 plasmacell.leukemia,,TMT1.plex01 yes internal.standard plasmacells TMT1.plex02 yes internal.standard plasmacells TMT1.plex03 yes internal.standard plasmacells TMT1.plex04 yes internal.standard plasmacells TMT1.plex05 yes internal.standard plasmacells TMT1.plex06 yes internal.standard plasmacells TMT1.plex07 yes internal.standard plasmacells TMT1.plex08 yes internal.standard plasmacells TMT1.plex09 yes internal.standard plasmacells TMT1.plex10 yes internal.standard plasmacells TMT1.plex11 yes internal.standard plasmacells,161.0,147,"Median normalization (TMT), LFQ normalization (MaxLFQ/DIANN)",,,UniProt,2021.0,Fixed: Carbamidomethyl (C). Variable: Oxidation (M); Acetyl (Protein N-term).,0.01,result_PXD043580.xlsx,https://www.omicsdi.org/dataset/pride/PXD043580,"Different myeloma subtypes have specific proteomic/signaling profiles not visible at RNA level, associated with clinical outcome",Already normalized values,Log-transformed
PRIDE,PXD045417,38480868,Proteogenomic analysis of enriched HGSOC tumor epithelium identifies prognostic signatures and therapeutic vulnerabilities,70,,70.0,,0,,70,"High Grade Serous Ovarian Cancer (HGSOC) bulk tumor tissue (BT), LMD enriched tumor epithelium (ET), and LMD enriched stromal cell populations (ES)",Tissue,HGSOC tumor epithelium and stroma,Ovary; Omentum; Peritoneum; Uterus; Diaphragm; Pleura,Carcinoma,UWB1.289; UWB1.289+BRCA1,Cancer,Ovary,High-grade serous carcinoma,Epithelial tissues,Ovarian cancer,High Grade Serous Ovarian Cancer (HGSOC),"Proteogenomics, TMT 11-plex, laser microdissection (LMD)","Deep proteogenomic analysis of 70 high-grade serous ovarian cancer (HGSOC) patients using TMT 11-plex LC–MS/MS across bulk tumor and laser microdissection-enriched epithelial and stromal tissue compartments, revealing immune, stromal, and homologous recombination deficiency (HRD)-associated protein signatures linked to patient survival and therapeutic vulnerabilities.",Q Exactive HF-X,TMT 11-plex,10000.0,Ovary nos — 38 Omentum — 12 Ovary right — 7 Ovary left — 4 Uterus nos — 3 Cul de sac — 1 Diaphragm — 1 Peritoneum — 1 Uterine myometrium — 1 Pleural implant — 1 Fallopian tube right — 1,,,70.0,70,"TMT reporter intensities normalized to pooled reference (126), median normalization, log2 transformation",,,UniProt,2017.0,"Fixed: Carbamidomethyl (C); TMT (K, N-term). Variable: Oxidation (M)",0.01,result_PXD045417.xlsx,https://www.omicsdi.org/dataset/pride/PXD045417,15-protein immune signature (PFS/OS); 54 HRD signature (AUC=0.81); BMI1 vulnerability in HRP; 9-protein stromal signature,Log2-normalized TMT intensities: log2(sample / pooled reference channel 126),Log-transformed
PRIDE,PXD050642,41053579,Quantitative proteomics identifies conserved proteins and altered regulation of mucin-16 in low grade serous ovarian cancers,48,,36.0,,12,,48,12 FFPE LGSOC tumors; 24 FFPE HGSOC tumors; 12 benign FFPE fallopian tube tissues; laser microdissected tumor epithelium / whole tissue equivalents,Tissue,Ovarian serous carcinoma tissue; benign fallopian tube tissue,Ovary; Fallopian tube,Low-grade serous ovarian carcinoma; High-grade serous ovarian carcinoma,,,,,,Ovarian cancer,LGSOC; HGSOC,Case-control; discovery cohort + independent validation; multiplexed TMT11 proteomics,"Quantitative TMT11 LC-MS/MS proteomics of 48 FFPE tissues comparing LGSOC, HGSOC and benign fallopian tube to identify conserved subtype-specific proteins including MUC16.",Q Exactive HF-X,TMT 11-plex,7043.0,11,LGSOC vs HGSOC; LGSOC vs FT; HGSOC vs FT,Pooled internal reference (126) + partially unused channels across some plexes,48.0,48,Reporter ion intensity-based protein normalization (not fully specified),,,UniProt,2017.0,Fixed: Carbamidomethyl(C); TMT 11-plex(K); TMT 11-plex(N-term) Variable: Oxidation(M); Hydroxylation,0.01,result_PXD050642.xlsx,https://www.omicsdi.org/dataset/pride/PXD050642,"LGSOC and HGSOC have distinct proteomic signatures; 275 conserved differential proteins validated; LGSOC showed elevated MUC16/CD73 and adhesion-related programs, HGSOC cell-cycle programs.",Small discovery cohort; FFPE material; uneven TMT channel occupancy; normalization details incompletely described.,Normalized
PRIDE,PXD051882,39947398,HEXB Drives Raised Paucimannosylation in Colorectal Cancer and Stratifies Patient Risk,36,0.0,28.0,0.0,8,0.0,36,Colorectal tumor tissue and NAT,Tissue,Colon; Rectum,Gastrointestinal,Colorectal adenocarcinoma,,,,,,Colorectal Cancer,Stage I; Stage II; Stage III; Stage IV; Normal.,Case-control stage-stratified tissue proteomics,Fresh frozen tissue cohort comparing CRC vs NAT,Q Exactive HF-X,TMT 10-plex,3060.0,P10_Adh_01 P10_Adh_02 P10_Sph_01 P10_Sph_02 P1_Adh_01 P1_Adh_02 P1_Sph_01 P1_Sph_02 P2_Adh_01 P2_Adh_02 P2_Sph_01 P2_Sph_02 P3_Adh_01 P3_Adh_02 P3_Sph_01 P3_Sph_02 P4_Adh_01 P4_Adh_02 P4_Sph_01 P4_Sph_02 P5_Adh_01 P5_Adh_02 P5_Sph_01 P5_Sph_02 P6_Adh_01 P6_Adh_02 P6_Sph_01 P6_Sph_02 P7_Adh_01 P7_Adh_02 P7_Sph_01 P7_Sph_02 P8_Adh_01 P8_Adh_02 P8_Sph_01 P8_Sph_02 P9_Adh_01 P9_Adh_02 P9_Sph_01 P9_Sph_02,CRC stages vs NAT,126 pooled reference,36.0,36,Reference channel + within-channel normalization,,Global,UniProt,2019.0,Carbamidomethyl(C); Oxidation(M); Acetyl(N-term); TMT Lys/N-term,0.01,result_PXD051882.xlsx,https://www.omicsdi.org/dataset/pride/PXD051882,CRC tumors showed stage-associated remodeling and elevated paucimannosylation proteins,NAT are adjacent tissues not healthy colon; multi-batch TMT,Normalized
PRIDE,PXD051907,39947398,HEXB Drives Raised Paucimannosylation in Colorectal Cancer and Stratifies Patient Risk,36,0.0,28.0,0.0,8,0.0,36,Peripheral blood mononuclear cells,Primary cells,Blood,Hematologic,,,,,,,Colorectal Cancer,Stage I; Stage II; Stage III; Stage IV; Normal.,Case-control stage-stratified PBMC proteomics,PBMC proteome used to detect systemic immune alterations,Q Exactive HF-X,TMT 10-plex,1584.0,P10_Adh_01 P10_Adh_02 P10_Sph_01 P10_Sph_02 P1_Adh_01 P1_Adh_02 P1_Sph_01 P1_Sph_02 P2_Adh_01 P2_Adh_02 P2_Sph_01 P2_Sph_02 P3_Adh_01 P3_Adh_02 P3_Sph_01 P3_Sph_02 P4_Adh_01 P4_Adh_02 P4_Sph_01 P4_Sph_02 P5_Adh_01 P5_Adh_02 P5_Sph_01 P5_Sph_02 P6_Adh_01 P6_Adh_02 P6_Sph_01 P6_Sph_02 P7_Adh_01 P7_Adh_02 P7_Sph_01 P7_Sph_02 P8_Adh_01 P8_Adh_02 P8_Sph_01 P8_Sph_02 P9_Adh_01 P9_Adh_02 P9_Sph_01 P9_Sph_02,CRC stages vs healthy PBMC,126 pooled reference,36.0,36,Reference channel + within-channel normalization,,Global,UniProt,2019.0,Carbamidomethyl(C); Oxidation(M); Acetyl(N-term); TMT Lys/N-term,0.01,result_PXD051907.xlsx,https://www.omicsdi.org/dataset/pride/PXD051907,PBMC proteome showed monocyte-associated changes strongest in advanced CRC,PBMC mixed-cell population; composition effects possible,Normalized
PRIDE,PXD052353,39314461,"Epigenomic, transcriptomic and proteomic characterizations of reference samples",9,,3.0,,3,,1,HCC1395 (breast cancer epithelial cell line derived from mammary gland); HCC1395BL (normal B lymphoblast from peripheral blood); H9 ESC,Cell Lines,Breast cancer cell line; B-lymphoblast cell line; embryonic stem cell line,Breast; Blood; Embryonic stem cells,Mammary gland; Peripheral blood; Embryonic stem cells,HCC1395; HCC1395BL; H9 ESC,Cancer; normal; reference,Breast; Blood and lymph; embryonic stem cells,Carcinoma; Normal; Reference,Epithelial Tissues; Blood and Lymphoid Cells; Stem Cells,Breast cancer,Ductal carcinoma,Paired tumor/normal reference design with additional H9 ESC reference,"TMT10-based proteomics of 9 cell-line samples: BC_1-3, B_lym_1-3, H9ESC_1-3; main biological comparison is HCC1395 vs HCC1395BL, with H9 ESC included as an additional reference channel.",Q Exactive HF-X,TMT 10-plex,6000.0,Cells Labels on tubes TMT labels breast cancer A1 126 breast cancer A2 127N breast cancer A3 127C B lymphocyte B1 128N B lymphocyte B2 128C B lymphocyte B3 129N,,H9 ESC H1 129C H9 ESC H2 130N H9 ESC H3 131,9.0,6,Reporter intensity corrected (MaxQuant isotope-corrected reporter ion intensities),,,UniProt,2019.0,"Fixed: Carbamidomethyl (C); Variable: Oxidation (M), Acetyl (Protein N-term)",0.01,result_PXD052353.xlsx,https://www.omicsdi.org/dataset/pride/PXD052353,RNA-protein correlation R≈0.47; CGI-promoter transcripts show higher protein expression,,Raw
PRIDE,PXD054500,37481068,Unbiased differential proteomic profiling between cancer-associated fibroblasts and cancer cell lines,12,,9.0,,3,,0,"12 cell lines (3 CAF models and 9 KRAS-mutant cancer cell lines) from colorectal, lung and pancreatic tissues, each measured in three biological replicates (n = 36). CAF models include Colorectal CAF, Lung CAF and PSC, while cancer cell lines include H747, LIM2099, SW620 (CRC), H1792, H2030, H23 (NSCLC), and CAPAN1, DANG, MIAPACA2 (PDAC).",Cell Lines,CAF and KRAS-mutant cancer cell lines,"Multiple organs (colon, lung, pancreas)",,Colorectal CAF; Lung CAF; PSC; H747; LIM2099; SW620; H1792; H2030; H23; CAPAN1; DANG; MIAPACA2,Stromal; stromal; stromal; cancer; cancer; cancer; cancer; cancer; cancer; cancer; cancer; cancer,Colon; Lung; Pancreas,Normal; Carcinoma,Connective tissue; Epithelial,"Cancer (lung, colorectal, pancreatic)",NSCLC; CRC; PDAC,"TMT multiplex, quantitative proteomics, case–control (CAF vs cancer)","Proteome profiling of 3 CAF and 9 cancer cell lines (CRC, NSCLC, PDAC) using TMTpro LC-MS/MS with biological triplicates and technical replicates (SDC/SDS).",Orbitrap Fusion Lumos,TMTpro 16-plex,9460.0,Cancer samples: 27 (9 cell lines × 3 replicates) Stromal (CAF) samples: 9 (3 cell lines × 3 replicates) Total: 36 samples,,,36.0,36,Reporter ion intensities normalized by total peptide amount; scaled to global average; SDC/SDS technical replicates averaged; rescaled by mean abundance within each TMT batch; log2-transformed and mean-centered per batch,Protein,Within TMT batch,UniProt,2021.0,"Fixed: Carbamidomethyl (C); TMTpro (K, Protein N-term). Variable: Oxidation (M) Deamidation (N/Q)",0.01,result_PXD054500.xlsx,https://www.omicsdi.org/dataset/pride/PXD054500,"CAF vs cancer proteomes: stromal biomarkers HSPB6, PTGS1 identified","Values log2-transformed, centered to batch mean; CAF = stromal controls not healthy; normalized not raw",Log-transformed
PRIDE,PXD055089,40669378,In-depth patient-specific analysis of tumor heterogeneity in melanoma brain metastasis: Insights from spatial transcriptomics and multi-region bulk sequencing,16,0.0,4.0,12.0,0,0.0,4,"Fresh frozen melanoma brain metastasis tissues, 4 regions per patient",Tissue,,Brain,Melanoma brain metastasis,,,,,,Melanoma,Brain metastases (MBM),Multi-region TMT proteomics + ST + WES + RNA-seq,Four MBM patients sampled in four tumor regions each to study patient and regional heterogeneity,Q Exactive HF,TMTpro 16-plex,7732.0,TMT_channel sample_label patient region file_name sex age cancer_type braf_status treatment treated_yn treatment_group TMT_126 P1_R1 P1 R1 Pl_S1_229p_R1_Set1_tmt16plex_126 Male 69 MBM not_analyzed stereotactic_radiation yes radiation TMT_127N P1_R2 P1 R2 Pl_S1_229p_R2_Set1_tmt16plex_127N Male 69 MBM not_analyzed stereotactic_radiation yes radiation TMT_127C P1_R3 P1 R3 Pl_S1_229p_R3_Set1_tmt16plex_127C Male 69 MBM not_analyzed stereotactic_radiation yes radiation TMT_128N P1_R4 P1 R4 Pl_S2_242p_R1_Set1_tmt16plex_128N Male 69 MBM not_analyzed stereotactic_radiation yes radiation TMT_128C P2_R1 P2 R1 Pl_S2_242p_R2_Set1_tmt16plex_128C Male 76 MBM mutant nivolumab_kinase_inhibitors yes immunotherapy_pre TMT_129N P2_R2 P2 R2 Pl_S2_242p_R3_Set1_tmt16plex_129N Male 76 MBM mutant nivolumab_kinase_inhibitors yes immunotherapy_pre TMT_129C P2_R3 P2 R3 Pl_S2_242post_R1_Set1_tmt16plex_129C Male 76 MBM mutant nivolumab_kinase_inhibitors yes immunotherapy_post TMT_130N P2_R4 P2 R4 Pl_S2_242post_R2_Set1_tmt16plex_130N Male 76 MBM mutant nivolumab_kinase_inhibitors yes immunotherapy_post TMT_130C P3_R1 P3 R1 Pl_S2_242post_R3_Set1_tmt16plex_130C Male 64 MBM wt treatment_naive no naive TMT_131N P3_R2 P3 R2 Pl_S3_261p_R1_Set1_tmt16plex_131N Male 64 MBM wt treatment_naive no naive TMT_131C P3_R3 P3 R3 Pl_S3_261p_R2_Set1_tmt16plex_131C Male 64 MBM wt treatment_naive no naive TMT_132N P3_R4 P3 R4 Pl_S3_261p_R3_Set1_tmt16plex_132N Male 64 MBM wt treatment_naive no naive TMT_132C P4_R1 P4 R1 Pl_S4_302p_R1_Set1_tmt16plex_132C Female 79 MBM wt pembrolizumab yes immunotherapy TMT_133N P4_R2 P4 R2 Pl_S4_302p_R2_Set1_tmt16plex_133N Female 79 MBM wt pembrolizumab yes immunotherapy TMT_133C P4_R3 P4 R3 Pl_S4_302p_R3_Set1_tmt16plex_133C Female 79 MBM wt pembrolizumab yes immunotherapy,Treated vs untreated; patient vs patient; region vs region,No pooled control reported; one empty channel noted in mapping,16.0,16,Median-normalized averaged log2 TMT ratios across 3 sets,Protein,Global,Ensembl,2021.0,Fixed: Carbamidomethyl(C); TMT 16-plex(K); TMT 16-plex(N-term); Variable: Oxidation(M),0.01,result_PXD055089.xlsx,https://www.omicsdi.org/dataset/pride/PXD055089,Strong intertumor and intratumor heterogeneity; treated tumors enriched in immune/IFN/EMT pathways,"Small cohort (n=4), no healthy tissue controls, region-selection bias possible",Log-transformed
PRIDE,PXD057700,40966993,Proteomic analysis uncovers biological diversity in molecularly defined endometrial carcinomas,182,,182.0,,0,,150,"Formalin-fixed, paraffin-embedded (FFPE) endometrial carcinoma tissues from hysterectomy and endometrial biopsy specimens",Tissue,Endometrial carcinoma tissue,Uterus,Endometrial carcinoma,,,,,,Endometrial carcinoma,POLEmut; MMRd; p53abn; NSMP,Cohort study; molecular subtype comparison; replicate tumor-block reproducibility analysis; matched biopsy-hysterectomy comparison; TMT batch design,"Global proteome profiling of FFPE endometrial carcinomas across four molecular subtypes using TMT 11-plex to assess biological heterogeneity, reproducibility across replicate tumor blocks, and concordance between biopsy and hysterectomy samples.",Orbitrap Fusion,TMT 11-plex,6089.0,Set subtype TMT label TMT plex Chanelk set_1_1 NSMP 1 1 Abundance F1 126 Sample set_1_2 MMRd 2 1 Abundance F1 127N Sample set_1_3 p53abn 3 1 Abundance F1 127C Sample set_1_4 MMRd 4 1 Abundance F1 128N Sample set_1_5 NSMP 5 1 Abundance F1 128C Sample set_1_6 MMRd 6 1 Abundance F1 129N Sample set_1_7 NSMP 7 1 Abundance F1 129C Sample set_1_8 MMRd 8 1 Abundance F1 130N Sample set_1_9 PIS_subtype 9 1 Abundance F1 130C Sample set_1_10 PIS 10 1 Abundance F1 131N Sample set_1_11 supermix 11 1 Abundance F1 131C Sample set_2_1 POLEmut 1 2 Abundance F2 126 Sample set_2_2 p53abn 2 2 Abundance F2 127N Sample set_2_3 POLEmut 3 2 Abundance F2 127C Sample set_2_4 p53abn 4 2 Abundance F2 128N Sample set_2_5 NSMP 5 2 Abundance F2 128C Sample set_2_6 p53abn 6 2 Abundance F2 129N Sample set_2_7 POLEmut 7 2 Abundance F2 129C Sample set_2_8 p53abn 8 2 Abundance F2 130N Sample set_2_9 PIS_subtype 9 2 Abundance F2 130C Sample set_2_10 PIS 10 2 Abundance F2 131N Sample set_2_11 supermix 11 2 Abundance F2 131C Sample set_3_1 MMRd 1 3 Abundance F3 126 Sample set_3_2 POLEmut 2 3 Abundance F3 127N Sample set_3_3 MMRd 3 3 Abundance F3 127C Sample set_3_4 POLEmut 4 3 Abundance F3 128N Sample set_3_5 MMRd 5 3 Abundance F3 128C Sample set_3_6 NSMP 6 3 Abundance F3 129N Sample set_3_7 MMRd 7 3 Abundance F3 129C Sample set_3_8 POLEmut 8 3 Abundance F3 130N Sample set_3_9 PIS_subtype 9 3 Abundance F3 130C Sample set_3_10 PIS 10 3 Abundance F3 131N Sample set_3_11 supermix 11 3 Abundance F3 131C Sample set_4_1 p53abn 1 4 Abundance F4 126 Sample set_4_2 NSMP 2 4 Abundance F4 127N Sample set_4_3 p53abn 3 4 Abundance F4 127C Sample set_4_4 NSMP 4 4 Abundance F4 128N Sample set_4_5 p53abn 5 4 Abundance F4 128C Sample set_4_6 NSMP 6 4 Abundance F4 129N Sample set_4_7 p53abn 7 4 Abundance F4 129C Sample set_4_8 NSMP 8 4 Abundance F4 130N Sample set_4_9 PIS_subtype 9 4 Abundance F4 130C Sample set_4_10 PIS 10 4 Abundance F4 131N Sample set_4_11 supermix 11 4 Abundance F4 131C Sample set_5_1 NSMP 1 5 Abundance F5 126 Sample set_5_2 POLEmut 2 5 Abundance F5 127N Sample set_5_3 NSMP 3 5 Abundance F5 127C Sample set_5_4 POLEmut 4 5 Abundance F5 128N Sample set_5_5 NSMP 5 5 Abundance F5 128C Sample set_5_6 POLEmut 6 5 Abundance F5 129N Sample set_5_7 NSMP 7 5 Abundance F5 129C Sample set_5_8 POLEmut 8 5 Abundance F5 130N Sample set_5_9 PIS_subtype 9 5 Abundance F5 130C Sample set_5_10 PIS 10 5 Abundance F5 131N Sample set_5_11 supermix 11 5 Abundance F5 131C Sample set_6_1 MMRd 1 6 Abundance F6 126 Sample set_6_2 p53abn 2 6 Abundance F6 127N Sample set_6_3 MMRd 3 6 Abundance F6 127C Sample set_6_4 p53abn 4 6 Abundance F6 128N Sample set_6_5 MMRd 5 6 Abundance F6 128C Sample set_6_6 p53abn 6 6 Abundance F6 129N Sample set_6_7 MMRd 7 6 Abundance F6 129C Sample set_6_8 p53abn 8 6 Abundance F6 130N Sample set_6_9 PIS_subtype 9 6 Abundance F6 130C Sample set_6_10 PIS 10 6 Abundance F6 131N Sample set_6_11 supermix 11 6 Abundance F6 131C Sample set_7_1 MMRd 1 7 Abundance F7 126 Sample set_7_2 NSMP 2 7 Abundance F7 127N Sample set_7_3 MMRd 3 7 Abundance F7 127C Sample set_7_4 NSMP 4 7 Abundance F7 128N Sample set_7_5 MMRd 5 7 Abundance F7 128C Sample set_7_6 NSMP 6 7 Abundance F7 129N Sample set_7_7 MMRd 7 7 Abundance F7 129C Sample set_7_8 NSMP 8 7 Abundance F7 130N Sample set_7_9 PIS_subtype 9 7 Abundance F7 130C Sample set_7_10 PIS 10 7 Abundance F7 131N Sample set_7_11 supermix 11 7 Abundance F7 131C Sample set_8_1 NA 1 8 Abundance F8 126 Sample set_8_2 POLEmut 2 8 Abundance F8 127N Sample set_8_3 p53abn 3 8 Abundance F8 127C Sample set_8_4 POLEmut 4 8 Abundance F8 128N Sample set_8_5 p53abn 5 8 Abundance F8 128C Sample set_8_6 POLEmut 6 8 Abundance F8 129N Sample set_8_7 p53abn 7 8 Abundance F8 129C Sample set_8_8 POLEmut 8 8 Abundance F8 130N Sample set_8_9 PIS_subtype 9 8 Abundance F8 130C Sample set_8_10 PIS 10 8 Abundance F8 131N Sample set_8_11 supermix 11 8 Abundance F8 131C Sample set_9_1 POLEmut 1 9 Abundance F9 126 Sample set_9_2 MMRd 2 9 Abundance F9 127N Sample set_9_3 POLEmut 3 9 Abundance F9 127C Sample set_9_4 MMRd 4 9 Abundance F9 128N Sample set_9_5 POLEmut 5 9 Abundance F9 128C Sample set_9_6 MMRd 6 9 Abundance F9 129N Sample set_9_7 POLEmut 7 9 Abundance F9 129C Sample set_9_8 MMRd 8 9 Abundance F9 130N Sample set_9_9 PIS_subtype 9 9 Abundance F9 130C Sample set_9_10 PIS 10 9 Abundance F9 131N Sample set_9_11 supermix 11 9 Abundance F9 131C Sample set_10_1 NSMP 1 10 Abundance F10 126 Sample set_10_2 p53abn 2 10 Abundance F10 127N Sample set_10_3 NSMP 3 10 Abundance F10 127C Sample set_10_4 p53abn 4 10 Abundance F10 128N Sample set_10_5 NSMP 5 10 Abundance F10 128C Sample set_10_6 p53abn 6 10 Abundance F10 129N Sample set_10_7 NSMP 7 10 Abundance F10 129C Sample set_10_8 p53abn 8 10 Abundance F10 130N Sample set_10_9 PIS_subtype 9 10 Abundance F10 130C Sample set_10_10 PIS 10 10 Abundance F10 131N Sample set_10_11 supermix 11 10 Abundance F10 131C Sample set_11_1 POLEmut 1 11 Abundance F11 126 Sample set_11_2 NSMP 2 11 Abundance F11 127N Sample set_11_3 POLEmut 3 11 Abundance F11 127C Sample set_11_4 NSMP 4 11 Abundance F11 128N Sample set_11_5 POLEmut 5 11 Abundance F11 128C Sample set_11_6 NSMP 6 11 Abundance F11 129N Sample set_11_7 POLEmut 7 11 Abundance F11 129C Sample set_11_8 NSMP 8 11 Abundance F11 130N Sample set_11_9 PIS_subtype 9 11 Abundance F11 130C Sample set_11_10 PIS 10 11 Abundance F11 131N Sample set_11_11 supermix 11 11 Abundance F11 131C Sample set_12_1 p53abn 1 12 Abundance F12 126 Sample set_12_2 MMRd 2 12 Abundance F12 127N Sample set_12_3 p53abn 3 12 Abundance F12 127C Sample set_12_4 MMRd 4 12 Abundance F12 128N Sample set_12_5 p53abn 5 12 Abundance F12 128C Sample set_12_6 POLEmut 6 12 Abundance F12 129N Sample set_12_7 p53abn 7 12 Abundance F12 129C Sample set_12_8 MMRd 8 12 Abundance F12 130N Sample set_12_9 PIS_subtype 9 12 Abundance F12 130C Sample set_12_10 PIS 10 12 Abundance F12 131N Sample set_12_11 supermix 11 12 Abundance F12 131C Sample set_13_1 MMRd 1 13 Abundance F13 126 Sample set_13_2 MMRd 2 13 Abundance F13 127N Sample set_13_3 MMRd 3 13 Abundance F13 127C Sample set_13_4 MMRd 4 13 Abundance F13 128N Sample set_13_5 NSMP 5 13 Abundance F13 128C Sample set_13_6 MMRd 6 13 Abundance F13 129N Sample set_13_7 NSMP 7 13 Abundance F13 129C Sample set_13_8 MMRd 8 13 Abundance F13 130N Sample set_13_9 PIS_subtype 9 13 Abundance F13 130C Sample set_13_10 PIS 10 13 Abundance F13 131N Sample set_13_11 supermix 11 13 Abundance F13 131C Sample set_14_1 POLEmut 1 14 Abundance F14 126 Sample set_14_2 p53abn 2 14 Abundance F14 127N Sample set_14_3 POLEmut 3 14 Abundance F14 127C Sample set_14_4 p53abn 4 14 Abundance F14 128N Sample set_14_5 POLEmut 5 14 Abundance F14 128C Sample set_14_6 p53abn 6 14 Abundance F14 129N Sample set_14_7 POLEmut 7 14 Abundance F14 129C Sample set_14_8 p53abn 8 14 Abundance F14 130N Sample set_14_9 PIS_subtype 9 14 Abundance F14 130C Sample set_14_10 PIS 10 14 Abundance F14 131N Sample set_14_11 supermix 11 14 Abundance F14 131C Sample set_15_1 MMRd 1 15 Abundance F15 126 Sample set_15_2 MMRd 2 15 Abundance F15 127N Sample set_15_3 MMRd 3 15 Abundance F15 127C Sample set_15_4 MMRd 4 15 Abundance F15 128N Sample set_15_5 MMRd 5 15 Abundance F15 128C Sample set_15_6 POLEmut 6 15 Abundance F15 129N Sample set_15_7 MMRd 7 15 Abundance F15 129C Sample set_15_8 POLEmut 8 15 Abundance F15 130N Sample set_15_9 PIS_subtype 9 15 Abundance F15 130C Sample set_15_10 PIS 10 15 Abundance F15 131N Sample set_15_11 supermix 11 15 Abundance F15 131C Sample set_16_1 NSMP 1 16 Abundance F16 126 Sample set_16_2 p53abn 2 16 Abundance F16 127N Sample set_16_3 MMRd 3 16 Abundance F16 127C Sample set_16_4 p53abn 4 16 Abundance F16 128N Sample set_16_5 MMRd 5 16 Abundance F16 128C Sample set_16_6 p53abn 6 16 Abundance F16 129N Sample set_16_7 NSMP 7 16 Abundance F16 129C Sample set_16_8 p53abn 8 16 Abundance F16 130N Sample set_16_9 PIS_subtype 9 16 Abundance F16 130C Sample set_16_10 PIS 10 16 Abundance F16 131N Sample set_16_11 supermix 11 16 Abundance F16 131C Sample set_17_1 NSMP 1 17 Abundance F17 126 Sample set_17_2 POLEmut 2 17 Abundance F17 127N Sample set_17_3 NSMP 3 17 Abundance F17 127C Sample set_17_4 POLEmut 4 17 Abundance F17 128N Sample set_17_5 NSMP 5 17 Abundance F17 128C Sample set_17_6 POLEmut 6 17 Abundance F17 129N Sample set_17_7 NSMP 7 17 Abundance F17 129C Sample set_17_8 NSMP 8 17 Abundance F17 130N Sample set_17_9 PIS_subtype 9 17 Abundance F17 130C Sample set_17_10 PIS 10 17 Abundance F17 131N Sample set_17_11 supermix 11 17 Abundance F17 131C Sample set_18_1 MMRd 1 18 Abundance F18 126 Sample set_18_2 p53abn 2 18 Abundance F18 127N Sample set_18_3 POLEmut 3 18 Abundance F18 127C Sample set_18_4 p53abn 4 18 Abundance F18 128N Sample set_18_5 MMRd 5 18 Abundance F18 128C Sample set_18_6 p53abn 6 18 Abundance F18 129N Sample set_18_7 MMRd 7 18 Abundance F18 129C Sample set_18_8 p53abn 8 18 Abundance F18 130N Sample set_18_9 PIS_subtype 9 18 Abundance F18 130C Sample set_18_10 PIS 10 18 Abundance F18 131N Sample set_18_11 supermix 11 18 Abundance F18 131C Sample set_19_1 MMRd 1 19 Abundance F19 126 Sample set_19_2 MMRd 2 19 Abundance F19 127N Sample set_19_3 MMRd 3 19 Abundance F19 127C Sample set_19_4 MMRd 4 19 Abundance F19 128N Sample set_19_5 MMRd 5 19 Abundance F19 128C Sample set_19_6 NSMP 6 19 Abundance F19 129N Sample set_19_7 MMRd 7 19 Abundance F19 129C Sample set_19_8 NSMP 8 19 Abundance F19 130N Sample set_19_9 PIS_subtype 9 19 Abundance F19 130C Sample set_19_10 PIS 10 19 Abundance F19 131N Sample set_19_11 supermix 11 19 Abundance F19 131C Sample set_20_1 POLEmut 1 20 Abundance F20 126 Sample set_20_2 MMRd 2 20 Abundance F20 127N Sample set_20_3 POLEmut 3 20 Abundance F20 127C Sample set_20_4 MMRd 4 20 Abundance F20 128N Sample set_20_5 POLEmut 5 20 Abundance F20 128C Sample set_20_6 MMRd 6 20 Abundance F20 129N Sample set_20_7 POLEmut 7 20 Abundance F20 129C Sample set_20_8 MMRd 8 20 Abundance F20 130N Sample set_20_9 PIS_subtype 9 20 Abundance F20 130C Sample set_20_10 PIS 10 20 Abundance F20 131N Sample set_20_11 supermix 11 20 Abundance F20 131C Sample set_21_1 POLEmut 1 21 Abundance F21 126 Sample set_21_2 NSMP 2 21 Abundance F21 127N Sample set_21_3 POLEmut 3 21 Abundance F21 127C Sample set_21_4 NSMP 4 21 Abundance F21 128N Sample set_21_5 POLEmut 5 21 Abundance F21 128C Sample set_21_6 p53abn 6 21 Abundance F21 129N Sample set_21_7 POLEmut 7 21 Abundance F21 129C Sample set_21_8 NSMP 8 21 Abundance F21 130N Sample set_21_9 PIS_subtype 9 21 Abundance F21 130C Sample set_21_10 PIS 10 21 Abundance F21 131N Sample set_21_11 supermix 11 21 Abundance F21 131C Sample set_22_1 MMRd 1 22 Abundance F22 126 Sample set_22_2 NSMP 2 22 Abundance F22 127N Sample set_22_3 MMRd 3 22 Abundance F22 127C Sample set_22_4 NSMP 4 22 Abundance F22 128N Sample set_22_5 MMRd 5 22 Abundance F22 128C Sample set_22_6 NSMP 6 22 Abundance F22 129N Sample set_22_7 MMRd 7 22 Abundance F22 129C Sample set_22_8 NSMP 8 22 Abundance F22 130N Sample set_22_9 PIS_subtype 9 22 Abundance F22 130C Sample set_22_10 PIS 10 22 Abundance F22 131N Sample set_22_11 supermix 11 22 Abundance F22 131C Sample set_23_1 POLEmut 1 23 Abundance F23 126 Sample set_23_2 NSMP 2 23 Abundance F23 127N Sample set_23_3 POLEmut 3 23 Abundance F23 127C Sample set_23_4 NSMP 4 23 Abundance F23 128N Sample set_23_5 POLEmut 5 23 Abundance F23 128C Sample set_23_6 NSMP 6 23 Abundance F23 129N Sample set_23_7 POLEmut 7 23 Abundance F23 129C Sample set_23_8 NSMP 8 23 Abundance F23 130N Sample set_23_9 PIS_subtype 9 23 Abundance F23 130C Sample set_23_10 PIS 10 23 Abundance F23 131N Sample set_23_11 supermix 11 23 Abundance F23 131C Sample,,,184.0,182,Channel total intensity scaled to 1e08; S/N normalized to PIS channel ratio; peptide-level median of 3 PSMs with lowest isolation interference; median aggregation to protein level,,,UniProt,2018.0,"Fixed: Carbamidomethyl (C), TMT (N-term); Variable: Oxidation (M), Acetylation (Protein N-term), Methylation (K), TMT (K)",0.01,result_PXD057700.xlsx,https://www.omicsdi.org/dataset/pride/PXD057700,"Proteomic profiling identified four proteomic clusters (Adhesion, Immune, Proliferation, Metabolic) with distinct prognosis and showed high reproducibility between replicate tumor blocks and matched biopsy-hysterectomy pairs.",Main subtype analysis used only 148 hysterectomy samples; 23 biopsies and 11 replicate hysterectomy samples were used for concordance/reproducibility analyses; no healthy controls; PRIDE metadata may incompletely annotate TMT type.,Log-transformed
PRIDE,PXD057703,39689157,Multiomic profiling of chronically activated CD4+ T cells identifies drivers of exhaustion and metabolic reprogramming,5,,,4.0,1,,2,CD4+ CD45RO+ memory T cells isolated from PBMCs of healthy donors,Primary cells,Blood,Blood,,,Normal,,,T-cell exhaustion,Chronic stimulation (in vitro),,TMT-based quantitative proteomic and phosphoproteomic time-course profiling of chronically stimulated CD4+ T cells to study exhaustion dynamics and metabolic reprogramming,"Time-course (Rest, Day6, Day8, Day10, Day12); each in 3 biological replicates; TMT multiplexing",Orbitrap Exploris,TMTpro 16-plex,8401.0,15,Rest vs Day6 vs Day8 vs Day10 vs Day12; Day12 vs Rest; Day12 vs Day6,,15.0,15,LOESS normalization; reporter ion intensity normalization,Protein,Row-wise,UniProt,,"Fixed: TMTpro (K, Protein N-term); Carbamidomethyl (C). Variable: Oxidation (M)",0.01,result_PXD057703.xlsx,https://www.omicsdi.org/dataset/pride/PXD057703,"Drivers of exhaustion (p300), metabolic shift",Not cancer; in vitro immune model,Log-transformed
PRIDE,PXD058689,40254573,Histology-resolved proteomics of epithelial compartments in low- and high-grade prostate cancer,55,21.0,34.0,0.0,0,0.0,30,LMD-enriched tumor epithelium (ET) and matched benign epithelium (BE) from FFPE prostate cancer specimens,Tissue,Prostate epithelium,Prostate,Acinar adenocarcinoma,,,,,,Prostate cancer,Gleason 6; Gleason 9,Case-only; histology-resolved; epithelial compartment; laser microdissection; TMT,Deep proteomic profiling of epithelial compartments (ET and matched BE) comparing low- and high-grade prostate cancer,Orbitrap Fusion Lumos,TMT 11-plex,8010.0,POOL N/A N/A N/A TMT11 N/A N/A N/A N/A TMT11 J4248 461848 Enriched.Tumor Bio_NB TMT11 J4248 461848 Benign.Epithelium Bio_NB TMT11 J4254 461841 Enriched.Tumor N/A TMT11 J4255 461843 Benign.Epithelium N/A TMT11 J4253 461856 Enriched.Tumor Bio_NB TMT11 J4257 461855 Enriched.Tumor Bio_NB TMT11 J4257 461855 Benign.Epithelium Bio_NB TMT11 J4266 461839 Enriched.Tumor N/A TMT11 J4262 461863 Enriched.Tumor Bio_NB TMT11 POOL N/A N/A N/A TMT11 J4262 461863 Benign.Epithelium Bio_NB TMT11 J4274 461832 Enriched.Tumor N/A TMT11 N/A N/A N/A N/A TMT11 J4249 461846 Enriched.Tumor N/A TMT11 J4251 461853 Benign.Epithelium N/A TMT11 J4255 461843 Enriched.Tumor N/A TMT11 J4267 461837 Benign.Epithelium N/A TMT11 J4253 461857 Enriched.Tumor Bio_NB TMT11 J4261 461860 Enriched.Tumor N/A TMT11 J4261 461860 Benign.Epithelium N/A TMT11 POOL N/A N/A N/A TMT11 J4267 461837 Enriched.Tumor N/A TMT11 J4263 461864 Enriched.Tumor Bio_NB TMT11 J4263 461864 Benign.Epithelium Bio_NB TMT11 J4275 461834 Enriched.Tumor N/A TMT11 N/A N/A N/A N/A TMT11 J4250 461845 Enriched.Tumor N/A TMT11 J4252 461859 Benign.Epithelium N/A TMT11 J4258 461842 Enriched.Tumor N/A TMT11 J4268 461836 Benign.Epithelium N/A TMT11 J4256 461858 Enriched.Tumor N/A TMT11 POOL N/A N/A N/A TMT11 J4261 461861 Enriched.Tumor Bio_NB TMT11 J4261 461861 Benign.Epithelium Bio_NB TMT11 J4268 461836 Enriched.Tumor N/A TMT11 J4263 461865 Enriched.Tumor Bio_NB TMT11 J4263 461865 Benign.Epithelium Bio_NB TMT11 J4276 461844 Enriched.Tumor N/A TMT11 N/A N/A N/A N/A TMT11 J4251 461853 Enriched.Tumor N/A TMT11 J4253 461856 Benign.Epithelium Bio_NB TMT11 J4259 461840 Enriched.Tumor N/A TMT11 POOL N/A N/A N/A TMT11 J4270 461831 Benign.Epithelium N/A TMT11 J4257 461854 Enriched.Tumor Bio_NB TMT11 J4262 461862 Enriched.Tumor N/A TMT11 J4262 461862 Benign.Epithelium N/A TMT11 J4269 461835 Enriched.Tumor N/A TMT11 J4264 461866 Enriched.Tumor N/A TMT11 J4264 461866 Benign.Epithelium N/A TMT11 J4246 461852 Enriched.Tumor Bio_NB TMT11 N/A N/A N/A N/A TMT11 J4252 461859 Enriched.Tumor N/A TMT11 POOL N/A N/A N/A TMT11 J4253 461857 Benign.Epithelium Bio_NB TMT11 J4265 461838 Enriched.Tumor N/A TMT11 J4256 461858 Benign.Epithelium N/A TMT11 J4270 461831 Enriched.Tumor N/A TMT11 J4271 461829 Enriched.Tumor N/A TMT11 J4274 461832 Benign.Epithelium N/A TMT11 J4273 461833 Enriched.Tumor N/A TMT11 J4246 461851 Enriched.Tumor Bio_NB TMT11 J4246 461851 Benign.Epithelium Bio_NB TMT11 J4246 461852 Benign.Epithelium Bio_NB TMT11 POOL N/A N/A N/A TMT11 J4266 461839 Enriched.Stroma_Benign Tech TMT11 J4275 461834 Enriched.Stroma_Tumor-Involved N/A TMT11 J4249 461846 Enriched.Stroma_Benign N/A TMT11 J4250 461845 Enriched.Stroma_Tumor-Involved N/A TMT11 J4276 461844 Enriched.Stroma_Benign N/A TMT11 J4257 461855 Enriched.Stroma_Tumor-Involved Bio_NB TMT11 J4256 461858 Enriched.Stroma_Tumor-Involved N/A TMT11 J4268 461836 Enriched.Stroma_Benign Tech TMT11 J4262 461863 Enriched.Stroma_Benign Bio_NB TMT11 J4246 461851 Enriched.Stroma_Tumor-Involved Bio_NB TMT11 POOL N/A N/A N/A TMT11 J4266 461839 Enriched.Stroma_Benign Tech TMT11 J4261 461861 Enriched.Stroma_Benign Bio_NB TMT11 J4267 461837 Enriched.Stroma_Tumor-Involved N/A TMT11 J4250 461845 Enriched.Stroma_Benign N/A TMT11 J4268 461836 Enriched.Stroma_Benign Tech TMT11 J4263 461864 Enriched.Stroma_Tumor-Involved Bio_NB TMT11 J4270 461831 Enriched.Stroma_Benign N/A TMT11 J4248 461847 Enriched.Stroma_Tumor-Involved Bio_NB TMT11 J4253 461857 Enriched.Stroma_Benign Bio_NB TMT11 J4260 461867 Enriched.Stroma_Benign N/A TMT11 POOL N/A N/A N/A TMT11 J4251 461853 Enriched.Stroma_Benign Tech TMT11 J4256 461858 Enriched.Stroma_Benign N/A TMT11 J4249 461846 Enriched.Stroma_Tumor-Involved N/A TMT11 J4274 461832 Enriched.Stroma_Tumor-Involved N/A TMT11 J4254 461841 Enriched.Stroma_Tumor-Involved Tech TMT11 J4273 461833 Enriched.Stroma_Tumor-Involved N/A TMT11 J4260 461867 Enriched.Stroma_Tumor-Involved N/A TMT11 J4263 461865 Enriched.Stroma_Benign Bio_NB TMT11 J4247 461849 Enriched.Stroma_Benign Bio_NB TMT11 J4269 461835 Enriched.Stroma_Tumor-Involved N/A TMT11 POOL N/A N/A N/A TMT11 J4257 461855 Enriched.Stroma_Benign Bio_NB TMT11 J4254 461841 Enriched.Stroma_Tumor-Involved Tech TMT11 J4246 461852 Enriched.Stroma_Benign Bio_NB TMT11 J4270 461831 Enriched.Stroma_Tumor-Involved N/A TMT11 J4255 461843 Enriched.Stroma_Benign N/A TMT11 J4261 461860 Enriched.Stroma_Benign Bio_NB TMT11 J4271 461829 Enriched.Stroma_Tumor-Involved N/A TMT11 J4252 461859 Enriched.Stroma_Tumor-Involved Tech TMT11 J4252 461859 Enriched.Stroma_Benign N/A TMT11 J4248 461847 Enriched.Stroma_Benign Bio_NB TMT11 POOL N/A N/A N/A TMT11 J4247 461850 Enriched.Stroma_Benign Bio_NB TMT11 J4275 461834 Enriched.Stroma_Benign N/A TMT11 J4255 461843 Enriched.Stroma_Tumor-Involved N/A TMT11 J4254 461841 Enriched.Stroma_Benign N/A TMT11 J4261 461861 Enriched.Stroma_Tumor-Involved Bio_NB TMT11 J4248 461848 Enriched.Stroma_Tumor-Involved Bio_NB TMT11 J4253 461856 Enriched.Stroma_Benign Bio_NB;Tech TMT11 J4259 461840 Enriched.Stroma_Benign N/A TMT11 J4253 461856 Enriched.Stroma_Tumor-Involved Bio_NB TMT11 J4269 461835 Enriched.Stroma_Benign N/A TMT11 POOL N/A N/A N/A TMT11 J4251 461853 Enriched.Stroma_Benign Tech TMT11 J4276 461844 Enriched.Stroma_Tumor-Involved N/A TMT11 J4257 461854 Enriched.Stroma_Benign Bio_NB TMT11 J4252 461859 Enriched.Stroma_Tumor-Involved Tech TMT11 J4264 461866 Enriched.Stroma_Benign N/A TMT11 J4262 461862 Enriched.Stroma_Benign Bio_NB TMT11 J4261 461860 Enriched.Stroma_Tumor-Involved Bio_NB TMT11 J4274 461832 Enriched.Stroma_Benign N/A TMT11 J4248 461848 Enriched.Stroma_Benign Bio_NB TMT11 J4246 461852 Enriched.Stroma_Tumor-Involved Bio_NB TMT11 POOL N/A N/A N/A TMT11 J4271 461829 Enriched.Stroma_Benign N/A TMT11 J4257 461854 Enriched.Stroma_Tumor-Involved Bio_NB TMT11 J4263 461864 Enriched.Stroma_Benign Bio_NB TMT11 J4246 461851 Enriched.Stroma_Benign Bio_NB TMT11 J4262 461863 Enriched.Stroma_Tumor-Involved Bio_NB TMT11 J4253 461857 Enriched.Stroma_Tumor-Involved Bio_NB TMT11 J4253 461856 Enriched.Stroma_Benign Bio_NB;Tech TMT11 J4267 461837 Enriched.Stroma_Benign N/A TMT11 J4265 461838 Enriched.Stroma_Benign N/A TMT11 J4268 461836 Enriched.Stroma_Tumor-Involved Bio_NB TMT11,Tumor vs benign; Gleason 6 vs Gleason 9,Pool/reference channel(s),55.0,55,Not specified,,,UniProt,2021.0,Fixed: TMT labeling (lysine residues / peptide N-termini). Variable: Monohydroxylated residue.,0.01,result_PXD058689.xlsx,https://www.ebi.ac.uk/pride/archive/projects/PXD058689,Strong grade-specific epithelial proteome differences; 789 proteins altered in Gleason 6 vs Gleason 9 ET,"BE are adjacent benign epithelial regions from cancer-bearing prostates, not healthy controls",Log-transformed
PRIDE,PXD058995,39914663,Proteogenomics Reveals Microproteins in Activated T Cells,9,0.0,0.0,0.0,3,6.0,3,Primary human peripheral blood T cells,Primary cells,Blood,Hematopoietic / immune system,,,,,,,Healthy donor T-cell activation model,,"3 donors × 3 conditions: unstimulated, PMA/Ionomycin, anti-CD3/CD28",TMTpro global proteomics of activated versus resting primary human T cells; part of integrated proteogenomic study,Orbitrap Exploris 480,TMTpro 16-plex,,"Column Detailed annotation Ctrl_1, Ctrl_2, Ctrl_3 Proteomic intensities measured in unstimulated primary human T cells derived from three independent donors; these samples represent the resting-state reference condition","Column Detailed annotation PMA/IONO_1, PMA/IONO_2, PMA/IONO_3 Proteomic intensities measured in primary human T cells from three independent donors following 24 h stimulation with PMA/ionomycin; this condition reflects pharmacological distal activation through PKC signaling and calcium influx CD3CD28_1, CD3CD28_2, CD3CD28_3 Proteomic intensities measured in primary human T cells from three independent donors following 24 h stimulation with anti-CD3/CD28-coated microbeads; this condition reflects receptor-mediated proximal activation through TCR/CD28 co-stimulation",,9.0,9,Normalized reporter ion intensities exported from Proteome Discoverer,,,UniProt,2020.0,"Fixed: Carbamidomethyl (C); TMTpro (K, Protein N-term). Variable: Oxidation (M); Acetyl (Protein N-term).",0.01,result_PXD058995.xlsx,https://www.omicsdi.org/dataset/pride/PXD058995,Proteogenomics reveals microproteins in activated T cells,,Log-transformed
PRIDE,PXD059755,39947398,HEXB Drives Raised Paucimannosylation in Colorectal Cancer and Stratifies Patient Risk,10,0.0,5.0,0.0,5,0.0,10,FFPE colorectal tumor tissue and NAT,Tissue,Colon; Rectum,Gastrointestinal,Colorectal adenocarcinoma,,,,,,Colorectal Cancer,Stage II; Adjacent normal.,Validation FFPE tissue proteomics,FFPE validation cohort confirming tumor vs NAT differences,Q Exactive HF-X,TMT 10-plex,391.0,P10_Adh_01 P10_Adh_02 P10_Sph_01 P10_Sph_02 P1_Adh_01 P1_Adh_02 P1_Sph_01 P1_Sph_02 P2_Adh_01 P2_Adh_02 P2_Sph_01 P2_Sph_02 P3_Adh_01 P3_Adh_02 P3_Sph_01 P3_Sph_02 P4_Adh_01 P4_Adh_02 P4_Sph_01 P4_Sph_02 P5_Adh_01 P5_Adh_02 P5_Sph_01 P5_Sph_02 P6_Adh_01 P6_Adh_02 P6_Sph_01 P6_Sph_02 P7_Adh_01 P7_Adh_02 P7_Sph_01 P7_Sph_02 P8_Adh_01 P8_Adh_02 P8_Sph_01 P8_Sph_02 P9_Adh_01 P9_Adh_02 P9_Sph_01 P9_Sph_02,TUM vs NAT,No pooled healthy controls,10.0,10,Within-set channel normalization,,Global,UniProt,2019.0,Carbamidomethyl(C); Oxidation(M); Acetyl(N-term); TMT Lys/N-term,0.01,result_PXD059755.xlsx,https://www.omicsdi.org/dataset/pride/PXD059755,FFPE dataset validated tissue proteomic differences seen in fresh frozen samples,Small cohort; single Stage II context; lower depth; FFPE constraints,Normalized
PRIDE,PXD060290,40749681,Proteogenomic characterization unveils biomarkers associated with chemoresistance in muscle-invasive bladder cancer,60,0.0,46.0,14.0,0,0.0,45,Human MIBC tumor tissues; pre-treatment tumors and post-treatment residual tumor biopsies; snap frozen samples with some OCT-fixed samples processed by BioTExt,Tissue,Bladder tumor tissue,Bladder,Muscle-invasive urothelial bladder carcinoma,,,,,,Bladder cancer,MIBC; chemosensitive; chemoresistant,Multi-omics clinical cohort; pre- vs post-cisplatin-based chemotherapy; sensitive vs resistant; subset with matched pre/post pairs; TMT proteomics + phosphoproteomics + WES + RNA-seq,Comprehensive proteogenomic characterization of MIBC to define mechanisms of chemoresistance and identify therapeutic opportunities,Orbitrap Fusion Lumos,TMT 11-plex,11596.0,"Без воздействия (Pre, до терапии) BGB006246_Pre, BGB007633_Pre, BGB036947_Pre, BGB037990_Pre, BGB046071_Pre, BGB057580_Pre, BGB080283_Pre, BGB121254_Pre, BGB146938_Pre, BGB219930_Pre, BGB221023_Pre, BGB269705_Pre, BGB291914_Pre, BGB352747_Pre, BGB402757_Pre, BGB412979_Pre, BGB450466_Pre, BGB552753_Pre, BGB581979_Pre, BGB584226_Pre, BGB598484_Pre, BGB609673_Pre, BGB613257_Pre, BGB678538_Pre, BGB680543_Pre, BGB751540_Pre, BGB763183_Pre, BGB763523_Pre, BGB817857_Pre, BGB924201_Pre, BGB940296_Pre, BGB959915_Pre, BGB974796_Pre, BGK0082_Pre, BGK0092_Pre, BGK0179_Pre, BGK0202_Pre, BGK0203_Pre, BGK0232_Pre, BGL116605_Pre, BGL138814_Pre, BGL243692_Pre, BGL324508_Pre, BGL575244_Pre, BGL592705_Pre, BGM538079_Pre","С воздействием (Post, после химиотерапии) BGB037990_Post, BGB046071_Post, BGB073160_Post, BGB352747_Post, BGB450466_Post, BGB581979_Post, BGB678538_Post, BGB727893_Post, BGB816748_Post, BGB824774_Post, BGB827680_Post, BGB938861_Post, BGL243692_Post, BGL324508_Post",,60.0,60,TMT ratio and median polishing normalization,,,,,Fixed: Carbamidomethyl(C); TMT(K); TMT(N-term); Variable: Oxidation(M),0.01,result_PXD060290.xlsx,https://www.omicsdi.org/dataset/pride/PXD060290,ATAD1 short isoform and RAF-family proteins associate with chemosensitivity; GSK3B-S9/Wnt and JAK/STAT associate with chemoresistance; PD-L1 relationship with TROP-2/NECTIN-4 suggests additive combination targeting,"PRIDE summary says 60 tumors, but Results analyze 57 proteogenomic tissues from 45 selected patients and exclude 2 failed post-treatment samples downstream; patient/sample counts differ by analysis layer",Normalized
PRIDE,PXD066224,40826002,Proteogenomic characterization of invasive breast tumors in young women,68,,34.0,,34,,68,Pre-treatment primary invasive breast tumors; laser microdissected tumor epithelium from OCT tissue,Tissue,Breast carcinoma epithelium,Breast,Invasive carcinoma,,,,,,Breast cancer,Young <40 vs older ≥60; luminal/basal-like,Case-control age comparison; matched cohort; proteomics + phosphoproteomics + RNA-seq + WGS + RPPA; TMT11plex,Integrated age-related proteogenomic profiling of 68 breast tumors,Q Exactive HF-X,TMT 11-plex,3.0,,,Internal pooled reference,68.0,68,Reference-channel normalization; cross-plex integration,,,UniProt,2017.0,"Fixed: Carbamidomethyl(C), TMT(K/N-term); Variable: Oxidation(M)",0.01,result_PXD066224.rar,https://www.omicsdi.org/dataset/pride/PXD066224,"Young tumors: lower ER protein, higher MYC/proliferation, lower immune signaling, distinct luminal clustering",Tumor-only cohort; batch effects possible; fractionated TMT design,Normalized
